nohup: ignoring input
[Warning] Fused window process have not been installed. Please refer to get_started.md for installation.
[Warning] Fused window process have not been installed. Please refer to get_started.md for installation.
[Warning] Fused window process have not been installed. Please refer to get_started.md for installation.
[Warning] Fused window process have not been installed. Please refer to get_started.md for installation.
[Warning] Fused window process have not been installed. Please refer to get_started.md for installation.
Using Pytorch  for DW-Conv
[Warning] Fused window process have not been installed. Please refer to get_started.md for installation.
[Warning] Fused window process have not been installed. Please refer to get_started.md for installation.
/home/jxzhu/HrNet/model/pvt_v2.py:332: UserWarning: Overwriting pvt_v2_b0 in registry with model.pvt_v2.pvt_v2_b0. This is because the name being registered conflicts with an existing name. Please check if this is not expected.
  def pvt_v2_b0(pretrained=False, **kwargs):
/home/jxzhu/HrNet/model/pvt_v2.py:343: UserWarning: Overwriting pvt_v2_b1 in registry with model.pvt_v2.pvt_v2_b1. This is because the name being registered conflicts with an existing name. Please check if this is not expected.
  def pvt_v2_b1(pretrained=False, **kwargs):
/home/jxzhu/HrNet/model/pvt_v2.py:354: UserWarning: Overwriting pvt_v2_b2 in registry with model.pvt_v2.pvt_v2_b2. This is because the name being registered conflicts with an existing name. Please check if this is not expected.
  def pvt_v2_b2(pretrained=False, **kwargs):
/home/jxzhu/HrNet/model/pvt_v2.py:364: UserWarning: Overwriting pvt_v2_b3 in registry with model.pvt_v2.pvt_v2_b3. This is because the name being registered conflicts with an existing name. Please check if this is not expected.
  def pvt_v2_b3(pretrained=False, **kwargs):
/home/jxzhu/HrNet/model/pvt_v2.py:375: UserWarning: Overwriting pvt_v2_b4 in registry with model.pvt_v2.pvt_v2_b4. This is because the name being registered conflicts with an existing name. Please check if this is not expected.
  def pvt_v2_b4(pretrained=False, **kwargs):
/home/jxzhu/HrNet/model/pvt_v2.py:386: UserWarning: Overwriting pvt_v2_b5 in registry with model.pvt_v2.pvt_v2_b5. This is because the name being registered conflicts with an existing name. Please check if this is not expected.
  def pvt_v2_b5(pretrained=False, **kwargs):
/home/jxzhu/HrNet/model/pvt_v2.py:397: UserWarning: Overwriting pvt_v2_b2_li in registry with model.pvt_v2.pvt_v2_b2_li. This is because the name being registered conflicts with an existing name. Please check if this is not expected.
  def pvt_v2_b2_li(pretrained=False, **kwargs):
Namespace(device='cuda:1', data_path='/home/jxzhu/HrNet/data2', fixed_size=[672, 672], num_joints=29, output_dir='/home/jxzhu/NewNet/weight1', resume='', start_epoch=0, epochs=300, lr_steps=[170, 200], lr_gamma=0.1, lr=0.001, weight_decay=0.0001, batch_size=4, amp=False)
Using cuda device training.
Epoch: [0]  [ 0/38]  eta: 0:01:55  lr: 0.000028  loss: 108.1219 (108.1219)  time: 3.0275  data: 1.1393  max mem: 0
Epoch: [0]  [37/38]  eta: 0:00:02  lr: 0.001000  loss: 101.6063 (104.3941)  time: 1.9909  data: 0.9425  max mem: 0
Epoch: [0] Total time: 0:01:17 (2.0279 s / it)
  [  0/150]  eta: 0:01:12    time: 0.4843  data: 0.2192  max mem: 0
  [ 40/150]  eta: 0:00:33    time: 0.3011  data: 0.2141  max mem: 0
  [ 80/150]  eta: 0:00:21    time: 0.3053  data: 0.2183  max mem: 0
  [120/150]  eta: 0:00:09    time: 0.3032  data: 0.2162  max mem: 0
  [149/150]  eta: 0:00:00    time: 0.3035  data: 0.2166  max mem: 0
 Total time: 0:00:46 (0.3075 s / it)
tensor(39.6435, device='cuda:1')
Epoch: [1]  [ 0/38]  eta: 0:01:14  lr: 0.001000  loss: 99.9238 (99.9238)  time: 1.9524  data: 0.8946  max mem: 0
Epoch: [1]  [37/38]  eta: 0:00:02  lr: 0.001000  loss: 79.0404 (92.1325)  time: 2.1094  data: 1.0719  max mem: 0
Epoch: [1] Total time: 0:01:20 (2.1187 s / it)
  [  0/150]  eta: 0:00:49    time: 0.3325  data: 0.2455  max mem: 0
  [ 40/150]  eta: 0:00:38    time: 0.3397  data: 0.2526  max mem: 0
  [ 80/150]  eta: 0:00:24    time: 0.3507  data: 0.2620  max mem: 0
  [120/150]  eta: 0:00:10    time: 0.3580  data: 0.2709  max mem: 0
  [149/150]  eta: 0:00:00    time: 0.3517  data: 0.2642  max mem: 0
 Total time: 0:00:52 (0.3496 s / it)
tensor(33.9669, device='cuda:1')
Epoch: [2]  [ 0/38]  eta: 0:01:24  lr: 0.001000  loss: 84.3040 (84.3040)  time: 2.2203  data: 1.1589  max mem: 0
Epoch: [2]  [37/38]  eta: 0:00:01  lr: 0.001000  loss: 63.2678 (75.4524)  time: 1.9372  data: 0.9029  max mem: 0
Epoch: [2] Total time: 0:01:13 (1.9442 s / it)
  [  0/150]  eta: 0:00:46    time: 0.3094  data: 0.2223  max mem: 0
  [ 40/150]  eta: 0:00:33    time: 0.2997  data: 0.2128  max mem: 0
  [ 80/150]  eta: 0:00:21    time: 0.3085  data: 0.2210  max mem: 0
  [120/150]  eta: 0:00:09    time: 0.3416  data: 0.2543  max mem: 0
  [149/150]  eta: 0:00:00    time: 0.3343  data: 0.2463  max mem: 0
 Total time: 0:00:47 (0.3150 s / it)
tensor(25.4810, device='cuda:1')
Epoch: [3]  [ 0/38]  eta: 0:01:13  lr: 0.001000  loss: 71.2769 (71.2769)  time: 1.9427  data: 0.8869  max mem: 0
Epoch: [3]  [37/38]  eta: 0:00:02  lr: 0.001000  loss: 58.1134 (65.4855)  time: 2.0002  data: 0.9652  max mem: 0
Epoch: [3] Total time: 0:01:16 (2.0041 s / it)
  [  0/150]  eta: 0:00:45    time: 0.3038  data: 0.2167  max mem: 0
  [ 40/150]  eta: 0:00:33    time: 0.3053  data: 0.2182  max mem: 0
  [ 80/150]  eta: 0:00:21    time: 0.3007  data: 0.2138  max mem: 0
  [120/150]  eta: 0:00:09    time: 0.3043  data: 0.2173  max mem: 0
  [149/150]  eta: 0:00:00    time: 0.3028  data: 0.2159  max mem: 0
 Total time: 0:00:46 (0.3089 s / it)
tensor(23.8887, device='cuda:1')
Epoch: [4]  [ 0/38]  eta: 0:01:15  lr: 0.001000  loss: 66.2778 (66.2778)  time: 1.9841  data: 0.9267  max mem: 0
Epoch: [4]  [37/38]  eta: 0:00:01  lr: 0.001000  loss: 52.8755 (60.9256)  time: 1.9563  data: 0.9209  max mem: 0
Epoch: [4] Total time: 0:01:14 (1.9484 s / it)
  [  0/150]  eta: 0:00:45    time: 0.3039  data: 0.2166  max mem: 0
  [ 40/150]  eta: 0:00:37    time: 0.3303  data: 0.2431  max mem: 0
  [ 80/150]  eta: 0:00:23    time: 0.3487  data: 0.2607  max mem: 0
  [120/150]  eta: 0:00:09    time: 0.3298  data: 0.2411  max mem: 0
  [149/150]  eta: 0:00:00    time: 0.3226  data: 0.2356  max mem: 0
 Total time: 0:00:50 (0.3337 s / it)
tensor(23.4904, device='cuda:1')
Epoch: [5]  [ 0/38]  eta: 0:01:15  lr: 0.001000  loss: 63.0173 (63.0173)  time: 1.9772  data: 0.9207  max mem: 0
Epoch: [5]  [37/38]  eta: 0:00:02  lr: 0.001000  loss: 50.6614 (56.9451)  time: 1.9635  data: 0.9289  max mem: 0
Epoch: [5] Total time: 0:01:16 (2.0196 s / it)
  [  0/150]  eta: 0:00:59    time: 0.3936  data: 0.3019  max mem: 0
  [ 40/150]  eta: 0:00:35    time: 0.3112  data: 0.2242  max mem: 0
  [ 80/150]  eta: 0:00:22    time: 0.3488  data: 0.2598  max mem: 0
  [120/150]  eta: 0:00:10    time: 0.3388  data: 0.2516  max mem: 0
  [149/150]  eta: 0:00:00    time: 0.3243  data: 0.2364  max mem: 0
 Total time: 0:00:49 (0.3322 s / it)
tensor(22.5604, device='cuda:1')
Epoch: [6]  [ 0/38]  eta: 0:01:18  lr: 0.001000  loss: 58.6505 (58.6505)  time: 2.0768  data: 1.0166  max mem: 0
Epoch: [6]  [37/38]  eta: 0:00:01  lr: 0.001000  loss: 48.0271 (53.8024)  time: 1.9167  data: 0.8829  max mem: 0
Epoch: [6] Total time: 0:01:14 (1.9732 s / it)
  [  0/150]  eta: 0:00:46    time: 0.3105  data: 0.2232  max mem: 0
  [ 40/150]  eta: 0:00:35    time: 0.3369  data: 0.2494  max mem: 0
  [ 80/150]  eta: 0:00:23    time: 0.3424  data: 0.2506  max mem: 0
  [120/150]  eta: 0:00:09    time: 0.3238  data: 0.2367  max mem: 0
  [149/150]  eta: 0:00:00    time: 0.3061  data: 0.2191  max mem: 0
 Total time: 0:00:49 (0.3268 s / it)
tensor(22.5096, device='cuda:1')
Epoch: [7]  [ 0/38]  eta: 0:01:14  lr: 0.001000  loss: 56.8596 (56.8596)  time: 1.9558  data: 0.8958  max mem: 0
Epoch: [7]  [37/38]  eta: 0:00:01  lr: 0.001000  loss: 43.1484 (51.3552)  time: 1.9032  data: 0.8686  max mem: 0
Epoch: [7] Total time: 0:01:13 (1.9429 s / it)
  [  0/150]  eta: 0:00:46    time: 0.3118  data: 0.2246  max mem: 0
  [ 40/150]  eta: 0:00:34    time: 0.3168  data: 0.2297  max mem: 0
  [ 80/150]  eta: 0:00:21    time: 0.3104  data: 0.2234  max mem: 0
  [120/150]  eta: 0:00:09    time: 0.3093  data: 0.2222  max mem: 0
  [149/150]  eta: 0:00:00    time: 0.3069  data: 0.2199  max mem: 0
 Total time: 0:00:46 (0.3108 s / it)
tensor(23.4948, device='cuda:1')
Epoch: [8]  [ 0/38]  eta: 0:01:17  lr: 0.001000  loss: 53.5858 (53.5858)  time: 2.0285  data: 0.9707  max mem: 0
Epoch: [8]  [37/38]  eta: 0:00:01  lr: 0.001000  loss: 40.6292 (49.7000)  time: 1.9662  data: 0.9323  max mem: 0
Epoch: [8] Total time: 0:01:15 (1.9870 s / it)
  [  0/150]  eta: 0:00:47    time: 0.3150  data: 0.2278  max mem: 0
  [ 40/150]  eta: 0:00:34    time: 0.3093  data: 0.2223  max mem: 0
  [ 80/150]  eta: 0:00:21    time: 0.3091  data: 0.2221  max mem: 0
  [120/150]  eta: 0:00:09    time: 0.3403  data: 0.2519  max mem: 0
  [149/150]  eta: 0:00:00    time: 0.3102  data: 0.2232  max mem: 0
 Total time: 0:00:47 (0.3148 s / it)
tensor(21.7662, device='cuda:1')
Epoch: [9]  [ 0/38]  eta: 0:01:13  lr: 0.001000  loss: 52.4513 (52.4513)  time: 1.9328  data: 0.8732  max mem: 0
Epoch: [9]  [37/38]  eta: 0:00:01  lr: 0.001000  loss: 37.1893 (46.8955)  time: 1.9512  data: 0.9161  max mem: 0
Epoch: [9] Total time: 0:01:15 (1.9818 s / it)
  [  0/150]  eta: 0:00:46    time: 0.3090  data: 0.2220  max mem: 0
  [ 40/150]  eta: 0:00:37    time: 0.3528  data: 0.2653  max mem: 0
  [ 80/150]  eta: 0:00:23    time: 0.3249  data: 0.2367  max mem: 0
  [120/150]  eta: 0:00:09    time: 0.3190  data: 0.2318  max mem: 0
  [149/150]  eta: 0:00:00    time: 0.3511  data: 0.2636  max mem: 0
 Total time: 0:00:50 (0.3347 s / it)
tensor(19.0577, device='cuda:1')
Epoch: [10]  [ 0/38]  eta: 0:01:18  lr: 0.001000  loss: 48.1154 (48.1154)  time: 2.0580  data: 1.0022  max mem: 0
Epoch: [10]  [37/38]  eta: 0:00:01  lr: 0.001000  loss: 33.6201 (43.3531)  time: 1.9351  data: 0.9013  max mem: 0
Epoch: [10] Total time: 0:01:14 (1.9705 s / it)
  [  0/150]  eta: 0:00:46    time: 0.3079  data: 0.2208  max mem: 0
  [ 40/150]  eta: 0:00:34    time: 0.3132  data: 0.2240  max mem: 0
  [ 80/150]  eta: 0:00:21    time: 0.3102  data: 0.2232  max mem: 0
  [120/150]  eta: 0:00:09    time: 0.3143  data: 0.2272  max mem: 0
  [149/150]  eta: 0:00:00    time: 0.3111  data: 0.2241  max mem: 0
 Total time: 0:00:46 (0.3119 s / it)
tensor(13.9759, device='cuda:1')
Epoch: [11]  [ 0/38]  eta: 0:01:14  lr: 0.001000  loss: 45.2712 (45.2712)  time: 1.9611  data: 0.9043  max mem: 0
Epoch: [11]  [37/38]  eta: 0:00:01  lr: 0.001000  loss: 30.5346 (40.9170)  time: 1.9474  data: 0.9141  max mem: 0
Epoch: [11] Total time: 0:01:14 (1.9572 s / it)
  [  0/150]  eta: 0:00:46    time: 0.3110  data: 0.2238  max mem: 0
  [ 40/150]  eta: 0:00:35    time: 0.3243  data: 0.2350  max mem: 0
  [ 80/150]  eta: 0:00:22    time: 0.3130  data: 0.2258  max mem: 0
  [120/150]  eta: 0:00:09    time: 0.3110  data: 0.2240  max mem: 0
  [149/150]  eta: 0:00:00    time: 0.3106  data: 0.2235  max mem: 0
 Total time: 0:00:47 (0.3152 s / it)
tensor(14.3509, device='cuda:1')
Epoch: [12]  [ 0/38]  eta: 0:01:19  lr: 0.001000  loss: 42.8568 (42.8568)  time: 2.0976  data: 1.0385  max mem: 0
Epoch: [12]  [37/38]  eta: 0:00:01  lr: 0.001000  loss: 27.5511 (36.9871)  time: 1.9305  data: 0.8971  max mem: 0
Epoch: [12] Total time: 0:01:14 (1.9725 s / it)
  [  0/150]  eta: 0:00:51    time: 0.3453  data: 0.2578  max mem: 0
  [ 40/150]  eta: 0:00:36    time: 0.3410  data: 0.2537  max mem: 0
  [ 80/150]  eta: 0:00:23    time: 0.3456  data: 0.2579  max mem: 0
  [120/150]  eta: 0:00:10    time: 0.3240  data: 0.2353  max mem: 0
  [149/150]  eta: 0:00:00    time: 0.3272  data: 0.2400  max mem: 0
 Total time: 0:00:50 (0.3334 s / it)
tensor(14.6121, device='cuda:1')
Epoch: [13]  [ 0/38]  eta: 0:01:17  lr: 0.001000  loss: 41.1700 (41.1700)  time: 2.0437  data: 0.9855  max mem: 0
Epoch: [13]  [37/38]  eta: 0:00:01  lr: 0.001000  loss: 25.6520 (34.5150)  time: 1.9923  data: 0.9573  max mem: 0
Epoch: [13] Total time: 0:01:15 (1.9956 s / it)
  [  0/150]  eta: 0:00:47    time: 0.3136  data: 0.2264  max mem: 0
  [ 40/150]  eta: 0:00:34    time: 0.3162  data: 0.2290  max mem: 0
  [ 80/150]  eta: 0:00:22    time: 0.3170  data: 0.2299  max mem: 0
  [120/150]  eta: 0:00:09    time: 0.3140  data: 0.2268  max mem: 0
  [149/150]  eta: 0:00:00    time: 0.3173  data: 0.2302  max mem: 0
 Total time: 0:00:47 (0.3160 s / it)
tensor(13.0441, device='cuda:1')
Epoch: [14]  [ 0/38]  eta: 0:01:15  lr: 0.001000  loss: 36.6546 (36.6546)  time: 1.9840  data: 0.9276  max mem: 0
Epoch: [14]  [37/38]  eta: 0:00:02  lr: 0.001000  loss: 27.1259 (34.5635)  time: 2.0511  data: 1.0149  max mem: 0
Epoch: [14] Total time: 0:01:17 (2.0267 s / it)
  [  0/150]  eta: 0:00:51    time: 0.3459  data: 0.2587  max mem: 0
  [ 40/150]  eta: 0:00:36    time: 0.3231  data: 0.2361  max mem: 0
  [ 80/150]  eta: 0:00:22    time: 0.3120  data: 0.2250  max mem: 0
  [120/150]  eta: 0:00:09    time: 0.3128  data: 0.2257  max mem: 0
  [149/150]  eta: 0:00:00    time: 0.3132  data: 0.2261  max mem: 0
 Total time: 0:00:48 (0.3228 s / it)
tensor(12.8311, device='cuda:1')
Epoch: [15]  [ 0/38]  eta: 0:01:15  lr: 0.001000  loss: 36.8974 (36.8974)  time: 1.9752  data: 0.9172  max mem: 0
Epoch: [15]  [37/38]  eta: 0:00:01  lr: 0.001000  loss: 26.7581 (31.9522)  time: 1.9063  data: 0.8697  max mem: 0
Epoch: [15] Total time: 0:01:13 (1.9293 s / it)
  [  0/150]  eta: 0:00:46    time: 0.3102  data: 0.2231  max mem: 0
  [ 40/150]  eta: 0:00:35    time: 0.3103  data: 0.2233  max mem: 0
  [ 80/150]  eta: 0:00:22    time: 0.3387  data: 0.2515  max mem: 0
  [120/150]  eta: 0:00:09    time: 0.3216  data: 0.2345  max mem: 0
  [149/150]  eta: 0:00:00    time: 0.3182  data: 0.2312  max mem: 0
 Total time: 0:00:48 (0.3231 s / it)
tensor(10.4184, device='cuda:1')
Epoch: [16]  [ 0/38]  eta: 0:01:22  lr: 0.001000  loss: 33.1261 (33.1261)  time: 2.1660  data: 1.1023  max mem: 0
Epoch: [16]  [37/38]  eta: 0:00:02  lr: 0.001000  loss: 25.2070 (30.2615)  time: 2.0324  data: 0.9960  max mem: 0
Epoch: [16] Total time: 0:01:18 (2.0573 s / it)
  [  0/150]  eta: 0:00:51    time: 0.3467  data: 0.2591  max mem: 0
  [ 40/150]  eta: 0:00:37    time: 0.3397  data: 0.2524  max mem: 0
  [ 80/150]  eta: 0:00:24    time: 0.3498  data: 0.2624  max mem: 0
  [120/150]  eta: 0:00:10    time: 0.3297  data: 0.2406  max mem: 0
  [149/150]  eta: 0:00:00    time: 0.3652  data: 0.2766  max mem: 0
 Total time: 0:00:51 (0.3462 s / it)
tensor(9.1900, device='cuda:1')
Epoch: [17]  [ 0/38]  eta: 0:01:22  lr: 0.001000  loss: 32.6846 (32.6846)  time: 2.1626  data: 1.0992  max mem: 0
Epoch: [17]  [37/38]  eta: 0:00:02  lr: 0.001000  loss: 23.7149 (28.9109)  time: 2.0274  data: 0.9891  max mem: 0
Epoch: [17] Total time: 0:01:18 (2.0689 s / it)
  [  0/150]  eta: 0:00:47    time: 0.3149  data: 0.2277  max mem: 0
  [ 40/150]  eta: 0:00:35    time: 0.3222  data: 0.2350  max mem: 0
  [ 80/150]  eta: 0:00:23    time: 0.3310  data: 0.2411  max mem: 0
  [120/150]  eta: 0:00:10    time: 0.3560  data: 0.2614  max mem: 0
  [149/150]  eta: 0:00:00    time: 0.3376  data: 0.2499  max mem: 0
 Total time: 0:00:50 (0.3349 s / it)
tensor(3.2746, device='cuda:1')
Epoch: [18]  [ 0/38]  eta: 0:01:14  lr: 0.001000  loss: 31.3720 (31.3720)  time: 1.9646  data: 0.9028  max mem: 0
Epoch: [18]  [37/38]  eta: 0:00:02  lr: 0.001000  loss: 21.2787 (26.9957)  time: 2.1496  data: 1.1126  max mem: 0
Epoch: [18] Total time: 0:01:22 (2.1604 s / it)
  [  0/150]  eta: 0:00:50    time: 0.3349  data: 0.2478  max mem: 0
  [ 40/150]  eta: 0:00:36    time: 0.3412  data: 0.2527  max mem: 0
  [ 80/150]  eta: 0:00:23    time: 0.3408  data: 0.2518  max mem: 0
  [120/150]  eta: 0:00:10    time: 0.3654  data: 0.2754  max mem: 0
  [149/150]  eta: 0:00:00    time: 0.3482  data: 0.2595  max mem: 0
 Total time: 0:00:51 (0.3462 s / it)
tensor(2.5188, device='cuda:1')
Epoch: [19]  [ 0/38]  eta: 0:01:20  lr: 0.001000  loss: 27.8676 (27.8676)  time: 2.1080  data: 1.0416  max mem: 0
Epoch: [19]  [37/38]  eta: 0:00:02  lr: 0.001000  loss: 19.5626 (24.2284)  time: 2.0245  data: 0.9889  max mem: 0
Epoch: [19] Total time: 0:01:19 (2.0893 s / it)
  [  0/150]  eta: 0:00:51    time: 0.3424  data: 0.2553  max mem: 0
  [ 40/150]  eta: 0:00:37    time: 0.3328  data: 0.2457  max mem: 0
  [ 80/150]  eta: 0:00:23    time: 0.3209  data: 0.2338  max mem: 0
  [120/150]  eta: 0:00:10    time: 0.3443  data: 0.2571  max mem: 0
  [149/150]  eta: 0:00:00    time: 0.3293  data: 0.2414  max mem: 0
 Total time: 0:00:49 (0.3330 s / it)
tensor(3.7981, device='cuda:1')
Epoch: [20]  [ 0/38]  eta: 0:01:22  lr: 0.001000  loss: 23.9238 (23.9238)  time: 2.1691  data: 1.1075  max mem: 0
Epoch: [20]  [37/38]  eta: 0:00:02  lr: 0.001000  loss: 18.3428 (22.1058)  time: 2.0564  data: 1.0178  max mem: 0
Epoch: [20] Total time: 0:01:19 (2.0887 s / it)
  [  0/150]  eta: 0:00:49    time: 0.3329  data: 0.2456  max mem: 0
  [ 40/150]  eta: 0:00:39    time: 0.3632  data: 0.2743  max mem: 0
  [ 80/150]  eta: 0:00:24    time: 0.3511  data: 0.2639  max mem: 0
  [120/150]  eta: 0:00:10    time: 0.3512  data: 0.2641  max mem: 0
  [149/150]  eta: 0:00:00    time: 0.3332  data: 0.2460  max mem: 0
 Total time: 0:00:52 (0.3484 s / it)
tensor(6.7035, device='cuda:1')
Epoch: [21]  [ 0/38]  eta: 0:01:22  lr: 0.001000  loss: 23.8513 (23.8513)  time: 2.1748  data: 1.1148  max mem: 0
Epoch: [21]  [37/38]  eta: 0:00:02  lr: 0.001000  loss: 15.0165 (20.6238)  time: 1.9813  data: 0.9434  max mem: 0
Epoch: [21] Total time: 0:01:16 (2.0027 s / it)
  [  0/150]  eta: 0:00:51    time: 0.3461  data: 0.2589  max mem: 0
  [ 40/150]  eta: 0:00:37    time: 0.3207  data: 0.2334  max mem: 0
  [ 80/150]  eta: 0:00:23    time: 0.3449  data: 0.2576  max mem: 0
  [120/150]  eta: 0:00:10    time: 0.3551  data: 0.2667  max mem: 0
  [149/150]  eta: 0:00:00    time: 0.3330  data: 0.2449  max mem: 0
 Total time: 0:00:51 (0.3406 s / it)
tensor(6.4264, device='cuda:1')
Epoch: [22]  [ 0/38]  eta: 0:01:17  lr: 0.001000  loss: 23.7600 (23.7600)  time: 2.0395  data: 0.9801  max mem: 0
Epoch: [22]  [37/38]  eta: 0:00:02  lr: 0.001000  loss: 14.7006 (19.3787)  time: 2.0104  data: 0.9722  max mem: 0
Epoch: [22] Total time: 0:01:16 (2.0160 s / it)
  [  0/150]  eta: 0:00:46    time: 0.3126  data: 0.2251  max mem: 0
  [ 40/150]  eta: 0:00:36    time: 0.3372  data: 0.2500  max mem: 0
  [ 80/150]  eta: 0:00:22    time: 0.3238  data: 0.2367  max mem: 0
  [120/150]  eta: 0:00:09    time: 0.3349  data: 0.2477  max mem: 0
  [149/150]  eta: 0:00:00    time: 0.3156  data: 0.2285  max mem: 0
 Total time: 0:00:49 (0.3277 s / it)
tensor(6.1835, device='cuda:1')
Epoch: [23]  [ 0/38]  eta: 0:01:19  lr: 0.001000  loss: 21.1058 (21.1058)  time: 2.0805  data: 1.0211  max mem: 0
Epoch: [23]  [37/38]  eta: 0:00:02  lr: 0.001000  loss: 14.2877 (18.5619)  time: 2.0817  data: 1.0418  max mem: 0
Epoch: [23] Total time: 0:01:19 (2.0915 s / it)
  [  0/150]  eta: 0:01:08    time: 0.4536  data: 0.3655  max mem: 0
  [ 40/150]  eta: 0:00:37    time: 0.3399  data: 0.2494  max mem: 0
  [ 80/150]  eta: 0:00:23    time: 0.3350  data: 0.2476  max mem: 0
  [120/150]  eta: 0:00:10    time: 0.3294  data: 0.2421  max mem: 0
  [149/150]  eta: 0:00:00    time: 0.3513  data: 0.2629  max mem: 0
 Total time: 0:00:51 (0.3403 s / it)
tensor(4.6379, device='cuda:1')
Epoch: [24]  [ 0/38]  eta: 0:01:22  lr: 0.001000  loss: 19.1931 (19.1931)  time: 2.1639  data: 1.1042  max mem: 0
Epoch: [24]  [37/38]  eta: 0:00:02  lr: 0.001000  loss: 12.6503 (17.2301)  time: 2.0285  data: 0.9888  max mem: 0
Epoch: [24] Total time: 0:01:18 (2.0637 s / it)
  [  0/150]  eta: 0:00:47    time: 0.3197  data: 0.2322  max mem: 0
  [ 40/150]  eta: 0:00:36    time: 0.3333  data: 0.2447  max mem: 0
  [ 80/150]  eta: 0:00:23    time: 0.3241  data: 0.2370  max mem: 0
  [120/150]  eta: 0:00:10    time: 0.3371  data: 0.2495  max mem: 0
  [149/150]  eta: 0:00:00    time: 0.3487  data: 0.2610  max mem: 0
 Total time: 0:00:51 (0.3419 s / it)
tensor(4.3393, device='cuda:1')
Epoch: [25]  [ 0/38]  eta: 0:01:20  lr: 0.001000  loss: 18.8402 (18.8402)  time: 2.1198  data: 1.0565  max mem: 0
Epoch: [25]  [37/38]  eta: 0:00:02  lr: 0.001000  loss: 10.6006 (15.0970)  time: 2.1128  data: 1.0726  max mem: 0
Epoch: [25] Total time: 0:01:20 (2.1265 s / it)
  [  0/150]  eta: 0:00:51    time: 0.3432  data: 0.2554  max mem: 0
  [ 40/150]  eta: 0:00:38    time: 0.3420  data: 0.2549  max mem: 0
  [ 80/150]  eta: 0:00:24    time: 0.3663  data: 0.2757  max mem: 0
  [120/150]  eta: 0:00:10    time: 0.3386  data: 0.2514  max mem: 0
  [149/150]  eta: 0:00:00    time: 0.3299  data: 0.2423  max mem: 0
 Total time: 0:00:51 (0.3452 s / it)
tensor(2.8992, device='cuda:1')
Epoch: [26]  [ 0/38]  eta: 0:01:18  lr: 0.001000  loss: 16.9306 (16.9306)  time: 2.0773  data: 1.0185  max mem: 0
Epoch: [26]  [37/38]  eta: 0:00:02  lr: 0.001000  loss: 8.8841 (13.3281)  time: 2.0134  data: 0.9769  max mem: 0
Epoch: [26] Total time: 0:01:17 (2.0452 s / it)
  [  0/150]  eta: 0:00:46    time: 0.3104  data: 0.2231  max mem: 0
  [ 40/150]  eta: 0:00:35    time: 0.3281  data: 0.2394  max mem: 0
  [ 80/150]  eta: 0:00:22    time: 0.3306  data: 0.2426  max mem: 0
  [120/150]  eta: 0:00:09    time: 0.3354  data: 0.2455  max mem: 0
  [149/150]  eta: 0:00:00    time: 0.3491  data: 0.2616  max mem: 0
 Total time: 0:00:49 (0.3316 s / it)
tensor(2.5019, device='cuda:1')
Epoch: [27]  [ 0/38]  eta: 0:01:18  lr: 0.001000  loss: 14.9665 (14.9665)  time: 2.0750  data: 1.0045  max mem: 0
Epoch: [27]  [37/38]  eta: 0:00:02  lr: 0.001000  loss: 9.2590 (12.1484)  time: 2.0962  data: 1.0564  max mem: 0
Epoch: [27] Total time: 0:01:19 (2.1039 s / it)
  [  0/150]  eta: 0:00:48    time: 0.3215  data: 0.2345  max mem: 0
  [ 40/150]  eta: 0:00:36    time: 0.3311  data: 0.2424  max mem: 0
  [ 80/150]  eta: 0:00:23    time: 0.3451  data: 0.2575  max mem: 0
  [120/150]  eta: 0:00:10    time: 0.3451  data: 0.2545  max mem: 0
  [149/150]  eta: 0:00:00    time: 0.3222  data: 0.2350  max mem: 0
 Total time: 0:00:51 (0.3402 s / it)
tensor(3.2424, device='cuda:1')
Epoch: [28]  [ 0/38]  eta: 0:01:17  lr: 0.001000  loss: 13.9952 (13.9952)  time: 2.0363  data: 0.9548  max mem: 0
Epoch: [28]  [37/38]  eta: 0:00:02  lr: 0.001000  loss: 8.8330 (11.2449)  time: 2.0138  data: 0.9774  max mem: 0
Epoch: [28] Total time: 0:01:16 (2.0240 s / it)
  [  0/150]  eta: 0:00:54    time: 0.3664  data: 0.2790  max mem: 0
  [ 40/150]  eta: 0:00:37    time: 0.3391  data: 0.2518  max mem: 0
  [ 80/150]  eta: 0:00:23    time: 0.3397  data: 0.2503  max mem: 0
  [120/150]  eta: 0:00:10    time: 0.3331  data: 0.2445  max mem: 0
  [149/150]  eta: 0:00:00    time: 0.3311  data: 0.2437  max mem: 0
 Total time: 0:00:50 (0.3359 s / it)
tensor(2.7091, device='cuda:1')
Epoch: [29]  [ 0/38]  eta: 0:01:16  lr: 0.001000  loss: 13.2241 (13.2241)  time: 2.0007  data: 0.9390  max mem: 0
Epoch: [29]  [37/38]  eta: 0:00:02  lr: 0.001000  loss: 8.3527 (10.5812)  time: 2.0640  data: 1.0223  max mem: 0
Epoch: [29] Total time: 0:01:19 (2.0876 s / it)
  [  0/150]  eta: 0:00:55    time: 0.3698  data: 0.2820  max mem: 0
  [ 40/150]  eta: 0:00:37    time: 0.3331  data: 0.2457  max mem: 0
  [ 80/150]  eta: 0:00:23    time: 0.3300  data: 0.2428  max mem: 0
  [120/150]  eta: 0:00:10    time: 0.3562  data: 0.2669  max mem: 0
  [149/150]  eta: 0:00:00    time: 0.3341  data: 0.2451  max mem: 0
 Total time: 0:00:51 (0.3414 s / it)
tensor(2.5199, device='cuda:1')
Epoch: [30]  [ 0/38]  eta: 0:01:23  lr: 0.001000  loss: 12.3847 (12.3847)  time: 2.2021  data: 1.1366  max mem: 0
Epoch: [30]  [37/38]  eta: 0:00:01  lr: 0.001000  loss: 7.1097 (10.2379)  time: 1.9453  data: 0.9102  max mem: 0
Epoch: [30] Total time: 0:01:15 (1.9823 s / it)
  [  0/150]  eta: 0:00:47    time: 0.3175  data: 0.2301  max mem: 0
  [ 40/150]  eta: 0:00:36    time: 0.3402  data: 0.2519  max mem: 0
  [ 80/150]  eta: 0:00:23    time: 0.3568  data: 0.2659  max mem: 0
  [120/150]  eta: 0:00:10    time: 0.3533  data: 0.2659  max mem: 0
  [149/150]  eta: 0:00:00    time: 0.3420  data: 0.2527  max mem: 0
 Total time: 0:00:51 (0.3401 s / it)
tensor(2.4868, device='cuda:1')
Epoch: [31]  [ 0/38]  eta: 0:01:17  lr: 0.001000  loss: 11.1750 (11.1750)  time: 2.0301  data: 0.9698  max mem: 0
Epoch: [31]  [37/38]  eta: 0:00:02  lr: 0.001000  loss: 7.1955 (9.1801)  time: 2.0306  data: 0.9924  max mem: 0
Epoch: [31] Total time: 0:01:18 (2.0622 s / it)
  [  0/150]  eta: 0:00:47    time: 0.3166  data: 0.2291  max mem: 0
  [ 40/150]  eta: 0:00:34    time: 0.3187  data: 0.2291  max mem: 0
  [ 80/150]  eta: 0:00:22    time: 0.3409  data: 0.2519  max mem: 0
  [120/150]  eta: 0:00:09    time: 0.3256  data: 0.2367  max mem: 0
  [149/150]  eta: 0:00:00    time: 0.3427  data: 0.2535  max mem: 0
 Total time: 0:00:49 (0.3290 s / it)
tensor(2.7882, device='cuda:1')
Epoch: [32]  [ 0/38]  eta: 0:01:15  lr: 0.001000  loss: 9.1967 (9.1967)  time: 1.9807  data: 0.9201  max mem: 0
Epoch: [32]  [37/38]  eta: 0:00:01  lr: 0.001000  loss: 5.1622 (8.5188)  time: 1.9815  data: 0.9452  max mem: 0
Epoch: [32] Total time: 0:01:15 (1.9929 s / it)
  [  0/150]  eta: 0:00:51    time: 0.3403  data: 0.2527  max mem: 0
  [ 40/150]  eta: 0:00:36    time: 0.3283  data: 0.2395  max mem: 0
  [ 80/150]  eta: 0:00:23    time: 0.3365  data: 0.2479  max mem: 0
  [120/150]  eta: 0:00:10    time: 0.3449  data: 0.2560  max mem: 0
  [149/150]  eta: 0:00:00    time: 0.3145  data: 0.2273  max mem: 0
 Total time: 0:00:50 (0.3370 s / it)
tensor(3.5877, device='cuda:1')
Epoch: [33]  [ 0/38]  eta: 0:01:15  lr: 0.001000  loss: 9.2195 (9.2195)  time: 1.9753  data: 0.9147  max mem: 0
Epoch: [33]  [37/38]  eta: 0:00:01  lr: 0.001000  loss: 5.6785 (7.5905)  time: 1.9740  data: 0.9363  max mem: 0
Epoch: [33] Total time: 0:01:15 (1.9927 s / it)
  [  0/150]  eta: 0:00:46    time: 0.3107  data: 0.2234  max mem: 0
  [ 40/150]  eta: 0:00:38    time: 0.3491  data: 0.2616  max mem: 0
  [ 80/150]  eta: 0:00:24    time: 0.3596  data: 0.2702  max mem: 0
  [120/150]  eta: 0:00:10    time: 0.3384  data: 0.2511  max mem: 0
  [149/150]  eta: 0:00:00    time: 0.3157  data: 0.2284  max mem: 0
 Total time: 0:00:50 (0.3393 s / it)
tensor(2.4393, device='cuda:1')
Epoch: [34]  [ 0/38]  eta: 0:01:24  lr: 0.001000  loss: 7.2561 (7.2561)  time: 2.2304  data: 1.1677  max mem: 0
Epoch: [34]  [37/38]  eta: 0:00:02  lr: 0.001000  loss: 4.4912 (6.8127)  time: 2.0296  data: 0.9925  max mem: 0
Epoch: [34] Total time: 0:01:18 (2.0691 s / it)
  [  0/150]  eta: 0:00:55    time: 0.3717  data: 0.2842  max mem: 0
  [ 40/150]  eta: 0:00:36    time: 0.3197  data: 0.2326  max mem: 0
  [ 80/150]  eta: 0:00:23    time: 0.3257  data: 0.2374  max mem: 0
  [120/150]  eta: 0:00:10    time: 0.3532  data: 0.2641  max mem: 0
  [149/150]  eta: 0:00:00    time: 0.3271  data: 0.2400  max mem: 0
 Total time: 0:00:50 (0.3391 s / it)
tensor(2.7288, device='cuda:1')
Epoch: [35]  [ 0/38]  eta: 0:01:15  lr: 0.001000  loss: 6.6795 (6.6795)  time: 1.9870  data: 0.9267  max mem: 0
Epoch: [35]  [37/38]  eta: 0:00:02  lr: 0.001000  loss: 3.6868 (6.5010)  time: 1.9920  data: 0.9561  max mem: 0
Epoch: [35] Total time: 0:01:16 (2.0087 s / it)
  [  0/150]  eta: 0:00:49    time: 0.3332  data: 0.2459  max mem: 0
  [ 40/150]  eta: 0:00:34    time: 0.3188  data: 0.2311  max mem: 0
  [ 80/150]  eta: 0:00:22    time: 0.3334  data: 0.2459  max mem: 0
  [120/150]  eta: 0:00:09    time: 0.3173  data: 0.2296  max mem: 0
  [149/150]  eta: 0:00:00    time: 0.3452  data: 0.2579  max mem: 0
 Total time: 0:00:49 (0.3284 s / it)
tensor(2.6303, device='cuda:1')
Epoch: [36]  [ 0/38]  eta: 0:01:21  lr: 0.001000  loss: 6.6706 (6.6706)  time: 2.1458  data: 1.0849  max mem: 0
Epoch: [36]  [37/38]  eta: 0:00:02  lr: 0.001000  loss: 4.7717 (6.4713)  time: 2.0128  data: 0.9732  max mem: 0
Epoch: [36] Total time: 0:01:16 (2.0218 s / it)
  [  0/150]  eta: 0:00:51    time: 0.3449  data: 0.2570  max mem: 0
  [ 40/150]  eta: 0:00:37    time: 0.3362  data: 0.2478  max mem: 0
  [ 80/150]  eta: 0:00:23    time: 0.3353  data: 0.2461  max mem: 0
  [120/150]  eta: 0:00:10    time: 0.3323  data: 0.2448  max mem: 0
  [149/150]  eta: 0:00:00    time: 0.3452  data: 0.2578  max mem: 0
 Total time: 0:00:50 (0.3363 s / it)
tensor(2.5207, device='cuda:1')
Epoch: [37]  [ 0/38]  eta: 0:01:17  lr: 0.001000  loss: 6.5049 (6.5049)  time: 2.0487  data: 0.9839  max mem: 0
Epoch: [37]  [37/38]  eta: 0:00:02  lr: 0.001000  loss: 4.1454 (6.5449)  time: 2.0749  data: 1.0357  max mem: 0
Epoch: [37] Total time: 0:01:19 (2.0935 s / it)
  [  0/150]  eta: 0:00:56    time: 0.3796  data: 0.2894  max mem: 0
  [ 40/150]  eta: 0:00:38    time: 0.3595  data: 0.2699  max mem: 0
  [ 80/150]  eta: 0:00:25    time: 0.3637  data: 0.2746  max mem: 0
  [120/150]  eta: 0:00:10    time: 0.3609  data: 0.2715  max mem: 0
  [149/150]  eta: 0:00:00    time: 0.3540  data: 0.2667  max mem: 0
 Total time: 0:00:54 (0.3612 s / it)
tensor(2.7929, device='cuda:1')
Epoch: [38]  [ 0/38]  eta: 0:01:33  lr: 0.001000  loss: 6.4354 (6.4354)  time: 2.4505  data: 1.3879  max mem: 0
Epoch: [38]  [37/38]  eta: 0:00:02  lr: 0.001000  loss: 4.0893 (6.2751)  time: 2.0687  data: 1.0294  max mem: 0
Epoch: [38] Total time: 0:01:20 (2.1177 s / it)
  [  0/150]  eta: 0:00:47    time: 0.3140  data: 0.2266  max mem: 0
  [ 40/150]  eta: 0:00:35    time: 0.3329  data: 0.2455  max mem: 0
  [ 80/150]  eta: 0:00:23    time: 0.3382  data: 0.2489  max mem: 0
  [120/150]  eta: 0:00:10    time: 0.3455  data: 0.2572  max mem: 0
  [149/150]  eta: 0:00:00    time: 0.3293  data: 0.2420  max mem: 0
 Total time: 0:00:50 (0.3364 s / it)
tensor(2.5945, device='cuda:1')
Epoch: [39]  [ 0/38]  eta: 0:01:13  lr: 0.001000  loss: 5.9214 (5.9214)  time: 1.9424  data: 0.8806  max mem: 0
Epoch: [39]  [37/38]  eta: 0:00:02  lr: 0.001000  loss: 4.1291 (6.1932)  time: 2.0796  data: 1.0418  max mem: 0
Epoch: [39] Total time: 0:01:19 (2.0897 s / it)
  [  0/150]  eta: 0:00:52    time: 0.3529  data: 0.2657  max mem: 0
  [ 40/150]  eta: 0:00:39    time: 0.3443  data: 0.2561  max mem: 0
  [ 80/150]  eta: 0:00:25    time: 0.3383  data: 0.2509  max mem: 0
  [120/150]  eta: 0:00:10    time: 0.3713  data: 0.2833  max mem: 0
  [149/150]  eta: 0:00:00    time: 0.3401  data: 0.2528  max mem: 0
 Total time: 0:00:52 (0.3531 s / it)
tensor(2.9899, device='cuda:1')
Epoch: [40]  [ 0/38]  eta: 0:01:19  lr: 0.001000  loss: 5.5110 (5.5110)  time: 2.0944  data: 1.0338  max mem: 0
Epoch: [40]  [37/38]  eta: 0:00:02  lr: 0.001000  loss: 4.1095 (5.7589)  time: 2.0454  data: 1.0057  max mem: 0
Epoch: [40] Total time: 0:01:18 (2.0545 s / it)
  [  0/150]  eta: 0:00:53    time: 0.3600  data: 0.2690  max mem: 0
  [ 40/150]  eta: 0:00:39    time: 0.3486  data: 0.2599  max mem: 0
  [ 80/150]  eta: 0:00:24    time: 0.3382  data: 0.2507  max mem: 0
  [120/150]  eta: 0:00:10    time: 0.3510  data: 0.2630  max mem: 0
  [149/150]  eta: 0:00:00    time: 0.3496  data: 0.2622  max mem: 0
 Total time: 0:00:52 (0.3479 s / it)
tensor(2.8674, device='cuda:1')
Epoch: [41]  [ 0/38]  eta: 0:01:23  lr: 0.001000  loss: 6.2841 (6.2841)  time: 2.1967  data: 1.1371  max mem: 0
Epoch: [41]  [37/38]  eta: 0:00:02  lr: 0.001000  loss: 4.5656 (5.6728)  time: 2.1464  data: 1.1071  max mem: 0
Epoch: [41] Total time: 0:01:22 (2.1770 s / it)
  [  0/150]  eta: 0:00:52    time: 0.3529  data: 0.2654  max mem: 0
  [ 40/150]  eta: 0:00:37    time: 0.3204  data: 0.2331  max mem: 0
  [ 80/150]  eta: 0:00:22    time: 0.3160  data: 0.2287  max mem: 0
  [120/150]  eta: 0:00:09    time: 0.3261  data: 0.2384  max mem: 0
  [149/150]  eta: 0:00:00    time: 0.3175  data: 0.2302  max mem: 0
 Total time: 0:00:48 (0.3246 s / it)
tensor(2.7382, device='cuda:1')
Epoch: [42]  [ 0/38]  eta: 0:01:19  lr: 0.001000  loss: 8.3651 (8.3651)  time: 2.0941  data: 1.0303  max mem: 0
Epoch: [42]  [37/38]  eta: 0:00:02  lr: 0.001000  loss: 2.9637 (6.1399)  time: 2.0241  data: 0.9857  max mem: 0
Epoch: [42] Total time: 0:01:18 (2.0546 s / it)
  [  0/150]  eta: 0:00:46    time: 0.3114  data: 0.2237  max mem: 0
  [ 40/150]  eta: 0:00:35    time: 0.3224  data: 0.2337  max mem: 0
  [ 80/150]  eta: 0:00:23    time: 0.3364  data: 0.2491  max mem: 0
  [120/150]  eta: 0:00:09    time: 0.3150  data: 0.2278  max mem: 0
  [149/150]  eta: 0:00:00    time: 0.3332  data: 0.2458  max mem: 0
 Total time: 0:00:49 (0.3333 s / it)
tensor(2.8623, device='cuda:1')
Epoch: [43]  [ 0/38]  eta: 0:01:29  lr: 0.001000  loss: 4.5133 (4.5133)  time: 2.3441  data: 1.2831  max mem: 0
Epoch: [43]  [37/38]  eta: 0:00:02  lr: 0.001000  loss: 4.3106 (5.8869)  time: 1.9332  data: 0.8968  max mem: 0
Epoch: [43] Total time: 0:01:18 (2.0568 s / it)
  [  0/150]  eta: 0:00:47    time: 0.3143  data: 0.2268  max mem: 0
  [ 40/150]  eta: 0:00:34    time: 0.3116  data: 0.2244  max mem: 0
  [ 80/150]  eta: 0:00:21    time: 0.3113  data: 0.2242  max mem: 0
  [120/150]  eta: 0:00:09    time: 0.3119  data: 0.2247  max mem: 0
  [149/150]  eta: 0:00:00    time: 0.3119  data: 0.2247  max mem: 0
 Total time: 0:00:46 (0.3121 s / it)
tensor(2.5530, device='cuda:1')
Epoch: [44]  [ 0/38]  eta: 0:01:13  lr: 0.001000  loss: 5.7827 (5.7827)  time: 1.9413  data: 0.8826  max mem: 0
Epoch: [44]  [37/38]  eta: 0:00:02  lr: 0.001000  loss: 3.2041 (5.1099)  time: 2.0272  data: 0.9917  max mem: 0
Epoch: [44] Total time: 0:01:16 (2.0073 s / it)
  [  0/150]  eta: 0:00:46    time: 0.3121  data: 0.2248  max mem: 0
  [ 40/150]  eta: 0:00:37    time: 0.3390  data: 0.2508  max mem: 0
  [ 80/150]  eta: 0:00:22    time: 0.3056  data: 0.2186  max mem: 0
  [120/150]  eta: 0:00:09    time: 0.3211  data: 0.2338  max mem: 0
  [149/150]  eta: 0:00:00    time: 0.3174  data: 0.2301  max mem: 0
 Total time: 0:00:48 (0.3229 s / it)
tensor(2.4815, device='cuda:1')
Epoch: [45]  [ 0/38]  eta: 0:01:14  lr: 0.001000  loss: 4.7923 (4.7923)  time: 1.9629  data: 0.9012  max mem: 0
Epoch: [45]  [37/38]  eta: 0:00:02  lr: 0.001000  loss: 4.3046 (4.5029)  time: 2.0082  data: 0.9699  max mem: 0
Epoch: [45] Total time: 0:01:16 (2.0261 s / it)
  [  0/150]  eta: 0:00:46    time: 0.3121  data: 0.2246  max mem: 0
  [ 40/150]  eta: 0:00:37    time: 0.3520  data: 0.2638  max mem: 0
  [ 80/150]  eta: 0:00:24    time: 0.3575  data: 0.2690  max mem: 0
  [120/150]  eta: 0:00:10    time: 0.3305  data: 0.2432  max mem: 0
  [149/150]  eta: 0:00:00    time: 0.3309  data: 0.2420  max mem: 0
 Total time: 0:00:50 (0.3393 s / it)
tensor(2.1190, device='cuda:1')
Epoch: [46]  [ 0/38]  eta: 0:01:13  lr: 0.001000  loss: 4.2511 (4.2511)  time: 1.9393  data: 0.8778  max mem: 0
Epoch: [46]  [37/38]  eta: 0:00:02  lr: 0.001000  loss: 2.5056 (3.7447)  time: 2.0189  data: 0.9823  max mem: 0
Epoch: [46] Total time: 0:01:17 (2.0307 s / it)
  [  0/150]  eta: 0:00:46    time: 0.3093  data: 0.2220  max mem: 0
  [ 40/150]  eta: 0:00:37    time: 0.3342  data: 0.2422  max mem: 0
  [ 80/150]  eta: 0:00:23    time: 0.3271  data: 0.2399  max mem: 0
  [120/150]  eta: 0:00:09    time: 0.3286  data: 0.2408  max mem: 0
  [149/150]  eta: 0:00:00    time: 0.3511  data: 0.2632  max mem: 0
 Total time: 0:00:50 (0.3348 s / it)
tensor(2.4753, device='cuda:1')
Epoch: [47]  [ 0/38]  eta: 0:01:28  lr: 0.001000  loss: 3.9563 (3.9563)  time: 2.3185  data: 1.2549  max mem: 0
Epoch: [47]  [37/38]  eta: 0:00:02  lr: 0.001000  loss: 2.3036 (3.4167)  time: 2.0333  data: 0.9938  max mem: 0
Epoch: [47] Total time: 0:01:18 (2.0750 s / it)
  [  0/150]  eta: 0:00:46    time: 0.3119  data: 0.2231  max mem: 0
  [ 40/150]  eta: 0:00:39    time: 0.3573  data: 0.2699  max mem: 0
  [ 80/150]  eta: 0:00:24    time: 0.3443  data: 0.2559  max mem: 0
  [120/150]  eta: 0:00:10    time: 0.3326  data: 0.2452  max mem: 0
  [149/150]  eta: 0:00:00    time: 0.3257  data: 0.2385  max mem: 0
 Total time: 0:00:51 (0.3415 s / it)
tensor(2.5365, device='cuda:1')
Epoch: [48]  [ 0/38]  eta: 0:01:20  lr: 0.001000  loss: 2.8431 (2.8431)  time: 2.1140  data: 1.0516  max mem: 0
Epoch: [48]  [37/38]  eta: 0:00:02  lr: 0.001000  loss: 2.0558 (3.0373)  time: 2.0207  data: 0.9823  max mem: 0
Epoch: [48] Total time: 0:01:17 (2.0396 s / it)
  [  0/150]  eta: 0:00:52    time: 0.3490  data: 0.2609  max mem: 0
  [ 40/150]  eta: 0:00:39    time: 0.3421  data: 0.2536  max mem: 0
  [ 80/150]  eta: 0:00:24    time: 0.3536  data: 0.2639  max mem: 0
  [120/150]  eta: 0:00:10    time: 0.3133  data: 0.2262  max mem: 0
  [149/150]  eta: 0:00:00    time: 0.3489  data: 0.2612  max mem: 0
 Total time: 0:00:51 (0.3437 s / it)
tensor(2.2912, device='cuda:1')
Epoch: [49]  [ 0/38]  eta: 0:01:20  lr: 0.001000  loss: 2.4936 (2.4936)  time: 2.1146  data: 1.0535  max mem: 0
Epoch: [49]  [37/38]  eta: 0:00:02  lr: 0.001000  loss: 2.4744 (2.7595)  time: 2.0244  data: 0.9874  max mem: 0
Epoch: [49] Total time: 0:01:17 (2.0286 s / it)
  [  0/150]  eta: 0:00:46    time: 0.3084  data: 0.2213  max mem: 0
  [ 40/150]  eta: 0:00:38    time: 0.3479  data: 0.2600  max mem: 0
  [ 80/150]  eta: 0:00:24    time: 0.3303  data: 0.2427  max mem: 0
  [120/150]  eta: 0:00:10    time: 0.3208  data: 0.2319  max mem: 0
  [149/150]  eta: 0:00:00    time: 0.3411  data: 0.2530  max mem: 0
 Total time: 0:00:50 (0.3382 s / it)
tensor(2.2544, device='cuda:1')
Epoch: [50]  [ 0/38]  eta: 0:01:16  lr: 0.001000  loss: 3.4272 (3.4272)  time: 2.0050  data: 0.9472  max mem: 0
Epoch: [50]  [37/38]  eta: 0:00:02  lr: 0.001000  loss: 2.3548 (2.6551)  time: 2.0088  data: 0.9719  max mem: 0
Epoch: [50] Total time: 0:01:17 (2.0394 s / it)
  [  0/150]  eta: 0:00:47    time: 0.3173  data: 0.2253  max mem: 0
  [ 40/150]  eta: 0:00:37    time: 0.3539  data: 0.2661  max mem: 0
  [ 80/150]  eta: 0:00:24    time: 0.3453  data: 0.2554  max mem: 0
  [120/150]  eta: 0:00:10    time: 0.3467  data: 0.2567  max mem: 0
  [149/150]  eta: 0:00:00    time: 0.3263  data: 0.2378  max mem: 0
 Total time: 0:00:51 (0.3441 s / it)
tensor(2.5379, device='cuda:1')
Epoch: [51]  [ 0/38]  eta: 0:01:15  lr: 0.001000  loss: 2.1791 (2.1791)  time: 1.9768  data: 0.9157  max mem: 0
Epoch: [51]  [37/38]  eta: 0:00:02  lr: 0.001000  loss: 1.8216 (2.6851)  time: 1.9914  data: 0.9526  max mem: 0
Epoch: [51] Total time: 0:01:17 (2.0469 s / it)
  [  0/150]  eta: 0:00:46    time: 0.3110  data: 0.2236  max mem: 0
  [ 40/150]  eta: 0:00:39    time: 0.3578  data: 0.2694  max mem: 0
  [ 80/150]  eta: 0:00:24    time: 0.3359  data: 0.2474  max mem: 0
  [120/150]  eta: 0:00:10    time: 0.3477  data: 0.2576  max mem: 0
  [149/150]  eta: 0:00:00    time: 0.3447  data: 0.2558  max mem: 0
 Total time: 0:00:52 (0.3510 s / it)
tensor(2.3833, device='cuda:1')
Epoch: [52]  [ 0/38]  eta: 0:01:19  lr: 0.001000  loss: 2.2378 (2.2378)  time: 2.0852  data: 1.0223  max mem: 0
Epoch: [52]  [37/38]  eta: 0:00:02  lr: 0.001000  loss: 1.8671 (2.6426)  time: 2.0083  data: 0.9709  max mem: 0
Epoch: [52] Total time: 0:01:17 (2.0346 s / it)
  [  0/150]  eta: 0:00:47    time: 0.3162  data: 0.2286  max mem: 0
  [ 40/150]  eta: 0:00:35    time: 0.3310  data: 0.2438  max mem: 0
  [ 80/150]  eta: 0:00:22    time: 0.3259  data: 0.2385  max mem: 0
  [120/150]  eta: 0:00:09    time: 0.3308  data: 0.2434  max mem: 0
  [149/150]  eta: 0:00:00    time: 0.3276  data: 0.2404  max mem: 0
 Total time: 0:00:49 (0.3288 s / it)
tensor(2.3766, device='cuda:1')
Epoch: [53]  [ 0/38]  eta: 0:01:16  lr: 0.001000  loss: 2.0363 (2.0363)  time: 2.0246  data: 0.9620  max mem: 0
Epoch: [53]  [37/38]  eta: 0:00:02  lr: 0.001000  loss: 2.1123 (2.5227)  time: 2.0704  data: 1.0291  max mem: 0
Epoch: [53] Total time: 0:01:19 (2.0836 s / it)
  [  0/150]  eta: 0:00:46    time: 0.3131  data: 0.2258  max mem: 0
  [ 40/150]  eta: 0:00:35    time: 0.3287  data: 0.2412  max mem: 0
  [ 80/150]  eta: 0:00:22    time: 0.3207  data: 0.2334  max mem: 0
  [120/150]  eta: 0:00:09    time: 0.3217  data: 0.2344  max mem: 0
  [149/150]  eta: 0:00:00    time: 0.3514  data: 0.2639  max mem: 0
 Total time: 0:00:49 (0.3295 s / it)
tensor(2.5312, device='cuda:1')
Epoch: [54]  [ 0/38]  eta: 0:01:22  lr: 0.001000  loss: 2.7951 (2.7951)  time: 2.1797  data: 1.1184  max mem: 0
Epoch: [54]  [37/38]  eta: 0:00:02  lr: 0.001000  loss: 1.9305 (2.5140)  time: 2.0986  data: 1.0579  max mem: 0
Epoch: [54] Total time: 0:01:20 (2.1067 s / it)
  [  0/150]  eta: 0:00:47    time: 0.3187  data: 0.2312  max mem: 0
  [ 40/150]  eta: 0:00:37    time: 0.3469  data: 0.2593  max mem: 0
  [ 80/150]  eta: 0:00:23    time: 0.3433  data: 0.2551  max mem: 0
  [120/150]  eta: 0:00:10    time: 0.3543  data: 0.2649  max mem: 0
  [149/150]  eta: 0:00:00    time: 0.3338  data: 0.2455  max mem: 0
 Total time: 0:00:51 (0.3427 s / it)
tensor(2.4378, device='cuda:1')
Epoch: [55]  [ 0/38]  eta: 0:01:14  lr: 0.001000  loss: 2.5521 (2.5521)  time: 1.9536  data: 0.8915  max mem: 0
Epoch: [55]  [37/38]  eta: 0:00:02  lr: 0.001000  loss: 1.8452 (2.6767)  time: 2.0454  data: 1.0081  max mem: 0
Epoch: [55] Total time: 0:01:17 (2.0516 s / it)
  [  0/150]  eta: 0:00:59    time: 0.3993  data: 0.3085  max mem: 0
  [ 40/150]  eta: 0:00:37    time: 0.3444  data: 0.2569  max mem: 0
  [ 80/150]  eta: 0:00:23    time: 0.3461  data: 0.2579  max mem: 0
  [120/150]  eta: 0:00:10    time: 0.3643  data: 0.2761  max mem: 0
  [149/150]  eta: 0:00:00    time: 0.3143  data: 0.2272  max mem: 0
 Total time: 0:00:50 (0.3388 s / it)
tensor(2.4839, device='cuda:1')
Epoch: [56]  [ 0/38]  eta: 0:01:13  lr: 0.001000  loss: 2.5985 (2.5985)  time: 1.9370  data: 0.8812  max mem: 0
Epoch: [56]  [37/38]  eta: 0:00:02  lr: 0.001000  loss: 1.9065 (2.6230)  time: 2.0451  data: 1.0062  max mem: 0
Epoch: [56] Total time: 0:01:17 (2.0444 s / it)
  [  0/150]  eta: 0:00:46    time: 0.3117  data: 0.2246  max mem: 0
  [ 40/150]  eta: 0:00:35    time: 0.3108  data: 0.2234  max mem: 0
  [ 80/150]  eta: 0:00:23    time: 0.3405  data: 0.2511  max mem: 0
  [120/150]  eta: 0:00:10    time: 0.3448  data: 0.2572  max mem: 0
  [149/150]  eta: 0:00:00    time: 0.3627  data: 0.2741  max mem: 0
 Total time: 0:00:51 (0.3422 s / it)
tensor(2.4854, device='cuda:1')
Epoch: [57]  [ 0/38]  eta: 0:01:20  lr: 0.001000  loss: 2.4294 (2.4294)  time: 2.1283  data: 1.0667  max mem: 0
Epoch: [57]  [37/38]  eta: 0:00:02  lr: 0.001000  loss: 2.8815 (2.5737)  time: 2.0347  data: 0.9991  max mem: 0
Epoch: [57] Total time: 0:01:18 (2.0615 s / it)
  [  0/150]  eta: 0:00:47    time: 0.3160  data: 0.2289  max mem: 0
  [ 40/150]  eta: 0:00:35    time: 0.3236  data: 0.2360  max mem: 0
  [ 80/150]  eta: 0:00:22    time: 0.3200  data: 0.2328  max mem: 0
  [120/150]  eta: 0:00:09    time: 0.3346  data: 0.2463  max mem: 0
  [149/150]  eta: 0:00:00    time: 0.3090  data: 0.2219  max mem: 0
 Total time: 0:00:48 (0.3250 s / it)
tensor(2.7808, device='cuda:1')
Epoch: [58]  [ 0/38]  eta: 0:01:12  lr: 0.001000  loss: 3.3553 (3.3553)  time: 1.9092  data: 0.8499  max mem: 0
Epoch: [58]  [37/38]  eta: 0:00:02  lr: 0.001000  loss: 1.8700 (2.5782)  time: 2.0170  data: 0.9781  max mem: 0
Epoch: [58] Total time: 0:01:16 (2.0027 s / it)
  [  0/150]  eta: 0:00:47    time: 0.3139  data: 0.2266  max mem: 0
  [ 40/150]  eta: 0:00:37    time: 0.3345  data: 0.2440  max mem: 0
  [ 80/150]  eta: 0:00:23    time: 0.3128  data: 0.2256  max mem: 0
  [120/150]  eta: 0:00:09    time: 0.3334  data: 0.2455  max mem: 0
  [149/150]  eta: 0:00:00    time: 0.3219  data: 0.2347  max mem: 0
 Total time: 0:00:49 (0.3327 s / it)
tensor(2.7991, device='cuda:1')
Epoch: [59]  [ 0/38]  eta: 0:01:18  lr: 0.001000  loss: 2.2699 (2.2699)  time: 2.0553  data: 0.9928  max mem: 0
Epoch: [59]  [37/38]  eta: 0:00:02  lr: 0.001000  loss: 1.7609 (2.7449)  time: 1.9193  data: 0.8846  max mem: 0
Epoch: [59] Total time: 0:01:16 (2.0256 s / it)
  [  0/150]  eta: 0:00:47    time: 0.3173  data: 0.2301  max mem: 0
  [ 40/150]  eta: 0:00:35    time: 0.3299  data: 0.2395  max mem: 0
  [ 80/150]  eta: 0:00:23    time: 0.3337  data: 0.2453  max mem: 0
  [120/150]  eta: 0:00:09    time: 0.3165  data: 0.2293  max mem: 0
  [149/150]  eta: 0:00:00    time: 0.3212  data: 0.2341  max mem: 0
 Total time: 0:00:49 (0.3282 s / it)
tensor(2.2157, device='cuda:1')
Epoch: [60]  [ 0/38]  eta: 0:01:18  lr: 0.001000  loss: 2.1144 (2.1144)  time: 2.0592  data: 0.9996  max mem: 0
Epoch: [60]  [37/38]  eta: 0:00:02  lr: 0.001000  loss: 2.0521 (2.6740)  time: 2.0018  data: 0.9657  max mem: 0
Epoch: [60] Total time: 0:01:17 (2.0411 s / it)
  [  0/150]  eta: 0:00:48    time: 0.3201  data: 0.2328  max mem: 0
  [ 40/150]  eta: 0:00:35    time: 0.3231  data: 0.2359  max mem: 0
  [ 80/150]  eta: 0:00:22    time: 0.3377  data: 0.2504  max mem: 0
  [120/150]  eta: 0:00:09    time: 0.3408  data: 0.2529  max mem: 0
  [149/150]  eta: 0:00:00    time: 0.3489  data: 0.2616  max mem: 0
 Total time: 0:00:49 (0.3326 s / it)
tensor(2.1335, device='cuda:1')
Epoch: [61]  [ 0/38]  eta: 0:01:18  lr: 0.001000  loss: 2.2930 (2.2930)  time: 2.0776  data: 1.0165  max mem: 0
Epoch: [61]  [37/38]  eta: 0:00:01  lr: 0.001000  loss: 1.6390 (2.4465)  time: 1.9713  data: 0.9318  max mem: 0
Epoch: [61] Total time: 0:01:15 (1.9957 s / it)
  [  0/150]  eta: 0:00:51    time: 0.3460  data: 0.2582  max mem: 0
  [ 40/150]  eta: 0:00:37    time: 0.3398  data: 0.2475  max mem: 0
  [ 80/150]  eta: 0:00:22    time: 0.3094  data: 0.2223  max mem: 0
  [120/150]  eta: 0:00:09    time: 0.3566  data: 0.2679  max mem: 0
  [149/150]  eta: 0:00:00    time: 0.3482  data: 0.2573  max mem: 0
 Total time: 0:00:50 (0.3335 s / it)
tensor(2.5212, device='cuda:1')
Epoch: [62]  [ 0/38]  eta: 0:01:18  lr: 0.001000  loss: 2.6128 (2.6128)  time: 2.0685  data: 1.0089  max mem: 0
Epoch: [62]  [37/38]  eta: 0:00:02  lr: 0.001000  loss: 2.0493 (2.4181)  time: 1.9653  data: 0.9280  max mem: 0
Epoch: [62] Total time: 0:01:16 (2.0031 s / it)
  [  0/150]  eta: 0:00:46    time: 0.3113  data: 0.2235  max mem: 0
  [ 40/150]  eta: 0:00:35    time: 0.3182  data: 0.2309  max mem: 0
  [ 80/150]  eta: 0:00:23    time: 0.3514  data: 0.2627  max mem: 0
  [120/150]  eta: 0:00:09    time: 0.3170  data: 0.2299  max mem: 0
  [149/150]  eta: 0:00:00    time: 0.3446  data: 0.2535  max mem: 0
 Total time: 0:00:49 (0.3326 s / it)
tensor(2.5725, device='cuda:1')
Epoch: [63]  [ 0/38]  eta: 0:01:15  lr: 0.001000  loss: 2.4700 (2.4700)  time: 1.9757  data: 0.9117  max mem: 0
Epoch: [63]  [37/38]  eta: 0:00:02  lr: 0.001000  loss: 1.7615 (2.4242)  time: 2.0067  data: 0.9676  max mem: 0
Epoch: [63] Total time: 0:01:17 (2.0284 s / it)
  [  0/150]  eta: 0:00:51    time: 0.3457  data: 0.2583  max mem: 0
  [ 40/150]  eta: 0:00:35    time: 0.3121  data: 0.2251  max mem: 0
  [ 80/150]  eta: 0:00:22    time: 0.3147  data: 0.2276  max mem: 0
  [120/150]  eta: 0:00:09    time: 0.3155  data: 0.2283  max mem: 0
  [149/150]  eta: 0:00:00    time: 0.3134  data: 0.2263  max mem: 0
 Total time: 0:00:47 (0.3178 s / it)
tensor(2.4697, device='cuda:1')
Epoch: [64]  [ 0/38]  eta: 0:01:15  lr: 0.001000  loss: 2.7946 (2.7946)  time: 1.9768  data: 0.9165  max mem: 0
Epoch: [64]  [37/38]  eta: 0:00:02  lr: 0.001000  loss: 2.1334 (2.5432)  time: 2.0576  data: 1.0211  max mem: 0
Epoch: [64] Total time: 0:01:18 (2.0616 s / it)
  [  0/150]  eta: 0:00:53    time: 0.3590  data: 0.2714  max mem: 0
  [ 40/150]  eta: 0:00:36    time: 0.3189  data: 0.2318  max mem: 0
  [ 80/150]  eta: 0:00:22    time: 0.3230  data: 0.2359  max mem: 0
  [120/150]  eta: 0:00:09    time: 0.3307  data: 0.2433  max mem: 0
  [149/150]  eta: 0:00:00    time: 0.3211  data: 0.2339  max mem: 0
 Total time: 0:00:48 (0.3256 s / it)
tensor(2.3917, device='cuda:1')
Epoch: [65]  [ 0/38]  eta: 0:01:20  lr: 0.001000  loss: 2.3395 (2.3395)  time: 2.1239  data: 1.0626  max mem: 0
Epoch: [65]  [37/38]  eta: 0:00:02  lr: 0.001000  loss: 2.2583 (2.6964)  time: 2.0098  data: 0.9730  max mem: 0
Epoch: [65] Total time: 0:01:16 (2.0183 s / it)
  [  0/150]  eta: 0:00:51    time: 0.3437  data: 0.2564  max mem: 0
  [ 40/150]  eta: 0:00:35    time: 0.3159  data: 0.2278  max mem: 0
  [ 80/150]  eta: 0:00:21    time: 0.3091  data: 0.2220  max mem: 0
  [120/150]  eta: 0:00:09    time: 0.3223  data: 0.2350  max mem: 0
  [149/150]  eta: 0:00:00    time: 0.3458  data: 0.2584  max mem: 0
 Total time: 0:00:48 (0.3228 s / it)
tensor(2.3511, device='cuda:1')
Epoch: [66]  [ 0/38]  eta: 0:01:22  lr: 0.001000  loss: 3.3278 (3.3278)  time: 2.1665  data: 1.1066  max mem: 0
Epoch: [66]  [37/38]  eta: 0:00:02  lr: 0.001000  loss: 2.0404 (2.9540)  time: 2.0443  data: 1.0061  max mem: 0
Epoch: [66] Total time: 0:01:19 (2.0804 s / it)
  [  0/150]  eta: 0:00:53    time: 0.3546  data: 0.2673  max mem: 0
  [ 40/150]  eta: 0:00:39    time: 0.3538  data: 0.2648  max mem: 0
  [ 80/150]  eta: 0:00:25    time: 0.3550  data: 0.2658  max mem: 0
  [120/150]  eta: 0:00:10    time: 0.3566  data: 0.2648  max mem: 0
  [149/150]  eta: 0:00:00    time: 0.3657  data: 0.2745  max mem: 0
 Total time: 0:00:53 (0.3586 s / it)
tensor(2.7594, device='cuda:1')
Epoch: [67]  [ 0/38]  eta: 0:01:21  lr: 0.001000  loss: 2.9419 (2.9419)  time: 2.1471  data: 1.0865  max mem: 0
Epoch: [67]  [37/38]  eta: 0:00:01  lr: 0.001000  loss: 2.5845 (3.0846)  time: 1.9443  data: 0.9097  max mem: 0
Epoch: [67] Total time: 0:01:15 (1.9806 s / it)
  [  0/150]  eta: 0:00:46    time: 0.3105  data: 0.2234  max mem: 0
  [ 40/150]  eta: 0:00:34    time: 0.3227  data: 0.2354  max mem: 0
  [ 80/150]  eta: 0:00:22    time: 0.3156  data: 0.2286  max mem: 0
  [120/150]  eta: 0:00:09    time: 0.3213  data: 0.2340  max mem: 0
  [149/150]  eta: 0:00:00    time: 0.3352  data: 0.2480  max mem: 0
 Total time: 0:00:48 (0.3211 s / it)
tensor(2.9852, device='cuda:1')
Epoch: [68]  [ 0/38]  eta: 0:01:12  lr: 0.001000  loss: 3.5569 (3.5569)  time: 1.9082  data: 0.8481  max mem: 0
Epoch: [68]  [37/38]  eta: 0:00:01  lr: 0.001000  loss: 1.7840 (2.8959)  time: 1.9967  data: 0.9573  max mem: 0
Epoch: [68] Total time: 0:01:15 (1.9919 s / it)
  [  0/150]  eta: 0:00:51    time: 0.3416  data: 0.2543  max mem: 0
  [ 40/150]  eta: 0:00:35    time: 0.3150  data: 0.2280  max mem: 0
  [ 80/150]  eta: 0:00:22    time: 0.3191  data: 0.2310  max mem: 0
  [120/150]  eta: 0:00:09    time: 0.3121  data: 0.2249  max mem: 0
  [149/150]  eta: 0:00:00    time: 0.3107  data: 0.2236  max mem: 0
 Total time: 0:00:47 (0.3195 s / it)
tensor(2.5054, device='cuda:1')
Epoch: [69]  [ 0/38]  eta: 0:01:18  lr: 0.001000  loss: 2.3057 (2.3057)  time: 2.0649  data: 1.0043  max mem: 0
Epoch: [69]  [37/38]  eta: 0:00:01  lr: 0.001000  loss: 1.8070 (2.7541)  time: 1.8960  data: 0.8619  max mem: 0
Epoch: [69] Total time: 0:01:13 (1.9458 s / it)
  [  0/150]  eta: 0:00:45    time: 0.3057  data: 0.2186  max mem: 0
  [ 40/150]  eta: 0:00:33    time: 0.3031  data: 0.2162  max mem: 0
  [ 80/150]  eta: 0:00:21    time: 0.3030  data: 0.2160  max mem: 0
  [120/150]  eta: 0:00:09    time: 0.3037  data: 0.2167  max mem: 0
  [149/150]  eta: 0:00:00    time: 0.3036  data: 0.2165  max mem: 0
 Total time: 0:00:45 (0.3035 s / it)
tensor(2.6040, device='cuda:1')
Epoch: [70]  [ 0/38]  eta: 0:01:13  lr: 0.001000  loss: 3.0853 (3.0853)  time: 1.9427  data: 0.8841  max mem: 0
Epoch: [70]  [37/38]  eta: 0:00:01  lr: 0.001000  loss: 1.7354 (2.5153)  time: 1.9476  data: 0.9110  max mem: 0
Epoch: [70] Total time: 0:01:13 (1.9353 s / it)
  [  0/150]  eta: 0:00:46    time: 0.3070  data: 0.2198  max mem: 0
  [ 40/150]  eta: 0:00:35    time: 0.3056  data: 0.2185  max mem: 0
  [ 80/150]  eta: 0:00:22    time: 0.3158  data: 0.2280  max mem: 0
  [120/150]  eta: 0:00:09    time: 0.3136  data: 0.2266  max mem: 0
  [149/150]  eta: 0:00:00    time: 0.3195  data: 0.2323  max mem: 0
 Total time: 0:00:47 (0.3161 s / it)
tensor(2.3370, device='cuda:1')
Epoch: [71]  [ 0/38]  eta: 0:01:18  lr: 0.001000  loss: 2.2270 (2.2270)  time: 2.0540  data: 0.9927  max mem: 0
Epoch: [71]  [37/38]  eta: 0:00:01  lr: 0.001000  loss: 2.1684 (2.4465)  time: 1.9493  data: 0.9133  max mem: 0
Epoch: [71] Total time: 0:01:14 (1.9714 s / it)
  [  0/150]  eta: 0:00:45    time: 0.3019  data: 0.2146  max mem: 0
  [ 40/150]  eta: 0:00:33    time: 0.3020  data: 0.2149  max mem: 0
  [ 80/150]  eta: 0:00:21    time: 0.3147  data: 0.2276  max mem: 0
  [120/150]  eta: 0:00:09    time: 0.3008  data: 0.2137  max mem: 0
  [149/150]  eta: 0:00:00    time: 0.3036  data: 0.2156  max mem: 0
 Total time: 0:00:45 (0.3034 s / it)
tensor(2.7005, device='cuda:1')
Epoch: [72]  [ 0/38]  eta: 0:01:16  lr: 0.001000  loss: 2.8884 (2.8884)  time: 2.0226  data: 0.9655  max mem: 0
Epoch: [72]  [37/38]  eta: 0:00:01  lr: 0.001000  loss: 1.4906 (2.5165)  time: 1.9085  data: 0.8735  max mem: 0
Epoch: [72] Total time: 0:01:13 (1.9401 s / it)
  [  0/150]  eta: 0:00:46    time: 0.3077  data: 0.2204  max mem: 0
  [ 40/150]  eta: 0:00:34    time: 0.3194  data: 0.2320  max mem: 0
  [ 80/150]  eta: 0:00:21    time: 0.3248  data: 0.2370  max mem: 0
  [120/150]  eta: 0:00:09    time: 0.3042  data: 0.2170  max mem: 0
  [149/150]  eta: 0:00:00    time: 0.3268  data: 0.2393  max mem: 0
 Total time: 0:00:46 (0.3130 s / it)
tensor(2.7602, device='cuda:1')
Epoch: [73]  [ 0/38]  eta: 0:01:22  lr: 0.001000  loss: 2.7395 (2.7395)  time: 2.1664  data: 1.1075  max mem: 0
Epoch: [73]  [37/38]  eta: 0:00:02  lr: 0.001000  loss: 2.0809 (2.5990)  time: 2.0436  data: 1.0036  max mem: 0
Epoch: [73] Total time: 0:01:17 (2.0476 s / it)
  [  0/150]  eta: 0:00:53    time: 0.3536  data: 0.2600  max mem: 0
  [ 40/150]  eta: 0:00:38    time: 0.3480  data: 0.2590  max mem: 0
  [ 80/150]  eta: 0:00:23    time: 0.3326  data: 0.2443  max mem: 0
  [120/150]  eta: 0:00:10    time: 0.3422  data: 0.2548  max mem: 0
  [149/150]  eta: 0:00:00    time: 0.3554  data: 0.2677  max mem: 0
 Total time: 0:00:51 (0.3428 s / it)
tensor(2.7402, device='cuda:1')
Epoch: [74]  [ 0/38]  eta: 0:01:22  lr: 0.001000  loss: 2.2869 (2.2869)  time: 2.1744  data: 1.1103  max mem: 0
Epoch: [74]  [37/38]  eta: 0:00:02  lr: 0.001000  loss: 1.8598 (2.3457)  time: 1.9561  data: 0.9198  max mem: 0
Epoch: [74] Total time: 0:01:17 (2.0269 s / it)
  [  0/150]  eta: 0:00:46    time: 0.3130  data: 0.2255  max mem: 0
  [ 40/150]  eta: 0:00:36    time: 0.3364  data: 0.2462  max mem: 0
  [ 80/150]  eta: 0:00:23    time: 0.3371  data: 0.2485  max mem: 0
  [120/150]  eta: 0:00:10    time: 0.3434  data: 0.2543  max mem: 0
  [149/150]  eta: 0:00:00    time: 0.3335  data: 0.2461  max mem: 0
 Total time: 0:00:50 (0.3354 s / it)
tensor(2.6872, device='cuda:1')
Epoch: [75]  [ 0/38]  eta: 0:01:14  lr: 0.001000  loss: 2.2169 (2.2169)  time: 1.9474  data: 0.8885  max mem: 0
Epoch: [75]  [37/38]  eta: 0:00:01  lr: 0.001000  loss: 1.4018 (2.0505)  time: 1.9706  data: 0.9302  max mem: 0
Epoch: [75] Total time: 0:01:15 (1.9900 s / it)
  [  0/150]  eta: 0:00:52    time: 0.3514  data: 0.2637  max mem: 0
  [ 40/150]  eta: 0:00:35    time: 0.3162  data: 0.2290  max mem: 0
  [ 80/150]  eta: 0:00:22    time: 0.3272  data: 0.2399  max mem: 0
  [120/150]  eta: 0:00:09    time: 0.3488  data: 0.2608  max mem: 0
  [149/150]  eta: 0:00:00    time: 0.3413  data: 0.2530  max mem: 0
 Total time: 0:00:49 (0.3331 s / it)
tensor(2.6925, device='cuda:1')
Epoch: [76]  [ 0/38]  eta: 0:01:18  lr: 0.001000  loss: 2.0537 (2.0537)  time: 2.0763  data: 1.0078  max mem: 0
Epoch: [76]  [37/38]  eta: 0:00:02  lr: 0.001000  loss: 1.4628 (1.7663)  time: 1.9585  data: 0.9216  max mem: 0
Epoch: [76] Total time: 0:01:16 (2.0222 s / it)
  [  0/150]  eta: 0:00:57    time: 0.3841  data: 0.2720  max mem: 0
  [ 40/150]  eta: 0:00:37    time: 0.3301  data: 0.2398  max mem: 0
  [ 80/150]  eta: 0:00:23    time: 0.3340  data: 0.2469  max mem: 0
  [120/150]  eta: 0:00:10    time: 0.3290  data: 0.2392  max mem: 0
  [149/150]  eta: 0:00:00    time: 0.3458  data: 0.2580  max mem: 0
 Total time: 0:00:50 (0.3363 s / it)
tensor(2.6556, device='cuda:1')
Epoch: [77]  [ 0/38]  eta: 0:01:22  lr: 0.001000  loss: 1.6849 (1.6849)  time: 2.1647  data: 1.0978  max mem: 0
Epoch: [77]  [37/38]  eta: 0:00:02  lr: 0.001000  loss: 1.2182 (1.6163)  time: 2.0731  data: 1.0344  max mem: 0
Epoch: [77] Total time: 0:01:20 (2.1172 s / it)
  [  0/150]  eta: 0:00:53    time: 0.3582  data: 0.2667  max mem: 0
  [ 40/150]  eta: 0:00:38    time: 0.3423  data: 0.2547  max mem: 0
  [ 80/150]  eta: 0:00:24    time: 0.3376  data: 0.2490  max mem: 0
  [120/150]  eta: 0:00:10    time: 0.3413  data: 0.2511  max mem: 0
  [149/150]  eta: 0:00:00    time: 0.3405  data: 0.2501  max mem: 0
 Total time: 0:00:51 (0.3446 s / it)
tensor(2.4210, device='cuda:1')
Epoch: [78]  [ 0/38]  eta: 0:01:15  lr: 0.001000  loss: 2.1128 (2.1128)  time: 1.9899  data: 0.9327  max mem: 0
Epoch: [78]  [37/38]  eta: 0:00:02  lr: 0.001000  loss: 0.9720 (1.7151)  time: 2.0441  data: 1.0054  max mem: 0
Epoch: [78] Total time: 0:01:17 (2.0353 s / it)
  [  0/150]  eta: 0:00:50    time: 0.3385  data: 0.2512  max mem: 0
  [ 40/150]  eta: 0:00:38    time: 0.3380  data: 0.2507  max mem: 0
  [ 80/150]  eta: 0:00:23    time: 0.3271  data: 0.2399  max mem: 0
  [120/150]  eta: 0:00:10    time: 0.3488  data: 0.2596  max mem: 0
  [149/150]  eta: 0:00:00    time: 0.3379  data: 0.2487  max mem: 0
 Total time: 0:00:50 (0.3374 s / it)
tensor(2.3757, device='cuda:1')
Epoch: [79]  [ 0/38]  eta: 0:01:15  lr: 0.001000  loss: 1.5811 (1.5811)  time: 1.9816  data: 0.9204  max mem: 0
Epoch: [79]  [37/38]  eta: 0:00:01  lr: 0.001000  loss: 1.1808 (1.8323)  time: 1.9849  data: 0.9472  max mem: 0
Epoch: [79] Total time: 0:01:15 (1.9886 s / it)
  [  0/150]  eta: 0:00:53    time: 0.3537  data: 0.2661  max mem: 0
  [ 40/150]  eta: 0:00:37    time: 0.3295  data: 0.2410  max mem: 0
  [ 80/150]  eta: 0:00:23    time: 0.3270  data: 0.2396  max mem: 0
  [120/150]  eta: 0:00:10    time: 0.3459  data: 0.2585  max mem: 0
  [149/150]  eta: 0:00:00    time: 0.3514  data: 0.2633  max mem: 0
 Total time: 0:00:50 (0.3381 s / it)
tensor(2.4060, device='cuda:1')
Epoch: [80]  [ 0/38]  eta: 0:01:28  lr: 0.001000  loss: 1.5738 (1.5738)  time: 2.3413  data: 1.2773  max mem: 0
Epoch: [80]  [37/38]  eta: 0:00:02  lr: 0.001000  loss: 1.3467 (1.9854)  time: 2.0369  data: 1.0000  max mem: 0
Epoch: [80] Total time: 0:01:17 (2.0469 s / it)
  [  0/150]  eta: 0:00:47    time: 0.3166  data: 0.2292  max mem: 0
  [ 40/150]  eta: 0:00:35    time: 0.3175  data: 0.2300  max mem: 0
  [ 80/150]  eta: 0:00:22    time: 0.3331  data: 0.2438  max mem: 0
  [120/150]  eta: 0:00:09    time: 0.3369  data: 0.2497  max mem: 0
  [149/150]  eta: 0:00:00    time: 0.3229  data: 0.2357  max mem: 0
 Total time: 0:00:48 (0.3244 s / it)
tensor(2.7235, device='cuda:1')
Epoch: [81]  [ 0/38]  eta: 0:01:19  lr: 0.001000  loss: 2.1071 (2.1071)  time: 2.1039  data: 1.0388  max mem: 0
Epoch: [81]  [37/38]  eta: 0:00:02  lr: 0.001000  loss: 1.7542 (2.0852)  time: 2.0250  data: 0.9875  max mem: 0
Epoch: [81] Total time: 0:01:17 (2.0393 s / it)
  [  0/150]  eta: 0:00:51    time: 0.3445  data: 0.2573  max mem: 0
  [ 40/150]  eta: 0:00:37    time: 0.3403  data: 0.2527  max mem: 0
  [ 80/150]  eta: 0:00:23    time: 0.3430  data: 0.2556  max mem: 0
  [120/150]  eta: 0:00:10    time: 0.3452  data: 0.2576  max mem: 0
  [149/150]  eta: 0:00:00    time: 0.3585  data: 0.2682  max mem: 0
 Total time: 0:00:51 (0.3436 s / it)
tensor(2.9691, device='cuda:1')
Epoch: [82]  [ 0/38]  eta: 0:01:15  lr: 0.001000  loss: 2.8945 (2.8945)  time: 1.9896  data: 0.9282  max mem: 0
Epoch: [82]  [37/38]  eta: 0:00:01  lr: 0.001000  loss: 1.6544 (2.2060)  time: 1.9452  data: 0.9083  max mem: 0
Epoch: [82] Total time: 0:01:15 (1.9997 s / it)
  [  0/150]  eta: 0:01:01    time: 0.4108  data: 0.3231  max mem: 0
  [ 40/150]  eta: 0:00:37    time: 0.3335  data: 0.2441  max mem: 0
  [ 80/150]  eta: 0:00:23    time: 0.3303  data: 0.2431  max mem: 0
  [120/150]  eta: 0:00:09    time: 0.3233  data: 0.2360  max mem: 0
  [149/150]  eta: 0:00:00    time: 0.3139  data: 0.2268  max mem: 0
 Total time: 0:00:49 (0.3273 s / it)
tensor(2.5939, device='cuda:1')
Epoch: [83]  [ 0/38]  eta: 0:01:20  lr: 0.001000  loss: 2.4141 (2.4141)  time: 2.1147  data: 1.0537  max mem: 0
Epoch: [83]  [37/38]  eta: 0:00:02  lr: 0.001000  loss: 2.3244 (2.3335)  time: 2.0112  data: 0.9730  max mem: 0
Epoch: [83] Total time: 0:01:16 (2.0084 s / it)
  [  0/150]  eta: 0:00:46    time: 0.3129  data: 0.2257  max mem: 0
  [ 40/150]  eta: 0:00:35    time: 0.3118  data: 0.2246  max mem: 0
  [ 80/150]  eta: 0:00:22    time: 0.3094  data: 0.2223  max mem: 0
  [120/150]  eta: 0:00:09    time: 0.3105  data: 0.2234  max mem: 0
  [149/150]  eta: 0:00:00    time: 0.3217  data: 0.2345  max mem: 0
 Total time: 0:00:47 (0.3153 s / it)
tensor(2.1960, device='cuda:1')
Epoch: [84]  [ 0/38]  eta: 0:01:14  lr: 0.001000  loss: 2.1715 (2.1715)  time: 1.9558  data: 0.8960  max mem: 0
Epoch: [84]  [37/38]  eta: 0:00:02  lr: 0.001000  loss: 1.5452 (2.2068)  time: 2.0524  data: 1.0146  max mem: 0
Epoch: [84] Total time: 0:01:18 (2.0651 s / it)
  [  0/150]  eta: 0:00:48    time: 0.3255  data: 0.2380  max mem: 0
  [ 40/150]  eta: 0:00:36    time: 0.3367  data: 0.2493  max mem: 0
  [ 80/150]  eta: 0:00:23    time: 0.3477  data: 0.2601  max mem: 0
  [120/150]  eta: 0:00:10    time: 0.3281  data: 0.2397  max mem: 0
  [149/150]  eta: 0:00:00    time: 0.3315  data: 0.2436  max mem: 0
 Total time: 0:00:50 (0.3375 s / it)
tensor(2.4483, device='cuda:1')
Epoch: [85]  [ 0/38]  eta: 0:01:16  lr: 0.001000  loss: 2.4406 (2.4406)  time: 2.0129  data: 0.9494  max mem: 0
Epoch: [85]  [37/38]  eta: 0:00:02  lr: 0.001000  loss: 1.3412 (2.2358)  time: 2.0212  data: 0.9831  max mem: 0
Epoch: [85] Total time: 0:01:17 (2.0300 s / it)
  [  0/150]  eta: 0:00:47    time: 0.3147  data: 0.2215  max mem: 0
  [ 40/150]  eta: 0:00:38    time: 0.3518  data: 0.2642  max mem: 0
  [ 80/150]  eta: 0:00:24    time: 0.3514  data: 0.2636  max mem: 0
  [120/150]  eta: 0:00:10    time: 0.3267  data: 0.2391  max mem: 0
  [149/150]  eta: 0:00:00    time: 0.3327  data: 0.2453  max mem: 0
 Total time: 0:00:51 (0.3419 s / it)
tensor(2.8765, device='cuda:1')
Epoch: [86]  [ 0/38]  eta: 0:01:22  lr: 0.001000  loss: 2.1028 (2.1028)  time: 2.1701  data: 1.1060  max mem: 0
Epoch: [86]  [37/38]  eta: 0:00:02  lr: 0.001000  loss: 1.8089 (2.0834)  time: 2.0084  data: 0.9700  max mem: 0
Epoch: [86] Total time: 0:01:18 (2.0562 s / it)
  [  0/150]  eta: 0:00:51    time: 0.3402  data: 0.2529  max mem: 0
  [ 40/150]  eta: 0:00:36    time: 0.3349  data: 0.2469  max mem: 0
  [ 80/150]  eta: 0:00:23    time: 0.3252  data: 0.2379  max mem: 0
  [120/150]  eta: 0:00:10    time: 0.3544  data: 0.2656  max mem: 0
  [149/150]  eta: 0:00:00    time: 0.3199  data: 0.2325  max mem: 0
 Total time: 0:00:50 (0.3352 s / it)
tensor(2.9618, device='cuda:1')
Epoch: [87]  [ 0/38]  eta: 0:01:14  lr: 0.001000  loss: 2.2373 (2.2373)  time: 1.9638  data: 0.9045  max mem: 0
Epoch: [87]  [37/38]  eta: 0:00:01  lr: 0.001000  loss: 1.4453 (1.9161)  time: 1.9704  data: 0.9339  max mem: 0
Epoch: [87] Total time: 0:01:14 (1.9672 s / it)
  [  0/150]  eta: 0:00:57    time: 0.3844  data: 0.2970  max mem: 0
  [ 40/150]  eta: 0:00:36    time: 0.3327  data: 0.2448  max mem: 0
  [ 80/150]  eta: 0:00:23    time: 0.3411  data: 0.2537  max mem: 0
  [120/150]  eta: 0:00:10    time: 0.3519  data: 0.2629  max mem: 0
  [149/150]  eta: 0:00:00    time: 0.3225  data: 0.2346  max mem: 0
 Total time: 0:00:50 (0.3392 s / it)
tensor(2.5335, device='cuda:1')
Epoch: [88]  [ 0/38]  eta: 0:01:19  lr: 0.001000  loss: 2.2043 (2.2043)  time: 2.0847  data: 1.0232  max mem: 0
Epoch: [88]  [37/38]  eta: 0:00:02  lr: 0.001000  loss: 1.1116 (1.8507)  time: 1.9701  data: 0.9338  max mem: 0
Epoch: [88] Total time: 0:01:17 (2.0272 s / it)
  [  0/150]  eta: 0:00:52    time: 0.3491  data: 0.2613  max mem: 0
  [ 40/150]  eta: 0:00:36    time: 0.3143  data: 0.2271  max mem: 0
  [ 80/150]  eta: 0:00:23    time: 0.3359  data: 0.2485  max mem: 0
  [120/150]  eta: 0:00:09    time: 0.3293  data: 0.2421  max mem: 0
  [149/150]  eta: 0:00:00    time: 0.3257  data: 0.2374  max mem: 0
 Total time: 0:00:49 (0.3317 s / it)
tensor(2.6068, device='cuda:1')
Epoch: [89]  [ 0/38]  eta: 0:01:19  lr: 0.001000  loss: 1.7544 (1.7544)  time: 2.0871  data: 1.0238  max mem: 0
Epoch: [89]  [37/38]  eta: 0:00:02  lr: 0.001000  loss: 1.4181 (1.8514)  time: 1.9746  data: 0.9366  max mem: 0
Epoch: [89] Total time: 0:01:16 (2.0061 s / it)
  [  0/150]  eta: 0:00:46    time: 0.3112  data: 0.2239  max mem: 0
  [ 40/150]  eta: 0:00:37    time: 0.3621  data: 0.2710  max mem: 0
  [ 80/150]  eta: 0:00:24    time: 0.3439  data: 0.2549  max mem: 0
  [120/150]  eta: 0:00:10    time: 0.3494  data: 0.2620  max mem: 0
  [149/150]  eta: 0:00:00    time: 0.3150  data: 0.2278  max mem: 0
 Total time: 0:00:51 (0.3420 s / it)
tensor(2.2548, device='cuda:1')
Epoch: [90]  [ 0/38]  eta: 0:01:14  lr: 0.001000  loss: 1.7719 (1.7719)  time: 1.9503  data: 0.8896  max mem: 0
Epoch: [90]  [37/38]  eta: 0:00:02  lr: 0.001000  loss: 1.4500 (1.8446)  time: 2.0308  data: 0.9944  max mem: 0
Epoch: [90] Total time: 0:01:16 (2.0220 s / it)
  [  0/150]  eta: 0:00:51    time: 0.3424  data: 0.2550  max mem: 0
  [ 40/150]  eta: 0:00:35    time: 0.3128  data: 0.2257  max mem: 0
  [ 80/150]  eta: 0:00:22    time: 0.3273  data: 0.2379  max mem: 0
  [120/150]  eta: 0:00:10    time: 0.3657  data: 0.2773  max mem: 0
  [149/150]  eta: 0:00:00    time: 0.3413  data: 0.2541  max mem: 0
 Total time: 0:00:50 (0.3382 s / it)
tensor(2.3891, device='cuda:1')
Epoch: [91]  [ 0/38]  eta: 0:01:17  lr: 0.001000  loss: 2.0231 (2.0231)  time: 2.0322  data: 0.9716  max mem: 0
Epoch: [91]  [37/38]  eta: 0:00:02  lr: 0.001000  loss: 1.3893 (1.8313)  time: 1.9880  data: 0.9504  max mem: 0
Epoch: [91] Total time: 0:01:16 (2.0160 s / it)
  [  0/150]  eta: 0:00:51    time: 0.3453  data: 0.2579  max mem: 0
  [ 40/150]  eta: 0:00:37    time: 0.3458  data: 0.2525  max mem: 0
  [ 80/150]  eta: 0:00:23    time: 0.3328  data: 0.2454  max mem: 0
  [120/150]  eta: 0:00:09    time: 0.3085  data: 0.2213  max mem: 0
  [149/150]  eta: 0:00:00    time: 0.3182  data: 0.2310  max mem: 0
 Total time: 0:00:48 (0.3238 s / it)
tensor(2.7304, device='cuda:1')
Epoch: [92]  [ 0/38]  eta: 0:01:17  lr: 0.001000  loss: 1.8139 (1.8139)  time: 2.0464  data: 0.9808  max mem: 0
Epoch: [92]  [37/38]  eta: 0:00:02  lr: 0.001000  loss: 1.4547 (1.8193)  time: 2.0083  data: 0.9714  max mem: 0
Epoch: [92] Total time: 0:01:16 (2.0251 s / it)
  [  0/150]  eta: 0:00:46    time: 0.3104  data: 0.2232  max mem: 0
  [ 40/150]  eta: 0:00:34    time: 0.3161  data: 0.2289  max mem: 0
  [ 80/150]  eta: 0:00:22    time: 0.3298  data: 0.2425  max mem: 0
  [120/150]  eta: 0:00:09    time: 0.3383  data: 0.2482  max mem: 0
  [149/150]  eta: 0:00:00    time: 0.3388  data: 0.2510  max mem: 0
 Total time: 0:00:49 (0.3273 s / it)
tensor(2.7685, device='cuda:1')
Epoch: [93]  [ 0/38]  eta: 0:01:20  lr: 0.001000  loss: 1.7586 (1.7586)  time: 2.1128  data: 1.0509  max mem: 0
Epoch: [93]  [37/38]  eta: 0:00:02  lr: 0.001000  loss: 1.2852 (1.7251)  time: 2.0475  data: 1.0087  max mem: 0
Epoch: [93] Total time: 0:01:18 (2.0667 s / it)
  [  0/150]  eta: 0:00:50    time: 0.3361  data: 0.2488  max mem: 0
  [ 40/150]  eta: 0:00:36    time: 0.3189  data: 0.2318  max mem: 0
  [ 80/150]  eta: 0:00:23    time: 0.3502  data: 0.2628  max mem: 0
  [120/150]  eta: 0:00:10    time: 0.3202  data: 0.2330  max mem: 0
  [149/150]  eta: 0:00:00    time: 0.3616  data: 0.2684  max mem: 0
 Total time: 0:00:51 (0.3414 s / it)
tensor(2.6307, device='cuda:1')
Epoch: [94]  [ 0/38]  eta: 0:01:43  lr: 0.001000  loss: 1.9382 (1.9382)  time: 2.7112  data: 1.6489  max mem: 0
Epoch: [94]  [37/38]  eta: 0:00:02  lr: 0.001000  loss: 1.2385 (1.9013)  time: 1.9726  data: 0.9356  max mem: 0
Epoch: [94] Total time: 0:01:17 (2.0322 s / it)
  [  0/150]  eta: 0:00:58    time: 0.3917  data: 0.3044  max mem: 0
  [ 40/150]  eta: 0:00:38    time: 0.3409  data: 0.2528  max mem: 0
  [ 80/150]  eta: 0:00:23    time: 0.3227  data: 0.2354  max mem: 0
  [120/150]  eta: 0:00:10    time: 0.3410  data: 0.2534  max mem: 0
  [149/150]  eta: 0:00:00    time: 0.3418  data: 0.2536  max mem: 0
 Total time: 0:00:50 (0.3398 s / it)
tensor(2.8152, device='cuda:1')
Epoch: [95]  [ 0/38]  eta: 0:01:26  lr: 0.001000  loss: 1.9492 (1.9492)  time: 2.2688  data: 1.2092  max mem: 0
Epoch: [95]  [37/38]  eta: 0:00:02  lr: 0.001000  loss: 1.2403 (2.0517)  time: 2.0317  data: 0.9934  max mem: 0
Epoch: [95] Total time: 0:01:17 (2.0363 s / it)
  [  0/150]  eta: 0:00:52    time: 0.3520  data: 0.2648  max mem: 0
  [ 40/150]  eta: 0:00:37    time: 0.3313  data: 0.2440  max mem: 0
  [ 80/150]  eta: 0:00:23    time: 0.3264  data: 0.2392  max mem: 0
  [120/150]  eta: 0:00:10    time: 0.3542  data: 0.2660  max mem: 0
  [149/150]  eta: 0:00:00    time: 0.3476  data: 0.2603  max mem: 0
 Total time: 0:00:51 (0.3423 s / it)
tensor(2.5834, device='cuda:1')
Epoch: [96]  [ 0/38]  eta: 0:01:25  lr: 0.001000  loss: 1.4474 (1.4474)  time: 2.2487  data: 1.1832  max mem: 0
Epoch: [96]  [37/38]  eta: 0:00:02  lr: 0.001000  loss: 1.9524 (1.9017)  time: 2.1268  data: 1.0902  max mem: 0
Epoch: [96] Total time: 0:01:22 (2.1679 s / it)
  [  0/150]  eta: 0:00:52    time: 0.3480  data: 0.2605  max mem: 0
  [ 40/150]  eta: 0:00:40    time: 0.3601  data: 0.2701  max mem: 0
  [ 80/150]  eta: 0:00:25    time: 0.3482  data: 0.2610  max mem: 0
  [120/150]  eta: 0:00:10    time: 0.3523  data: 0.2644  max mem: 0
  [149/150]  eta: 0:00:00    time: 0.3547  data: 0.2663  max mem: 0
 Total time: 0:00:53 (0.3580 s / it)
tensor(2.5988, device='cuda:1')
Epoch: [97]  [ 0/38]  eta: 0:01:30  lr: 0.001000  loss: 2.4064 (2.4064)  time: 2.3832  data: 1.3179  max mem: 0
Epoch: [97]  [37/38]  eta: 0:00:02  lr: 0.001000  loss: 1.1195 (1.8087)  time: 2.0443  data: 1.0039  max mem: 0
Epoch: [97] Total time: 0:01:19 (2.1020 s / it)
  [  0/150]  eta: 0:00:56    time: 0.3783  data: 0.2899  max mem: 0
  [ 40/150]  eta: 0:00:40    time: 0.3520  data: 0.2609  max mem: 0
  [ 80/150]  eta: 0:00:25    time: 0.3647  data: 0.2769  max mem: 0
  [120/150]  eta: 0:00:10    time: 0.3463  data: 0.2579  max mem: 0
  [149/150]  eta: 0:00:00    time: 0.3594  data: 0.2683  max mem: 0
 Total time: 0:00:53 (0.3575 s / it)
tensor(2.8222, device='cuda:1')
Epoch: [98]  [ 0/38]  eta: 0:01:20  lr: 0.001000  loss: 1.8300 (1.8300)  time: 2.1096  data: 1.0466  max mem: 0
Epoch: [98]  [37/38]  eta: 0:00:02  lr: 0.001000  loss: 1.7568 (1.8472)  time: 2.1185  data: 1.0761  max mem: 0
Epoch: [98] Total time: 0:01:20 (2.1214 s / it)
  [  0/150]  eta: 0:00:46    time: 0.3126  data: 0.2251  max mem: 0
  [ 40/150]  eta: 0:00:37    time: 0.3367  data: 0.2485  max mem: 0
  [ 80/150]  eta: 0:00:24    time: 0.3426  data: 0.2552  max mem: 0
  [120/150]  eta: 0:00:10    time: 0.3341  data: 0.2468  max mem: 0
  [149/150]  eta: 0:00:00    time: 0.3237  data: 0.2366  max mem: 0
 Total time: 0:00:50 (0.3382 s / it)
tensor(2.4760, device='cuda:1')
Epoch: [99]  [ 0/38]  eta: 0:01:14  lr: 0.001000  loss: 2.0485 (2.0485)  time: 1.9670  data: 0.8992  max mem: 0
Epoch: [99]  [37/38]  eta: 0:00:02  lr: 0.001000  loss: 0.9500 (1.7762)  time: 2.1042  data: 1.0667  max mem: 0
Epoch: [99] Total time: 0:01:19 (2.0896 s / it)
  [  0/150]  eta: 0:00:56    time: 0.3775  data: 0.2899  max mem: 0
  [ 40/150]  eta: 0:00:39    time: 0.3526  data: 0.2632  max mem: 0
  [ 80/150]  eta: 0:00:25    time: 0.3423  data: 0.2531  max mem: 0
  [120/150]  eta: 0:00:10    time: 0.3475  data: 0.2568  max mem: 0
  [149/150]  eta: 0:00:00    time: 0.3443  data: 0.2569  max mem: 0
 Total time: 0:00:53 (0.3559 s / it)
tensor(2.5479, device='cuda:1')
Epoch: [100]  [ 0/38]  eta: 0:01:26  lr: 0.001000  loss: 1.3589 (1.3589)  time: 2.2805  data: 1.2122  max mem: 0
Epoch: [100]  [37/38]  eta: 0:00:02  lr: 0.001000  loss: 1.4066 (1.6881)  time: 2.1305  data: 1.0903  max mem: 0
Epoch: [100] Total time: 0:01:22 (2.1663 s / it)
  [  0/150]  eta: 0:00:53    time: 0.3543  data: 0.2669  max mem: 0
  [ 40/150]  eta: 0:00:39    time: 0.3522  data: 0.2646  max mem: 0
  [ 80/150]  eta: 0:00:24    time: 0.3359  data: 0.2465  max mem: 0
  [120/150]  eta: 0:00:10    time: 0.3489  data: 0.2607  max mem: 0
  [149/150]  eta: 0:00:00    time: 0.3655  data: 0.2746  max mem: 0
 Total time: 0:00:52 (0.3508 s / it)
tensor(2.4646, device='cuda:1')
Epoch: [101]  [ 0/38]  eta: 0:01:18  lr: 0.001000  loss: 2.1324 (2.1324)  time: 2.0762  data: 1.0105  max mem: 0
Epoch: [101]  [37/38]  eta: 0:00:02  lr: 0.001000  loss: 1.1543 (1.7093)  time: 2.1052  data: 1.0671  max mem: 0
Epoch: [101] Total time: 0:01:19 (2.1012 s / it)
  [  0/150]  eta: 0:00:58    time: 0.3901  data: 0.2971  max mem: 0
  [ 40/150]  eta: 0:00:39    time: 0.3488  data: 0.2611  max mem: 0
  [ 80/150]  eta: 0:00:24    time: 0.3451  data: 0.2563  max mem: 0
  [120/150]  eta: 0:00:10    time: 0.3666  data: 0.2770  max mem: 0
  [149/150]  eta: 0:00:00    time: 0.3297  data: 0.2425  max mem: 0
 Total time: 0:00:53 (0.3544 s / it)
tensor(2.4129, device='cuda:1')
Epoch: [102]  [ 0/38]  eta: 0:01:23  lr: 0.001000  loss: 1.6339 (1.6339)  time: 2.1931  data: 1.1331  max mem: 0
Epoch: [102]  [37/38]  eta: 0:00:02  lr: 0.001000  loss: 1.1606 (1.7184)  time: 2.0850  data: 1.0451  max mem: 0
Epoch: [102] Total time: 0:01:19 (2.0869 s / it)
  [  0/150]  eta: 0:00:59    time: 0.3950  data: 0.3075  max mem: 0
  [ 40/150]  eta: 0:00:39    time: 0.3589  data: 0.2700  max mem: 0
  [ 80/150]  eta: 0:00:25    time: 0.3719  data: 0.2837  max mem: 0
  [120/150]  eta: 0:00:11    time: 0.3555  data: 0.2681  max mem: 0
  [149/150]  eta: 0:00:00    time: 0.3770  data: 0.2888  max mem: 0
 Total time: 0:00:55 (0.3679 s / it)
tensor(2.9168, device='cuda:1')
Epoch: [103]  [ 0/38]  eta: 0:01:18  lr: 0.001000  loss: 2.1693 (2.1693)  time: 2.0734  data: 1.0107  max mem: 0
Epoch: [103]  [37/38]  eta: 0:00:02  lr: 0.001000  loss: 0.9535 (1.6924)  time: 2.0606  data: 1.0226  max mem: 0
Epoch: [103] Total time: 0:01:19 (2.0959 s / it)
  [  0/150]  eta: 0:00:51    time: 0.3440  data: 0.2566  max mem: 0
  [ 40/150]  eta: 0:00:38    time: 0.3552  data: 0.2680  max mem: 0
  [ 80/150]  eta: 0:00:24    time: 0.3511  data: 0.2639  max mem: 0
  [120/150]  eta: 0:00:10    time: 0.3503  data: 0.2632  max mem: 0
  [149/150]  eta: 0:00:00    time: 0.3514  data: 0.2642  max mem: 0
 Total time: 0:00:52 (0.3514 s / it)
tensor(2.6124, device='cuda:1')
Epoch: [104]  [ 0/38]  eta: 0:01:20  lr: 0.001000  loss: 1.6375 (1.6375)  time: 2.1124  data: 1.0522  max mem: 0
Epoch: [104]  [37/38]  eta: 0:00:02  lr: 0.001000  loss: 1.3294 (1.6811)  time: 2.0729  data: 1.0334  max mem: 0
Epoch: [104] Total time: 0:01:19 (2.1047 s / it)
  [  0/150]  eta: 0:00:59    time: 0.3987  data: 0.2734  max mem: 0
  [ 40/150]  eta: 0:00:39    time: 0.3584  data: 0.2699  max mem: 0
  [ 80/150]  eta: 0:00:24    time: 0.3563  data: 0.2690  max mem: 0
  [120/150]  eta: 0:00:10    time: 0.3621  data: 0.2703  max mem: 0
  [149/150]  eta: 0:00:00    time: 0.3669  data: 0.2785  max mem: 0
 Total time: 0:00:53 (0.3587 s / it)
tensor(2.7623, device='cuda:1')
Epoch: [105]  [ 0/38]  eta: 0:01:21  lr: 0.001000  loss: 1.6700 (1.6700)  time: 2.1452  data: 1.0815  max mem: 0
Epoch: [105]  [37/38]  eta: 0:00:02  lr: 0.001000  loss: 1.2198 (1.5884)  time: 2.0435  data: 1.0039  max mem: 0
Epoch: [105] Total time: 0:01:19 (2.1020 s / it)
  [  0/150]  eta: 0:01:11    time: 0.4749  data: 0.3870  max mem: 0
  [ 40/150]  eta: 0:00:41    time: 0.3629  data: 0.2749  max mem: 0
  [ 80/150]  eta: 0:00:26    time: 0.3715  data: 0.2821  max mem: 0
  [120/150]  eta: 0:00:11    time: 0.3679  data: 0.2792  max mem: 0
  [149/150]  eta: 0:00:00    time: 0.3800  data: 0.2867  max mem: 0
 Total time: 0:00:55 (0.3713 s / it)
tensor(2.8138, device='cuda:1')
Epoch: [106]  [ 0/38]  eta: 0:01:28  lr: 0.001000  loss: 1.6411 (1.6411)  time: 2.3363  data: 1.2726  max mem: 0
Epoch: [106]  [37/38]  eta: 0:00:02  lr: 0.001000  loss: 1.3655 (1.5564)  time: 2.0839  data: 1.0460  max mem: 0
Epoch: [106] Total time: 0:01:20 (2.1154 s / it)
  [  0/150]  eta: 0:00:46    time: 0.3073  data: 0.2200  max mem: 0
  [ 40/150]  eta: 0:00:36    time: 0.3514  data: 0.2582  max mem: 0
  [ 80/150]  eta: 0:00:24    time: 0.3407  data: 0.2536  max mem: 0
  [120/150]  eta: 0:00:09    time: 0.3104  data: 0.2233  max mem: 0
  [149/150]  eta: 0:00:00    time: 0.3103  data: 0.2232  max mem: 0
 Total time: 0:00:49 (0.3287 s / it)
tensor(2.5613, device='cuda:1')
Epoch: [107]  [ 0/38]  eta: 0:01:13  lr: 0.001000  loss: 1.8695 (1.8695)  time: 1.9445  data: 0.8851  max mem: 0
Epoch: [107]  [37/38]  eta: 0:00:01  lr: 0.001000  loss: 1.2275 (1.5965)  time: 1.9272  data: 0.8928  max mem: 0
Epoch: [107] Total time: 0:01:14 (1.9520 s / it)
  [  0/150]  eta: 0:00:47    time: 0.3164  data: 0.2291  max mem: 0
  [ 40/150]  eta: 0:00:34    time: 0.3131  data: 0.2259  max mem: 0
  [ 80/150]  eta: 0:00:22    time: 0.3150  data: 0.2278  max mem: 0
  [120/150]  eta: 0:00:09    time: 0.3121  data: 0.2251  max mem: 0
  [149/150]  eta: 0:00:00    time: 0.3123  data: 0.2253  max mem: 0
 Total time: 0:00:47 (0.3140 s / it)
tensor(2.5525, device='cuda:1')
Epoch: [108]  [ 0/38]  eta: 0:01:13  lr: 0.001000  loss: 1.4652 (1.4652)  time: 1.9406  data: 0.8814  max mem: 0
Epoch: [108]  [37/38]  eta: 0:00:01  lr: 0.001000  loss: 1.1129 (1.6310)  time: 1.9035  data: 0.8687  max mem: 0
Epoch: [108] Total time: 0:01:13 (1.9257 s / it)
  [  0/150]  eta: 0:00:46    time: 0.3093  data: 0.2220  max mem: 0
  [ 40/150]  eta: 0:00:34    time: 0.3124  data: 0.2252  max mem: 0
  [ 80/150]  eta: 0:00:21    time: 0.3128  data: 0.2257  max mem: 0
  [120/150]  eta: 0:00:09    time: 0.3135  data: 0.2263  max mem: 0
  [149/150]  eta: 0:00:00    time: 0.3319  data: 0.2433  max mem: 0
 Total time: 0:00:47 (0.3156 s / it)
tensor(2.9382, device='cuda:1')
Epoch: [109]  [ 0/38]  eta: 0:01:13  lr: 0.001000  loss: 1.6018 (1.6018)  time: 1.9387  data: 0.8801  max mem: 0
Epoch: [109]  [37/38]  eta: 0:00:01  lr: 0.001000  loss: 1.2090 (1.7050)  time: 1.9205  data: 0.8860  max mem: 0
Epoch: [109] Total time: 0:01:14 (1.9549 s / it)
  [  0/150]  eta: 0:00:45    time: 0.3051  data: 0.2180  max mem: 0
  [ 40/150]  eta: 0:00:35    time: 0.3265  data: 0.2370  max mem: 0
  [ 80/150]  eta: 0:00:22    time: 0.3118  data: 0.2246  max mem: 0
  [120/150]  eta: 0:00:09    time: 0.3101  data: 0.2230  max mem: 0
  [149/150]  eta: 0:00:00    time: 0.3113  data: 0.2241  max mem: 0
 Total time: 0:00:47 (0.3148 s / it)
tensor(2.6103, device='cuda:1')
Epoch: [110]  [ 0/38]  eta: 0:01:13  lr: 0.001000  loss: 1.5861 (1.5861)  time: 1.9363  data: 0.8774  max mem: 0
Epoch: [110]  [37/38]  eta: 0:00:01  lr: 0.001000  loss: 1.5849 (1.7906)  time: 1.9052  data: 0.8708  max mem: 0
Epoch: [110] Total time: 0:01:13 (1.9293 s / it)
  [  0/150]  eta: 0:00:47    time: 0.3159  data: 0.2287  max mem: 0
  [ 40/150]  eta: 0:00:34    time: 0.3115  data: 0.2244  max mem: 0
  [ 80/150]  eta: 0:00:22    time: 0.3197  data: 0.2325  max mem: 0
  [120/150]  eta: 0:00:09    time: 0.3130  data: 0.2259  max mem: 0
  [149/150]  eta: 0:00:00    time: 0.3213  data: 0.2341  max mem: 0
 Total time: 0:00:47 (0.3155 s / it)
tensor(3.2177, device='cuda:1')
Epoch: [111]  [ 0/38]  eta: 0:01:15  lr: 0.001000  loss: 2.0928 (2.0928)  time: 1.9767  data: 0.9145  max mem: 0
Epoch: [111]  [37/38]  eta: 0:00:01  lr: 0.001000  loss: 1.4176 (1.8763)  time: 1.9099  data: 0.8766  max mem: 0
Epoch: [111] Total time: 0:01:13 (1.9393 s / it)
  [  0/150]  eta: 0:00:46    time: 0.3082  data: 0.2210  max mem: 0
  [ 40/150]  eta: 0:00:34    time: 0.3109  data: 0.2238  max mem: 0
  [ 80/150]  eta: 0:00:21    time: 0.3115  data: 0.2244  max mem: 0
  [120/150]  eta: 0:00:09    time: 0.3114  data: 0.2243  max mem: 0
  [149/150]  eta: 0:00:00    time: 0.3109  data: 0.2239  max mem: 0
 Total time: 0:00:46 (0.3125 s / it)
tensor(2.7936, device='cuda:1')
Epoch: [112]  [ 0/38]  eta: 0:01:13  lr: 0.001000  loss: 1.7599 (1.7599)  time: 1.9449  data: 0.8861  max mem: 0
Epoch: [112]  [37/38]  eta: 0:00:01  lr: 0.001000  loss: 1.6936 (1.9305)  time: 1.9364  data: 0.9021  max mem: 0
Epoch: [112] Total time: 0:01:13 (1.9462 s / it)
  [  0/150]  eta: 0:00:47    time: 0.3176  data: 0.2304  max mem: 0
  [ 40/150]  eta: 0:00:34    time: 0.3130  data: 0.2258  max mem: 0
  [ 80/150]  eta: 0:00:21    time: 0.3130  data: 0.2258  max mem: 0
  [120/150]  eta: 0:00:09    time: 0.3144  data: 0.2273  max mem: 0
  [149/150]  eta: 0:00:00    time: 0.3135  data: 0.2264  max mem: 0
 Total time: 0:00:47 (0.3135 s / it)
tensor(2.7436, device='cuda:1')
Epoch: [113]  [ 0/38]  eta: 0:01:14  lr: 0.001000  loss: 2.3159 (2.3159)  time: 1.9642  data: 0.9044  max mem: 0
Epoch: [113]  [37/38]  eta: 0:00:01  lr: 0.001000  loss: 1.7076 (1.8799)  time: 1.9545  data: 0.9193  max mem: 0
Epoch: [113] Total time: 0:01:14 (1.9669 s / it)
  [  0/150]  eta: 0:00:46    time: 0.3116  data: 0.2242  max mem: 0
  [ 40/150]  eta: 0:00:34    time: 0.3154  data: 0.2282  max mem: 0
  [ 80/150]  eta: 0:00:22    time: 0.3149  data: 0.2278  max mem: 0
  [120/150]  eta: 0:00:09    time: 0.3162  data: 0.2290  max mem: 0
  [149/150]  eta: 0:00:00    time: 0.3164  data: 0.2293  max mem: 0
 Total time: 0:00:47 (0.3152 s / it)
tensor(2.9438, device='cuda:1')
Epoch: [114]  [ 0/38]  eta: 0:01:13  lr: 0.001000  loss: 2.2261 (2.2261)  time: 1.9441  data: 0.8808  max mem: 0
Epoch: [114]  [37/38]  eta: 0:00:01  lr: 0.001000  loss: 1.2270 (1.8667)  time: 1.9172  data: 0.8831  max mem: 0
Epoch: [114] Total time: 0:01:13 (1.9314 s / it)
  [  0/150]  eta: 0:00:46    time: 0.3097  data: 0.2225  max mem: 0
  [ 40/150]  eta: 0:00:34    time: 0.3143  data: 0.2272  max mem: 0
  [ 80/150]  eta: 0:00:21    time: 0.3137  data: 0.2266  max mem: 0
  [120/150]  eta: 0:00:09    time: 0.3146  data: 0.2276  max mem: 0
  [149/150]  eta: 0:00:00    time: 0.3140  data: 0.2269  max mem: 0
 Total time: 0:00:47 (0.3144 s / it)
tensor(2.7308, device='cuda:1')
Epoch: [115]  [ 0/38]  eta: 0:01:13  lr: 0.001000  loss: 1.8061 (1.8061)  time: 1.9236  data: 0.8630  max mem: 0
Epoch: [115]  [37/38]  eta: 0:00:01  lr: 0.001000  loss: 1.2046 (1.7201)  time: 1.8943  data: 0.8589  max mem: 0
Epoch: [115] Total time: 0:01:12 (1.9137 s / it)
  [  0/150]  eta: 0:00:46    time: 0.3078  data: 0.2206  max mem: 0
  [ 40/150]  eta: 0:00:33    time: 0.3073  data: 0.2202  max mem: 0
  [ 80/150]  eta: 0:00:21    time: 0.3077  data: 0.2206  max mem: 0
  [120/150]  eta: 0:00:09    time: 0.3072  data: 0.2201  max mem: 0
  [149/150]  eta: 0:00:00    time: 0.3082  data: 0.2211  max mem: 0
 Total time: 0:00:46 (0.3076 s / it)
tensor(2.5543, device='cuda:1')
Epoch: [116]  [ 0/38]  eta: 0:01:24  lr: 0.001000  loss: 1.5712 (1.5712)  time: 2.2351  data: 1.1735  max mem: 0
Epoch: [116]  [37/38]  eta: 0:00:01  lr: 0.001000  loss: 1.3151 (1.6319)  time: 1.9022  data: 0.8673  max mem: 0
Epoch: [116] Total time: 0:01:13 (1.9426 s / it)
  [  0/150]  eta: 0:00:46    time: 0.3100  data: 0.2230  max mem: 0
  [ 40/150]  eta: 0:00:34    time: 0.3097  data: 0.2227  max mem: 0
  [ 80/150]  eta: 0:00:21    time: 0.3087  data: 0.2217  max mem: 0
  [120/150]  eta: 0:00:09    time: 0.3089  data: 0.2220  max mem: 0
  [149/150]  eta: 0:00:00    time: 0.3094  data: 0.2225  max mem: 0
 Total time: 0:00:46 (0.3094 s / it)
tensor(3.6983, device='cuda:1')
Epoch: [117]  [ 0/38]  eta: 0:01:18  lr: 0.001000  loss: 1.5211 (1.5211)  time: 2.0581  data: 0.9975  max mem: 0
Epoch: [117]  [37/38]  eta: 0:00:01  lr: 0.001000  loss: 0.9792 (1.7097)  time: 1.9411  data: 0.9061  max mem: 0
Epoch: [117] Total time: 0:01:14 (1.9685 s / it)
  [  0/150]  eta: 0:00:47    time: 0.3149  data: 0.2276  max mem: 0
  [ 40/150]  eta: 0:00:34    time: 0.3152  data: 0.2280  max mem: 0
  [ 80/150]  eta: 0:00:22    time: 0.3201  data: 0.2329  max mem: 0
  [120/150]  eta: 0:00:09    time: 0.3172  data: 0.2300  max mem: 0
  [149/150]  eta: 0:00:00    time: 0.3270  data: 0.2375  max mem: 0
 Total time: 0:00:47 (0.3174 s / it)
tensor(2.8871, device='cuda:1')
Epoch: [118]  [ 0/38]  eta: 0:01:15  lr: 0.001000  loss: 1.6770 (1.6770)  time: 1.9889  data: 0.9296  max mem: 0
Epoch: [118]  [37/38]  eta: 0:00:01  lr: 0.001000  loss: 1.3271 (1.6331)  time: 1.8982  data: 0.8635  max mem: 0
Epoch: [118] Total time: 0:01:13 (1.9381 s / it)
  [  0/150]  eta: 0:00:46    time: 0.3086  data: 0.2215  max mem: 0
  [ 40/150]  eta: 0:00:34    time: 0.3143  data: 0.2268  max mem: 0
  [ 80/150]  eta: 0:00:21    time: 0.3155  data: 0.2284  max mem: 0
  [120/150]  eta: 0:00:09    time: 0.3148  data: 0.2276  max mem: 0
  [149/150]  eta: 0:00:00    time: 0.3153  data: 0.2283  max mem: 0
 Total time: 0:00:47 (0.3142 s / it)
tensor(2.7711, device='cuda:1')
Epoch: [119]  [ 0/38]  eta: 0:01:13  lr: 0.001000  loss: 1.7667 (1.7667)  time: 1.9431  data: 0.8866  max mem: 0
Epoch: [119]  [37/38]  eta: 0:00:01  lr: 0.001000  loss: 1.2339 (1.6084)  time: 1.9020  data: 0.8682  max mem: 0
Epoch: [119] Total time: 0:01:13 (1.9336 s / it)
  [  0/150]  eta: 0:00:46    time: 0.3100  data: 0.2225  max mem: 0
  [ 40/150]  eta: 0:00:33    time: 0.3047  data: 0.2178  max mem: 0
  [ 80/150]  eta: 0:00:21    time: 0.3045  data: 0.2175  max mem: 0
  [120/150]  eta: 0:00:09    time: 0.3042  data: 0.2172  max mem: 0
  [149/150]  eta: 0:00:00    time: 0.3131  data: 0.2253  max mem: 0
 Total time: 0:00:45 (0.3062 s / it)
tensor(3.5437, device='cuda:1')
Epoch: [120]  [ 0/38]  eta: 0:01:15  lr: 0.001000  loss: 1.7375 (1.7375)  time: 1.9744  data: 0.9173  max mem: 0
Epoch: [120]  [37/38]  eta: 0:00:01  lr: 0.001000  loss: 1.1702 (1.6267)  time: 1.9822  data: 0.9460  max mem: 0
Epoch: [120] Total time: 0:01:15 (1.9947 s / it)
  [  0/150]  eta: 0:00:46    time: 0.3067  data: 0.2195  max mem: 0
  [ 40/150]  eta: 0:00:33    time: 0.3052  data: 0.2180  max mem: 0
  [ 80/150]  eta: 0:00:21    time: 0.3031  data: 0.2160  max mem: 0
  [120/150]  eta: 0:00:09    time: 0.3002  data: 0.2133  max mem: 0
  [149/150]  eta: 0:00:00    time: 0.3041  data: 0.2172  max mem: 0
 Total time: 0:00:45 (0.3042 s / it)
tensor(3.4404, device='cuda:1')
Epoch: [121]  [ 0/38]  eta: 0:01:20  lr: 0.001000  loss: 1.5137 (1.5137)  time: 2.1125  data: 1.0531  max mem: 0
Epoch: [121]  [37/38]  eta: 0:00:01  lr: 0.001000  loss: 1.3104 (1.6214)  time: 1.9517  data: 0.9176  max mem: 0
Epoch: [121] Total time: 0:01:15 (1.9796 s / it)
  [  0/150]  eta: 0:00:52    time: 0.3529  data: 0.2654  max mem: 0
  [ 40/150]  eta: 0:00:35    time: 0.3170  data: 0.2278  max mem: 0
  [ 80/150]  eta: 0:00:22    time: 0.3139  data: 0.2268  max mem: 0
  [120/150]  eta: 0:00:09    time: 0.3116  data: 0.2245  max mem: 0
  [149/150]  eta: 0:00:00    time: 0.3163  data: 0.2287  max mem: 0
 Total time: 0:00:47 (0.3165 s / it)
tensor(2.9348, device='cuda:1')
Epoch: [122]  [ 0/38]  eta: 0:01:18  lr: 0.001000  loss: 1.8311 (1.8311)  time: 2.0623  data: 1.0058  max mem: 0
Epoch: [122]  [37/38]  eta: 0:00:01  lr: 0.001000  loss: 1.2142 (1.5159)  time: 1.9553  data: 0.9209  max mem: 0
Epoch: [122] Total time: 0:01:15 (1.9799 s / it)
  [  0/150]  eta: 0:00:47    time: 0.3148  data: 0.2277  max mem: 0
  [ 40/150]  eta: 0:00:34    time: 0.3143  data: 0.2270  max mem: 0
  [ 80/150]  eta: 0:00:21    time: 0.3129  data: 0.2258  max mem: 0
  [120/150]  eta: 0:00:09    time: 0.3129  data: 0.2260  max mem: 0
  [149/150]  eta: 0:00:00    time: 0.3254  data: 0.2382  max mem: 0
 Total time: 0:00:47 (0.3144 s / it)
tensor(2.8752, device='cuda:1')
Epoch: [123]  [ 0/38]  eta: 0:01:18  lr: 0.001000  loss: 1.7410 (1.7410)  time: 2.0707  data: 1.0116  max mem: 0
Epoch: [123]  [37/38]  eta: 0:00:02  lr: 0.001000  loss: 1.1174 (1.5310)  time: 1.9784  data: 0.9443  max mem: 0
Epoch: [123] Total time: 0:01:16 (2.0006 s / it)
  [  0/150]  eta: 0:00:47    time: 0.3190  data: 0.2318  max mem: 0
  [ 40/150]  eta: 0:00:34    time: 0.3152  data: 0.2281  max mem: 0
  [ 80/150]  eta: 0:00:22    time: 0.3131  data: 0.2260  max mem: 0
  [120/150]  eta: 0:00:09    time: 0.3137  data: 0.2265  max mem: 0
  [149/150]  eta: 0:00:00    time: 0.3142  data: 0.2271  max mem: 0
 Total time: 0:00:47 (0.3146 s / it)
tensor(3.2000, device='cuda:1')
Epoch: [124]  [ 0/38]  eta: 0:01:17  lr: 0.001000  loss: 1.3996 (1.3996)  time: 2.0416  data: 0.9864  max mem: 0
Epoch: [124]  [37/38]  eta: 0:00:01  lr: 0.001000  loss: 1.5066 (1.5892)  time: 1.9199  data: 0.8848  max mem: 0
Epoch: [124] Total time: 0:01:14 (1.9627 s / it)
  [  0/150]  eta: 0:00:46    time: 0.3100  data: 0.2228  max mem: 0
  [ 40/150]  eta: 0:00:34    time: 0.3153  data: 0.2283  max mem: 0
  [ 80/150]  eta: 0:00:21    time: 0.3138  data: 0.2267  max mem: 0
  [120/150]  eta: 0:00:09    time: 0.3152  data: 0.2281  max mem: 0
  [149/150]  eta: 0:00:00    time: 0.3175  data: 0.2304  max mem: 0
 Total time: 0:00:47 (0.3138 s / it)
tensor(3.2171, device='cuda:1')
Epoch: [125]  [ 0/38]  eta: 0:01:16  lr: 0.001000  loss: 1.9430 (1.9430)  time: 2.0174  data: 0.9594  max mem: 0
Epoch: [125]  [37/38]  eta: 0:00:01  lr: 0.001000  loss: 1.0852 (1.6075)  time: 1.9914  data: 0.9574  max mem: 0
Epoch: [125] Total time: 0:01:15 (1.9784 s / it)
  [  0/150]  eta: 0:00:50    time: 0.3370  data: 0.2499  max mem: 0
  [ 40/150]  eta: 0:00:37    time: 0.3395  data: 0.2524  max mem: 0
  [ 80/150]  eta: 0:00:23    time: 0.3380  data: 0.2509  max mem: 0
  [120/150]  eta: 0:00:10    time: 0.3391  data: 0.2520  max mem: 0
  [149/150]  eta: 0:00:00    time: 0.3393  data: 0.2522  max mem: 0
 Total time: 0:00:50 (0.3388 s / it)
tensor(3.2884, device='cuda:1')
Epoch: [126]  [ 0/38]  eta: 0:01:17  lr: 0.001000  loss: 1.7825 (1.7825)  time: 2.0499  data: 0.9919  max mem: 0
Epoch: [126]  [37/38]  eta: 0:00:01  lr: 0.001000  loss: 1.1363 (1.6400)  time: 1.9046  data: 0.8714  max mem: 0
Epoch: [126] Total time: 0:01:13 (1.9351 s / it)
  [  0/150]  eta: 0:00:46    time: 0.3088  data: 0.2215  max mem: 0
  [ 40/150]  eta: 0:00:34    time: 0.3083  data: 0.2211  max mem: 0
  [ 80/150]  eta: 0:00:21    time: 0.3075  data: 0.2204  max mem: 0
  [120/150]  eta: 0:00:09    time: 0.3076  data: 0.2205  max mem: 0
  [149/150]  eta: 0:00:00    time: 0.3071  data: 0.2200  max mem: 0
 Total time: 0:00:46 (0.3080 s / it)
tensor(2.7179, device='cuda:1')
Epoch: [127]  [ 0/38]  eta: 0:01:17  lr: 0.001000  loss: 1.4825 (1.4825)  time: 2.0454  data: 0.9877  max mem: 0
Epoch: [127]  [37/38]  eta: 0:00:01  lr: 0.001000  loss: 1.1206 (1.6327)  time: 1.9267  data: 0.8890  max mem: 0
Epoch: [127] Total time: 0:01:13 (1.9368 s / it)
  [  0/150]  eta: 0:00:57    time: 0.3841  data: 0.2886  max mem: 0
  [ 40/150]  eta: 0:00:35    time: 0.3102  data: 0.2231  max mem: 0
  [ 80/150]  eta: 0:00:22    time: 0.3103  data: 0.2231  max mem: 0
  [120/150]  eta: 0:00:09    time: 0.3164  data: 0.2293  max mem: 0
  [149/150]  eta: 0:00:00    time: 0.3094  data: 0.2223  max mem: 0
 Total time: 0:00:46 (0.3133 s / it)
tensor(3.0800, device='cuda:1')
Epoch: [128]  [ 0/38]  eta: 0:01:18  lr: 0.001000  loss: 2.0599 (2.0599)  time: 2.0738  data: 1.0136  max mem: 0
Epoch: [128]  [37/38]  eta: 0:00:01  lr: 0.001000  loss: 1.0072 (1.5633)  time: 1.9423  data: 0.9051  max mem: 0
Epoch: [128] Total time: 0:01:14 (1.9718 s / it)
  [  0/150]  eta: 0:00:46    time: 0.3090  data: 0.2219  max mem: 0
  [ 40/150]  eta: 0:00:34    time: 0.3093  data: 0.2223  max mem: 0
  [ 80/150]  eta: 0:00:21    time: 0.3189  data: 0.2291  max mem: 0
  [120/150]  eta: 0:00:09    time: 0.3124  data: 0.2254  max mem: 0
  [149/150]  eta: 0:00:00    time: 0.3141  data: 0.2270  max mem: 0
 Total time: 0:00:47 (0.3144 s / it)
tensor(2.5190, device='cuda:1')
Epoch: [129]  [ 0/38]  eta: 0:01:14  lr: 0.001000  loss: 1.5211 (1.5211)  time: 1.9637  data: 0.9059  max mem: 0
Epoch: [129]  [37/38]  eta: 0:00:01  lr: 0.001000  loss: 1.4078 (1.5797)  time: 1.9372  data: 0.9002  max mem: 0
Epoch: [129] Total time: 0:01:14 (1.9647 s / it)
  [  0/150]  eta: 0:00:47    time: 0.3150  data: 0.2275  max mem: 0
  [ 40/150]  eta: 0:00:35    time: 0.3182  data: 0.2311  max mem: 0
  [ 80/150]  eta: 0:00:22    time: 0.3105  data: 0.2234  max mem: 0
  [120/150]  eta: 0:00:09    time: 0.3107  data: 0.2237  max mem: 0
  [149/150]  eta: 0:00:00    time: 0.3117  data: 0.2246  max mem: 0
 Total time: 0:00:47 (0.3139 s / it)
tensor(2.5832, device='cuda:1')
Epoch: [130]  [ 0/38]  eta: 0:01:17  lr: 0.001000  loss: 1.5615 (1.5615)  time: 2.0509  data: 0.9909  max mem: 0
Epoch: [130]  [37/38]  eta: 0:00:01  lr: 0.001000  loss: 1.0766 (1.5362)  time: 1.9150  data: 0.8795  max mem: 0
Epoch: [130] Total time: 0:01:14 (1.9490 s / it)
  [  0/150]  eta: 0:00:46    time: 0.3118  data: 0.2245  max mem: 0
  [ 40/150]  eta: 0:00:34    time: 0.3101  data: 0.2232  max mem: 0
  [ 80/150]  eta: 0:00:22    time: 0.3321  data: 0.2425  max mem: 0
  [120/150]  eta: 0:00:09    time: 0.3196  data: 0.2323  max mem: 0
  [149/150]  eta: 0:00:00    time: 0.3301  data: 0.2428  max mem: 0
 Total time: 0:00:47 (0.3195 s / it)
tensor(2.8819, device='cuda:1')
Epoch: [131]  [ 0/38]  eta: 0:01:18  lr: 0.001000  loss: 1.5754 (1.5754)  time: 2.0527  data: 0.9938  max mem: 0
Epoch: [131]  [37/38]  eta: 0:00:01  lr: 0.001000  loss: 1.2253 (1.5151)  time: 1.9350  data: 0.8999  max mem: 0
Epoch: [131] Total time: 0:01:14 (1.9582 s / it)
  [  0/150]  eta: 0:00:46    time: 0.3130  data: 0.2258  max mem: 0
  [ 40/150]  eta: 0:00:34    time: 0.3133  data: 0.2263  max mem: 0
  [ 80/150]  eta: 0:00:21    time: 0.3146  data: 0.2275  max mem: 0
  [120/150]  eta: 0:00:09    time: 0.3145  data: 0.2274  max mem: 0
  [149/150]  eta: 0:00:00    time: 0.3146  data: 0.2275  max mem: 0
 Total time: 0:00:47 (0.3140 s / it)
tensor(3.2549, device='cuda:1')
Epoch: [132]  [ 0/38]  eta: 0:01:18  lr: 0.001000  loss: 1.8691 (1.8691)  time: 2.0732  data: 1.0142  max mem: 0
Epoch: [132]  [37/38]  eta: 0:00:02  lr: 0.001000  loss: 1.0452 (1.5848)  time: 1.9958  data: 0.9606  max mem: 0
Epoch: [132] Total time: 0:01:17 (2.0420 s / it)
  [  0/150]  eta: 0:00:48    time: 0.3232  data: 0.2359  max mem: 0
  [ 40/150]  eta: 0:00:35    time: 0.3222  data: 0.2351  max mem: 0
  [ 80/150]  eta: 0:00:22    time: 0.3210  data: 0.2340  max mem: 0
  [120/150]  eta: 0:00:09    time: 0.3214  data: 0.2343  max mem: 0
  [149/150]  eta: 0:00:00    time: 0.3185  data: 0.2314  max mem: 0
 Total time: 0:00:48 (0.3209 s / it)
tensor(2.9207, device='cuda:1')
Epoch: [133]  [ 0/38]  eta: 0:01:17  lr: 0.001000  loss: 1.5757 (1.5757)  time: 2.0284  data: 0.9689  max mem: 0
Epoch: [133]  [37/38]  eta: 0:00:01  lr: 0.001000  loss: 1.0483 (1.5114)  time: 1.9197  data: 0.8852  max mem: 0
Epoch: [133] Total time: 0:01:14 (1.9570 s / it)
  [  0/150]  eta: 0:00:47    time: 0.3149  data: 0.2276  max mem: 0
  [ 40/150]  eta: 0:00:34    time: 0.3141  data: 0.2269  max mem: 0
  [ 80/150]  eta: 0:00:22    time: 0.3127  data: 0.2256  max mem: 0
  [120/150]  eta: 0:00:09    time: 0.3150  data: 0.2279  max mem: 0
  [149/150]  eta: 0:00:00    time: 0.3169  data: 0.2298  max mem: 0
 Total time: 0:00:47 (0.3150 s / it)
tensor(2.5777, device='cuda:1')
Epoch: [134]  [ 0/38]  eta: 0:01:16  lr: 0.001000  loss: 1.2221 (1.2221)  time: 2.0097  data: 0.9491  max mem: 0
Epoch: [134]  [37/38]  eta: 0:00:01  lr: 0.001000  loss: 1.1751 (1.4437)  time: 1.9555  data: 0.9200  max mem: 0
Epoch: [134] Total time: 0:01:15 (1.9853 s / it)
  [  0/150]  eta: 0:00:52    time: 0.3484  data: 0.2609  max mem: 0
  [ 40/150]  eta: 0:00:35    time: 0.3131  data: 0.2260  max mem: 0
  [ 80/150]  eta: 0:00:22    time: 0.3134  data: 0.2263  max mem: 0
  [120/150]  eta: 0:00:09    time: 0.3133  data: 0.2262  max mem: 0
  [149/150]  eta: 0:00:00    time: 0.3141  data: 0.2270  max mem: 0
 Total time: 0:00:47 (0.3151 s / it)
tensor(2.5695, device='cuda:1')
Epoch: [135]  [ 0/38]  eta: 0:01:14  lr: 0.001000  loss: 1.3488 (1.3488)  time: 1.9641  data: 0.9062  max mem: 0
Epoch: [135]  [37/38]  eta: 0:00:01  lr: 0.001000  loss: 1.1751 (1.3414)  time: 1.9394  data: 0.9046  max mem: 0
Epoch: [135] Total time: 0:01:14 (1.9519 s / it)
  [  0/150]  eta: 0:00:47    time: 0.3146  data: 0.2273  max mem: 0
  [ 40/150]  eta: 0:00:35    time: 0.3208  data: 0.2337  max mem: 0
  [ 80/150]  eta: 0:00:22    time: 0.3137  data: 0.2266  max mem: 0
  [120/150]  eta: 0:00:09    time: 0.3130  data: 0.2259  max mem: 0
  [149/150]  eta: 0:00:00    time: 0.3124  data: 0.2253  max mem: 0
 Total time: 0:00:47 (0.3157 s / it)
tensor(2.9829, device='cuda:1')
Epoch: [136]  [ 0/38]  eta: 0:01:13  lr: 0.001000  loss: 1.6642 (1.6642)  time: 1.9293  data: 0.8698  max mem: 0
Epoch: [136]  [37/38]  eta: 0:00:01  lr: 0.001000  loss: 0.8093 (1.3998)  time: 1.9012  data: 0.8659  max mem: 0
Epoch: [136] Total time: 0:01:13 (1.9243 s / it)
  [  0/150]  eta: 0:00:46    time: 0.3078  data: 0.2206  max mem: 0
  [ 40/150]  eta: 0:00:34    time: 0.3121  data: 0.2229  max mem: 0
  [ 80/150]  eta: 0:00:21    time: 0.3087  data: 0.2216  max mem: 0
  [120/150]  eta: 0:00:09    time: 0.3096  data: 0.2225  max mem: 0
  [149/150]  eta: 0:00:00    time: 0.3088  data: 0.2218  max mem: 0
 Total time: 0:00:46 (0.3093 s / it)
tensor(3.1027, device='cuda:1')
Epoch: [137]  [ 0/38]  eta: 0:01:13  lr: 0.001000  loss: 1.7338 (1.7338)  time: 1.9257  data: 0.8704  max mem: 0
Epoch: [137]  [37/38]  eta: 0:00:01  lr: 0.001000  loss: 1.2318 (1.5909)  time: 1.9242  data: 0.8897  max mem: 0
Epoch: [137] Total time: 0:01:13 (1.9411 s / it)
  [  0/150]  eta: 0:00:45    time: 0.3066  data: 0.2196  max mem: 0
  [ 40/150]  eta: 0:00:33    time: 0.3067  data: 0.2198  max mem: 0
  [ 80/150]  eta: 0:00:21    time: 0.3065  data: 0.2195  max mem: 0
  [120/150]  eta: 0:00:09    time: 0.3115  data: 0.2228  max mem: 0
  [149/150]  eta: 0:00:00    time: 0.3228  data: 0.2356  max mem: 0
 Total time: 0:00:46 (0.3097 s / it)
tensor(3.0214, device='cuda:1')
Epoch: [138]  [ 0/38]  eta: 0:01:13  lr: 0.001000  loss: 1.4271 (1.4271)  time: 1.9310  data: 0.8722  max mem: 0
Epoch: [138]  [37/38]  eta: 0:00:01  lr: 0.001000  loss: 1.3757 (1.5625)  time: 1.8995  data: 0.8640  max mem: 0
Epoch: [138] Total time: 0:01:13 (1.9232 s / it)
  [  0/150]  eta: 0:00:46    time: 0.3085  data: 0.2210  max mem: 0
  [ 40/150]  eta: 0:00:33    time: 0.3072  data: 0.2201  max mem: 0
  [ 80/150]  eta: 0:00:21    time: 0.3071  data: 0.2201  max mem: 0
  [120/150]  eta: 0:00:09    time: 0.3076  data: 0.2204  max mem: 0
  [149/150]  eta: 0:00:00    time: 0.3082  data: 0.2210  max mem: 0
 Total time: 0:00:46 (0.3074 s / it)
tensor(2.9478, device='cuda:1')
Epoch: [139]  [ 0/38]  eta: 0:01:13  lr: 0.001000  loss: 1.6697 (1.6697)  time: 1.9327  data: 0.8763  max mem: 0
Epoch: [139]  [37/38]  eta: 0:00:01  lr: 0.001000  loss: 1.0853 (1.4856)  time: 1.9038  data: 0.8686  max mem: 0
Epoch: [139] Total time: 0:01:13 (1.9228 s / it)
  [  0/150]  eta: 0:00:46    time: 0.3083  data: 0.2209  max mem: 0
  [ 40/150]  eta: 0:00:33    time: 0.3070  data: 0.2198  max mem: 0
  [ 80/150]  eta: 0:00:21    time: 0.3067  data: 0.2196  max mem: 0
  [120/150]  eta: 0:00:09    time: 0.3066  data: 0.2195  max mem: 0
  [149/150]  eta: 0:00:00    time: 0.3064  data: 0.2193  max mem: 0
 Total time: 0:00:46 (0.3068 s / it)
tensor(2.9917, device='cuda:1')
Epoch: [140]  [ 0/38]  eta: 0:01:13  lr: 0.001000  loss: 1.4921 (1.4921)  time: 1.9241  data: 0.8648  max mem: 0
Epoch: [140]  [37/38]  eta: 0:00:01  lr: 0.001000  loss: 0.8233 (1.3896)  time: 1.8986  data: 0.8634  max mem: 0
Epoch: [140] Total time: 0:01:13 (1.9274 s / it)
  [  0/150]  eta: 0:00:46    time: 0.3081  data: 0.2209  max mem: 0
  [ 40/150]  eta: 0:00:33    time: 0.3083  data: 0.2211  max mem: 0
  [ 80/150]  eta: 0:00:21    time: 0.3109  data: 0.2238  max mem: 0
  [120/150]  eta: 0:00:09    time: 0.3071  data: 0.2200  max mem: 0
  [149/150]  eta: 0:00:00    time: 0.3061  data: 0.2190  max mem: 0
 Total time: 0:00:46 (0.3081 s / it)
tensor(3.5232, device='cuda:1')
Epoch: [141]  [ 0/38]  eta: 0:01:13  lr: 0.001000  loss: 1.3615 (1.3615)  time: 1.9287  data: 0.8710  max mem: 0
Epoch: [141]  [37/38]  eta: 0:00:01  lr: 0.001000  loss: 1.2563 (1.3451)  time: 1.9026  data: 0.8692  max mem: 0
Epoch: [141] Total time: 0:01:12 (1.9203 s / it)
  [  0/150]  eta: 0:00:45    time: 0.3066  data: 0.2193  max mem: 0
  [ 40/150]  eta: 0:00:33    time: 0.3063  data: 0.2193  max mem: 0
  [ 80/150]  eta: 0:00:21    time: 0.3050  data: 0.2180  max mem: 0
  [120/150]  eta: 0:00:09    time: 0.3048  data: 0.2178  max mem: 0
  [149/150]  eta: 0:00:00    time: 0.3059  data: 0.2189  max mem: 0
 Total time: 0:00:45 (0.3059 s / it)
tensor(2.8884, device='cuda:1')
Epoch: [142]  [ 0/38]  eta: 0:01:13  lr: 0.001000  loss: 1.4884 (1.4884)  time: 1.9226  data: 0.8646  max mem: 0
Epoch: [142]  [37/38]  eta: 0:00:01  lr: 0.001000  loss: 1.1084 (1.3352)  time: 1.8939  data: 0.8591  max mem: 0
Epoch: [142] Total time: 0:01:12 (1.9138 s / it)
  [  0/150]  eta: 0:00:46    time: 0.3081  data: 0.2210  max mem: 0
  [ 40/150]  eta: 0:00:33    time: 0.3061  data: 0.2191  max mem: 0
  [ 80/150]  eta: 0:00:21    time: 0.3055  data: 0.2186  max mem: 0
  [120/150]  eta: 0:00:09    time: 0.3074  data: 0.2204  max mem: 0
  [149/150]  eta: 0:00:00    time: 0.3104  data: 0.2233  max mem: 0
 Total time: 0:00:46 (0.3070 s / it)
tensor(2.9405, device='cuda:1')
Epoch: [143]  [ 0/38]  eta: 0:01:13  lr: 0.001000  loss: 1.7331 (1.7331)  time: 1.9374  data: 0.8794  max mem: 0
Epoch: [143]  [37/38]  eta: 0:00:01  lr: 0.001000  loss: 0.8837 (1.3392)  time: 1.8907  data: 0.8564  max mem: 0
Epoch: [143] Total time: 0:01:13 (1.9231 s / it)
  [  0/150]  eta: 0:00:46    time: 0.3078  data: 0.2207  max mem: 0
  [ 40/150]  eta: 0:00:34    time: 0.3074  data: 0.2203  max mem: 0
  [ 80/150]  eta: 0:00:22    time: 0.3117  data: 0.2241  max mem: 0
  [120/150]  eta: 0:00:09    time: 0.3066  data: 0.2195  max mem: 0
  [149/150]  eta: 0:00:00    time: 0.3227  data: 0.2355  max mem: 0
 Total time: 0:00:47 (0.3150 s / it)
tensor(2.5616, device='cuda:1')
Epoch: [144]  [ 0/38]  eta: 0:01:13  lr: 0.001000  loss: 1.2396 (1.2396)  time: 1.9391  data: 0.8777  max mem: 0
Epoch: [144]  [37/38]  eta: 0:00:01  lr: 0.001000  loss: 0.8247 (1.3366)  time: 1.9052  data: 0.8694  max mem: 0
Epoch: [144] Total time: 0:01:13 (1.9426 s / it)
  [  0/150]  eta: 0:00:46    time: 0.3072  data: 0.2201  max mem: 0
  [ 40/150]  eta: 0:00:33    time: 0.3058  data: 0.2189  max mem: 0
  [ 80/150]  eta: 0:00:21    time: 0.3051  data: 0.2181  max mem: 0
  [120/150]  eta: 0:00:09    time: 0.3050  data: 0.2180  max mem: 0
  [149/150]  eta: 0:00:00    time: 0.3055  data: 0.2185  max mem: 0
 Total time: 0:00:45 (0.3055 s / it)
tensor(3.5825, device='cuda:1')
Epoch: [145]  [ 0/38]  eta: 0:01:13  lr: 0.001000  loss: 1.1846 (1.1846)  time: 1.9362  data: 0.8771  max mem: 0
Epoch: [145]  [37/38]  eta: 0:00:01  lr: 0.001000  loss: 1.0722 (1.2940)  time: 1.8930  data: 0.8593  max mem: 0
Epoch: [145] Total time: 0:01:13 (1.9220 s / it)
  [  0/150]  eta: 0:00:46    time: 0.3090  data: 0.2217  max mem: 0
  [ 40/150]  eta: 0:00:33    time: 0.3060  data: 0.2189  max mem: 0
  [ 80/150]  eta: 0:00:21    time: 0.3034  data: 0.2164  max mem: 0
  [120/150]  eta: 0:00:09    time: 0.3039  data: 0.2169  max mem: 0
  [149/150]  eta: 0:00:00    time: 0.3108  data: 0.2232  max mem: 0
 Total time: 0:00:45 (0.3060 s / it)
tensor(3.1740, device='cuda:1')
Epoch: [146]  [ 0/38]  eta: 0:01:13  lr: 0.001000  loss: 1.7126 (1.7126)  time: 1.9233  data: 0.8671  max mem: 0
Epoch: [146]  [37/38]  eta: 0:00:01  lr: 0.001000  loss: 1.0194 (1.3304)  time: 1.8930  data: 0.8591  max mem: 0
Epoch: [146] Total time: 0:01:12 (1.9119 s / it)
  [  0/150]  eta: 0:00:46    time: 0.3084  data: 0.2210  max mem: 0
  [ 40/150]  eta: 0:00:33    time: 0.3100  data: 0.2229  max mem: 0
  [ 80/150]  eta: 0:00:21    time: 0.3170  data: 0.2298  max mem: 0
  [120/150]  eta: 0:00:09    time: 0.3116  data: 0.2244  max mem: 0
  [149/150]  eta: 0:00:00    time: 0.3114  data: 0.2243  max mem: 0
 Total time: 0:00:47 (0.3135 s / it)
tensor(2.7176, device='cuda:1')
Epoch: [147]  [ 0/38]  eta: 0:01:13  lr: 0.001000  loss: 1.1354 (1.1354)  time: 1.9398  data: 0.8822  max mem: 0
Epoch: [147]  [37/38]  eta: 0:00:01  lr: 0.001000  loss: 0.9372 (1.3440)  time: 1.9134  data: 0.8792  max mem: 0
Epoch: [147] Total time: 0:01:13 (1.9359 s / it)
  [  0/150]  eta: 0:00:46    time: 0.3106  data: 0.2233  max mem: 0
  [ 40/150]  eta: 0:00:34    time: 0.3114  data: 0.2243  max mem: 0
  [ 80/150]  eta: 0:00:21    time: 0.3094  data: 0.2222  max mem: 0
  [120/150]  eta: 0:00:09    time: 0.3089  data: 0.2218  max mem: 0
  [149/150]  eta: 0:00:00    time: 0.3131  data: 0.2260  max mem: 0
 Total time: 0:00:46 (0.3103 s / it)
tensor(2.8926, device='cuda:1')
Epoch: [148]  [ 0/38]  eta: 0:01:16  lr: 0.001000  loss: 1.4153 (1.4153)  time: 2.0038  data: 0.9441  max mem: 0
Epoch: [148]  [37/38]  eta: 0:00:01  lr: 0.001000  loss: 0.8545 (1.3575)  time: 1.9051  data: 0.8711  max mem: 0
Epoch: [148] Total time: 0:01:13 (1.9286 s / it)
  [  0/150]  eta: 0:00:46    time: 0.3109  data: 0.2237  max mem: 0
  [ 40/150]  eta: 0:00:34    time: 0.3159  data: 0.2285  max mem: 0
  [ 80/150]  eta: 0:00:21    time: 0.3093  data: 0.2222  max mem: 0
  [120/150]  eta: 0:00:09    time: 0.3159  data: 0.2285  max mem: 0
  [149/150]  eta: 0:00:00    time: 0.3111  data: 0.2239  max mem: 0
 Total time: 0:00:46 (0.3127 s / it)
tensor(3.0853, device='cuda:1')
Epoch: [149]  [ 0/38]  eta: 0:01:13  lr: 0.001000  loss: 1.5577 (1.5577)  time: 1.9385  data: 0.8791  max mem: 0
Epoch: [149]  [37/38]  eta: 0:00:01  lr: 0.001000  loss: 1.0890 (1.3933)  time: 1.9227  data: 0.8887  max mem: 0
Epoch: [149] Total time: 0:01:13 (1.9383 s / it)
  [  0/150]  eta: 0:00:46    time: 0.3102  data: 0.2229  max mem: 0
  [ 40/150]  eta: 0:00:34    time: 0.3139  data: 0.2268  max mem: 0
  [ 80/150]  eta: 0:00:21    time: 0.3112  data: 0.2241  max mem: 0
  [120/150]  eta: 0:00:09    time: 0.3113  data: 0.2242  max mem: 0
  [149/150]  eta: 0:00:00    time: 0.3107  data: 0.2236  max mem: 0
 Total time: 0:00:46 (0.3106 s / it)
tensor(3.1565, device='cuda:1')
Epoch: [150]  [ 0/38]  eta: 0:01:14  lr: 0.001000  loss: 1.3488 (1.3488)  time: 1.9540  data: 0.8953  max mem: 0
Epoch: [150]  [37/38]  eta: 0:00:01  lr: 0.001000  loss: 1.3282 (1.3451)  time: 1.9116  data: 0.8770  max mem: 0
Epoch: [150] Total time: 0:01:13 (1.9440 s / it)
  [  0/150]  eta: 0:00:46    time: 0.3069  data: 0.2197  max mem: 0
  [ 40/150]  eta: 0:00:33    time: 0.3105  data: 0.2220  max mem: 0
  [ 80/150]  eta: 0:00:21    time: 0.3086  data: 0.2215  max mem: 0
  [120/150]  eta: 0:00:09    time: 0.3082  data: 0.2211  max mem: 0
  [149/150]  eta: 0:00:00    time: 0.3080  data: 0.2210  max mem: 0
 Total time: 0:00:46 (0.3082 s / it)
tensor(3.2650, device='cuda:1')
Epoch: [151]  [ 0/38]  eta: 0:01:12  lr: 0.001000  loss: 1.3551 (1.3551)  time: 1.9186  data: 0.8618  max mem: 0
Epoch: [151]  [37/38]  eta: 0:00:01  lr: 0.001000  loss: 1.1641 (1.2738)  time: 1.9504  data: 0.9141  max mem: 0
Epoch: [151] Total time: 0:01:13 (1.9409 s / it)
  [  0/150]  eta: 0:00:47    time: 0.3140  data: 0.2266  max mem: 0
  [ 40/150]  eta: 0:00:35    time: 0.3377  data: 0.2459  max mem: 0
  [ 80/150]  eta: 0:00:22    time: 0.3135  data: 0.2264  max mem: 0
  [120/150]  eta: 0:00:09    time: 0.3133  data: 0.2262  max mem: 0
  [149/150]  eta: 0:00:00    time: 0.3153  data: 0.2281  max mem: 0
 Total time: 0:00:47 (0.3177 s / it)
tensor(3.0544, device='cuda:1')
Epoch: [152]  [ 0/38]  eta: 0:01:13  lr: 0.001000  loss: 1.5004 (1.5004)  time: 1.9261  data: 0.8660  max mem: 0
Epoch: [152]  [37/38]  eta: 0:00:01  lr: 0.001000  loss: 0.7432 (1.3241)  time: 1.8741  data: 0.8382  max mem: 0
Epoch: [152] Total time: 0:01:12 (1.9011 s / it)
  [  0/150]  eta: 0:00:45    time: 0.3046  data: 0.2173  max mem: 0
  [ 40/150]  eta: 0:00:33    time: 0.3045  data: 0.2174  max mem: 0
  [ 80/150]  eta: 0:00:21    time: 0.3035  data: 0.2164  max mem: 0
  [120/150]  eta: 0:00:09    time: 0.3038  data: 0.2167  max mem: 0
  [149/150]  eta: 0:00:00    time: 0.3041  data: 0.2170  max mem: 0
 Total time: 0:00:45 (0.3041 s / it)
tensor(3.2835, device='cuda:1')
Epoch: [153]  [ 0/38]  eta: 0:01:12  lr: 0.001000  loss: 1.0081 (1.0081)  time: 1.9090  data: 0.8479  max mem: 0
Epoch: [153]  [37/38]  eta: 0:00:01  lr: 0.001000  loss: 1.1788 (1.3116)  time: 1.8770  data: 0.8421  max mem: 0
Epoch: [153] Total time: 0:01:12 (1.9034 s / it)
  [  0/150]  eta: 0:00:45    time: 0.3042  data: 0.2170  max mem: 0
  [ 40/150]  eta: 0:00:33    time: 0.3038  data: 0.2167  max mem: 0
  [ 80/150]  eta: 0:00:21    time: 0.3041  data: 0.2170  max mem: 0
  [120/150]  eta: 0:00:09    time: 0.3043  data: 0.2172  max mem: 0
  [149/150]  eta: 0:00:00    time: 0.3047  data: 0.2176  max mem: 0
 Total time: 0:00:45 (0.3043 s / it)
tensor(2.7655, device='cuda:1')
Epoch: [154]  [ 0/38]  eta: 0:01:12  lr: 0.001000  loss: 1.5936 (1.5936)  time: 1.9144  data: 0.8575  max mem: 0
Epoch: [154]  [37/38]  eta: 0:00:01  lr: 0.001000  loss: 0.7826 (1.2571)  time: 1.8716  data: 0.8372  max mem: 0
Epoch: [154] Total time: 0:01:12 (1.8965 s / it)
  [  0/150]  eta: 0:00:45    time: 0.3055  data: 0.2183  max mem: 0
  [ 40/150]  eta: 0:00:33    time: 0.3012  data: 0.2141  max mem: 0
  [ 80/150]  eta: 0:00:21    time: 0.3009  data: 0.2138  max mem: 0
  [120/150]  eta: 0:00:09    time: 0.3009  data: 0.2138  max mem: 0
  [149/150]  eta: 0:00:00    time: 0.3010  data: 0.2139  max mem: 0
 Total time: 0:00:45 (0.3009 s / it)
tensor(3.1809, device='cuda:1')
Epoch: [155]  [ 0/38]  eta: 0:01:12  lr: 0.001000  loss: 1.6007 (1.6007)  time: 1.9129  data: 0.8525  max mem: 0
Epoch: [155]  [37/38]  eta: 0:00:01  lr: 0.001000  loss: 0.8735 (1.3119)  time: 1.8844  data: 0.8500  max mem: 0
Epoch: [155] Total time: 0:01:12 (1.9132 s / it)
  [  0/150]  eta: 0:00:45    time: 0.3033  data: 0.2161  max mem: 0
  [ 40/150]  eta: 0:00:33    time: 0.3028  data: 0.2157  max mem: 0
  [ 80/150]  eta: 0:00:21    time: 0.3040  data: 0.2168  max mem: 0
  [120/150]  eta: 0:00:09    time: 0.3049  data: 0.2178  max mem: 0
  [149/150]  eta: 0:00:00    time: 0.3075  data: 0.2204  max mem: 0
 Total time: 0:00:45 (0.3044 s / it)
tensor(2.7776, device='cuda:1')
Epoch: [156]  [ 0/38]  eta: 0:01:12  lr: 0.001000  loss: 1.2985 (1.2985)  time: 1.9109  data: 0.8522  max mem: 0
Epoch: [156]  [37/38]  eta: 0:00:01  lr: 0.001000  loss: 1.1327 (1.3384)  time: 1.8926  data: 0.8577  max mem: 0
Epoch: [156] Total time: 0:01:12 (1.9101 s / it)
  [  0/150]  eta: 0:00:45    time: 0.3020  data: 0.2148  max mem: 0
  [ 40/150]  eta: 0:00:35    time: 0.3149  data: 0.2276  max mem: 0
  [ 80/150]  eta: 0:00:21    time: 0.3045  data: 0.2173  max mem: 0
  [120/150]  eta: 0:00:09    time: 0.3044  data: 0.2172  max mem: 0
  [149/150]  eta: 0:00:00    time: 0.3310  data: 0.2432  max mem: 0
 Total time: 0:00:46 (0.3132 s / it)
tensor(3.0192, device='cuda:1')
Epoch: [157]  [ 0/38]  eta: 0:01:17  lr: 0.001000  loss: 1.4051 (1.4051)  time: 2.0426  data: 0.9828  max mem: 0
Epoch: [157]  [37/38]  eta: 0:00:01  lr: 0.001000  loss: 0.9553 (1.3999)  time: 1.8997  data: 0.8644  max mem: 0
Epoch: [157] Total time: 0:01:13 (1.9267 s / it)
  [  0/150]  eta: 0:00:46    time: 0.3089  data: 0.2218  max mem: 0
  [ 40/150]  eta: 0:00:35    time: 0.3215  data: 0.2320  max mem: 0
  [ 80/150]  eta: 0:00:21    time: 0.3075  data: 0.2200  max mem: 0
  [120/150]  eta: 0:00:09    time: 0.3058  data: 0.2186  max mem: 0
  [149/150]  eta: 0:00:00    time: 0.3048  data: 0.2177  max mem: 0
 Total time: 0:00:46 (0.3103 s / it)
tensor(3.3788, device='cuda:1')
Epoch: [158]  [ 0/38]  eta: 0:01:12  lr: 0.001000  loss: 1.5323 (1.5323)  time: 1.9103  data: 0.8522  max mem: 0
Epoch: [158]  [37/38]  eta: 0:00:01  lr: 0.001000  loss: 1.2045 (1.4096)  time: 1.8995  data: 0.8642  max mem: 0
Epoch: [158] Total time: 0:01:12 (1.9114 s / it)
  [  0/150]  eta: 0:00:49    time: 0.3274  data: 0.2403  max mem: 0
  [ 40/150]  eta: 0:00:37    time: 0.3371  data: 0.2495  max mem: 0
  [ 80/150]  eta: 0:00:23    time: 0.3419  data: 0.2545  max mem: 0
  [120/150]  eta: 0:00:10    time: 0.3285  data: 0.2410  max mem: 0
  [149/150]  eta: 0:00:00    time: 0.3451  data: 0.2570  max mem: 0
 Total time: 0:00:50 (0.3376 s / it)
tensor(3.4249, device='cuda:1')
Epoch: [159]  [ 0/38]  eta: 0:01:13  lr: 0.001000  loss: 1.2563 (1.2563)  time: 1.9445  data: 0.8835  max mem: 0
Epoch: [159]  [37/38]  eta: 0:00:02  lr: 0.001000  loss: 1.0571 (1.3704)  time: 1.9593  data: 0.9213  max mem: 0
Epoch: [159] Total time: 0:01:16 (2.0124 s / it)
  [  0/150]  eta: 0:00:45    time: 0.3052  data: 0.2180  max mem: 0
  [ 40/150]  eta: 0:00:34    time: 0.3222  data: 0.2352  max mem: 0
  [ 80/150]  eta: 0:00:21    time: 0.3025  data: 0.2156  max mem: 0
  [120/150]  eta: 0:00:09    time: 0.3198  data: 0.2324  max mem: 0
  [149/150]  eta: 0:00:00    time: 0.3093  data: 0.2222  max mem: 0
 Total time: 0:00:47 (0.3155 s / it)
tensor(3.1222, device='cuda:1')
Epoch: [160]  [ 0/38]  eta: 0:01:20  lr: 0.001000  loss: 1.3729 (1.3729)  time: 2.1228  data: 1.0585  max mem: 0
Epoch: [160]  [37/38]  eta: 0:00:01  lr: 0.001000  loss: 1.2614 (1.4479)  time: 1.8786  data: 0.8428  max mem: 0
Epoch: [160] Total time: 0:01:12 (1.9165 s / it)
  [  0/150]  eta: 0:00:46    time: 0.3099  data: 0.2228  max mem: 0
  [ 40/150]  eta: 0:00:35    time: 0.3153  data: 0.2280  max mem: 0
  [ 80/150]  eta: 0:00:22    time: 0.3039  data: 0.2169  max mem: 0
  [120/150]  eta: 0:00:09    time: 0.3022  data: 0.2152  max mem: 0
  [149/150]  eta: 0:00:00    time: 0.3183  data: 0.2304  max mem: 0
 Total time: 0:00:46 (0.3114 s / it)
tensor(2.9616, device='cuda:1')
Epoch: [161]  [ 0/38]  eta: 0:01:13  lr: 0.001000  loss: 1.5105 (1.5105)  time: 1.9258  data: 0.8655  max mem: 0
Epoch: [161]  [37/38]  eta: 0:00:01  lr: 0.001000  loss: 1.3324 (1.4868)  time: 1.8836  data: 0.8473  max mem: 0
Epoch: [161] Total time: 0:01:14 (1.9511 s / it)
  [  0/150]  eta: 0:00:46    time: 0.3087  data: 0.2214  max mem: 0
  [ 40/150]  eta: 0:00:33    time: 0.3086  data: 0.2210  max mem: 0
  [ 80/150]  eta: 0:00:21    time: 0.3114  data: 0.2233  max mem: 0
  [120/150]  eta: 0:00:09    time: 0.3049  data: 0.2178  max mem: 0
  [149/150]  eta: 0:00:00    time: 0.3055  data: 0.2183  max mem: 0
 Total time: 0:00:46 (0.3093 s / it)
tensor(3.5856, device='cuda:1')
Epoch: [162]  [ 0/38]  eta: 0:01:17  lr: 0.001000  loss: 1.6817 (1.6817)  time: 2.0334  data: 0.9721  max mem: 0
Epoch: [162]  [37/38]  eta: 0:00:02  lr: 0.001000  loss: 0.8709 (1.4650)  time: 2.0156  data: 0.9762  max mem: 0
Epoch: [162] Total time: 0:01:16 (2.0045 s / it)
  [  0/150]  eta: 0:00:47    time: 0.3175  data: 0.2298  max mem: 0
  [ 40/150]  eta: 0:00:36    time: 0.3468  data: 0.2594  max mem: 0
  [ 80/150]  eta: 0:00:23    time: 0.3391  data: 0.2519  max mem: 0
  [120/150]  eta: 0:00:10    time: 0.3544  data: 0.2659  max mem: 0
  [149/150]  eta: 0:00:00    time: 0.3376  data: 0.2477  max mem: 0
 Total time: 0:00:50 (0.3344 s / it)
tensor(4.1373, device='cuda:1')
Epoch: [163]  [ 0/38]  eta: 0:01:19  lr: 0.001000  loss: 1.2939 (1.2939)  time: 2.1015  data: 1.0385  max mem: 0
Epoch: [163]  [37/38]  eta: 0:00:02  lr: 0.001000  loss: 1.0275 (1.4088)  time: 2.1199  data: 1.0771  max mem: 0
Epoch: [163] Total time: 0:01:20 (2.1267 s / it)
  [  0/150]  eta: 0:00:52    time: 0.3521  data: 0.2627  max mem: 0
  [ 40/150]  eta: 0:00:38    time: 0.3481  data: 0.2584  max mem: 0
  [ 80/150]  eta: 0:00:24    time: 0.3467  data: 0.2574  max mem: 0
  [120/150]  eta: 0:00:10    time: 0.3409  data: 0.2537  max mem: 0
  [149/150]  eta: 0:00:00    time: 0.3480  data: 0.2594  max mem: 0
 Total time: 0:00:52 (0.3467 s / it)
tensor(2.9800, device='cuda:1')
Epoch: [164]  [ 0/38]  eta: 0:01:13  lr: 0.001000  loss: 1.3158 (1.3158)  time: 1.9411  data: 0.8805  max mem: 0
Epoch: [164]  [37/38]  eta: 0:00:02  lr: 0.001000  loss: 1.0384 (1.3378)  time: 2.0150  data: 0.9769  max mem: 0
Epoch: [164] Total time: 0:01:16 (2.0183 s / it)
  [  0/150]  eta: 0:00:58    time: 0.3891  data: 0.3019  max mem: 0
  [ 40/150]  eta: 0:00:36    time: 0.3529  data: 0.2652  max mem: 0
  [ 80/150]  eta: 0:00:23    time: 0.3358  data: 0.2486  max mem: 0
  [120/150]  eta: 0:00:09    time: 0.3337  data: 0.2459  max mem: 0
  [149/150]  eta: 0:00:00    time: 0.3272  data: 0.2396  max mem: 0
 Total time: 0:00:49 (0.3294 s / it)
tensor(3.3407, device='cuda:1')
Epoch: [165]  [ 0/38]  eta: 0:01:14  lr: 0.001000  loss: 1.4398 (1.4398)  time: 1.9502  data: 0.8879  max mem: 0
Epoch: [165]  [37/38]  eta: 0:00:02  lr: 0.001000  loss: 0.9929 (1.2994)  time: 2.0139  data: 0.9762  max mem: 0
Epoch: [165] Total time: 0:01:16 (2.0240 s / it)
  [  0/150]  eta: 0:00:47    time: 0.3196  data: 0.2318  max mem: 0
  [ 40/150]  eta: 0:00:35    time: 0.3130  data: 0.2258  max mem: 0
  [ 80/150]  eta: 0:00:22    time: 0.3193  data: 0.2322  max mem: 0
  [120/150]  eta: 0:00:09    time: 0.3139  data: 0.2267  max mem: 0
  [149/150]  eta: 0:00:00    time: 0.3314  data: 0.2443  max mem: 0
 Total time: 0:00:47 (0.3196 s / it)
tensor(3.2564, device='cuda:1')
Epoch: [166]  [ 0/38]  eta: 0:01:18  lr: 0.001000  loss: 1.1600 (1.1600)  time: 2.0574  data: 0.9985  max mem: 0
Epoch: [166]  [37/38]  eta: 0:00:01  lr: 0.001000  loss: 0.7665 (1.2834)  time: 1.9202  data: 0.8858  max mem: 0
Epoch: [166] Total time: 0:01:15 (1.9739 s / it)
  [  0/150]  eta: 0:00:46    time: 0.3126  data: 0.2255  max mem: 0
  [ 40/150]  eta: 0:00:38    time: 0.3453  data: 0.2518  max mem: 0
  [ 80/150]  eta: 0:00:23    time: 0.3193  data: 0.2304  max mem: 0
  [120/150]  eta: 0:00:09    time: 0.3240  data: 0.2368  max mem: 0
  [149/150]  eta: 0:00:00    time: 0.3275  data: 0.2404  max mem: 0
 Total time: 0:00:49 (0.3291 s / it)
tensor(3.6450, device='cuda:1')
Epoch: [167]  [ 0/38]  eta: 0:01:17  lr: 0.001000  loss: 1.1385 (1.1385)  time: 2.0458  data: 0.9868  max mem: 0
Epoch: [167]  [37/38]  eta: 0:00:02  lr: 0.001000  loss: 1.1500 (1.3177)  time: 2.0579  data: 1.0211  max mem: 0
Epoch: [167] Total time: 0:01:18 (2.0590 s / it)
  [  0/150]  eta: 0:00:49    time: 0.3279  data: 0.2409  max mem: 0
  [ 40/150]  eta: 0:00:37    time: 0.3416  data: 0.2527  max mem: 0
  [ 80/150]  eta: 0:00:23    time: 0.3488  data: 0.2612  max mem: 0
  [120/150]  eta: 0:00:10    time: 0.3418  data: 0.2529  max mem: 0
  [149/150]  eta: 0:00:00    time: 0.3472  data: 0.2592  max mem: 0
 Total time: 0:00:50 (0.3391 s / it)
tensor(3.3019, device='cuda:1')
Epoch: [168]  [ 0/38]  eta: 0:01:18  lr: 0.001000  loss: 1.2837 (1.2837)  time: 2.0569  data: 0.9986  max mem: 0
Epoch: [168]  [37/38]  eta: 0:00:02  lr: 0.001000  loss: 1.1301 (1.2601)  time: 2.0647  data: 1.0288  max mem: 0
Epoch: [168] Total time: 0:01:19 (2.0868 s / it)
  [  0/150]  eta: 0:00:49    time: 0.3303  data: 0.2432  max mem: 0
  [ 40/150]  eta: 0:00:36    time: 0.3333  data: 0.2463  max mem: 0
  [ 80/150]  eta: 0:00:23    time: 0.3343  data: 0.2473  max mem: 0
  [120/150]  eta: 0:00:10    time: 0.3665  data: 0.2784  max mem: 0
  [149/150]  eta: 0:00:00    time: 0.3457  data: 0.2586  max mem: 0
 Total time: 0:00:51 (0.3441 s / it)
tensor(3.0245, device='cuda:1')
Epoch: [169]  [ 0/38]  eta: 0:01:17  lr: 0.001000  loss: 1.7859 (1.7859)  time: 2.0418  data: 0.9853  max mem: 0
Epoch: [169]  [37/38]  eta: 0:00:02  lr: 0.001000  loss: 1.1781 (1.4162)  time: 2.0009  data: 0.9677  max mem: 0
Epoch: [169] Total time: 0:01:18 (2.0671 s / it)
  [  0/150]  eta: 0:00:50    time: 0.3346  data: 0.2476  max mem: 0
  [ 40/150]  eta: 0:00:37    time: 0.3391  data: 0.2510  max mem: 0
  [ 80/150]  eta: 0:00:24    time: 0.3590  data: 0.2719  max mem: 0
  [120/150]  eta: 0:00:10    time: 0.3370  data: 0.2500  max mem: 0
  [149/150]  eta: 0:00:00    time: 0.3356  data: 0.2486  max mem: 0
 Total time: 0:00:50 (0.3400 s / it)
tensor(3.5324, device='cuda:1')
Epoch: [170]  [ 0/38]  eta: 0:01:16  lr: 0.000100  loss: 1.3924 (1.3924)  time: 2.0119  data: 0.9547  max mem: 0
Epoch: [170]  [37/38]  eta: 0:00:01  lr: 0.000100  loss: 0.7140 (1.4527)  time: 1.9863  data: 0.9503  max mem: 0
Epoch: [170] Total time: 0:01:15 (1.9744 s / it)
  [  0/150]  eta: 0:00:46    time: 0.3072  data: 0.2202  max mem: 0
  [ 40/150]  eta: 0:00:34    time: 0.3097  data: 0.2226  max mem: 0
  [ 80/150]  eta: 0:00:22    time: 0.3405  data: 0.2519  max mem: 0
  [120/150]  eta: 0:00:09    time: 0.3105  data: 0.2236  max mem: 0
  [149/150]  eta: 0:00:00    time: 0.3162  data: 0.2291  max mem: 0
 Total time: 0:00:47 (0.3155 s / it)
tensor(2.9640, device='cuda:1')
Epoch: [171]  [ 0/38]  eta: 0:01:22  lr: 0.000100  loss: 1.1092 (1.1092)  time: 2.1805  data: 1.1212  max mem: 0
Epoch: [171]  [37/38]  eta: 0:00:01  lr: 0.000100  loss: 0.6403 (0.8023)  time: 1.9502  data: 0.9145  max mem: 0
Epoch: [171] Total time: 0:01:15 (1.9835 s / it)
  [  0/150]  eta: 0:00:46    time: 0.3072  data: 0.2200  max mem: 0
  [ 40/150]  eta: 0:00:36    time: 0.3321  data: 0.2433  max mem: 0
  [ 80/150]  eta: 0:00:22    time: 0.3133  data: 0.2260  max mem: 0
  [120/150]  eta: 0:00:09    time: 0.3397  data: 0.2525  max mem: 0
  [149/150]  eta: 0:00:00    time: 0.3139  data: 0.2261  max mem: 0
 Total time: 0:00:48 (0.3231 s / it)
tensor(2.7770, device='cuda:1')
Epoch: [172]  [ 0/38]  eta: 0:01:15  lr: 0.000100  loss: 0.8904 (0.8904)  time: 1.9904  data: 0.9287  max mem: 0
Epoch: [172]  [37/38]  eta: 0:00:02  lr: 0.000100  loss: 0.5351 (0.6300)  time: 2.0163  data: 0.9804  max mem: 0
Epoch: [172] Total time: 0:01:16 (2.0065 s / it)
  [  0/150]  eta: 0:00:46    time: 0.3085  data: 0.2214  max mem: 0
  [ 40/150]  eta: 0:00:35    time: 0.3070  data: 0.2200  max mem: 0
  [ 80/150]  eta: 0:00:22    time: 0.3431  data: 0.2559  max mem: 0
  [120/150]  eta: 0:00:09    time: 0.3081  data: 0.2211  max mem: 0
  [149/150]  eta: 0:00:00    time: 0.3319  data: 0.2443  max mem: 0
 Total time: 0:00:48 (0.3214 s / it)
tensor(2.8123, device='cuda:1')
Epoch: [173]  [ 0/38]  eta: 0:01:15  lr: 0.000100  loss: 0.7418 (0.7418)  time: 1.9791  data: 0.9225  max mem: 0
Epoch: [173]  [37/38]  eta: 0:00:01  lr: 0.000100  loss: 0.4511 (0.5321)  time: 1.9114  data: 0.8772  max mem: 0
Epoch: [173] Total time: 0:01:14 (1.9577 s / it)
  [  0/150]  eta: 0:01:02    time: 0.4159  data: 0.3238  max mem: 0
  [ 40/150]  eta: 0:00:36    time: 0.3129  data: 0.2258  max mem: 0
  [ 80/150]  eta: 0:00:23    time: 0.3121  data: 0.2250  max mem: 0
  [120/150]  eta: 0:00:09    time: 0.3081  data: 0.2211  max mem: 0
  [149/150]  eta: 0:00:00    time: 0.3258  data: 0.2388  max mem: 0
 Total time: 0:00:48 (0.3258 s / it)
tensor(2.8181, device='cuda:1')
Epoch: [174]  [ 0/38]  eta: 0:01:14  lr: 0.000100  loss: 0.6302 (0.6302)  time: 1.9615  data: 0.8914  max mem: 0
Epoch: [174]  [37/38]  eta: 0:00:01  lr: 0.000100  loss: 0.3880 (0.4635)  time: 1.9188  data: 0.8838  max mem: 0
Epoch: [174] Total time: 0:01:15 (1.9775 s / it)
  [  0/150]  eta: 0:00:47    time: 0.3173  data: 0.2301  max mem: 0
  [ 40/150]  eta: 0:00:35    time: 0.3169  data: 0.2281  max mem: 0
  [ 80/150]  eta: 0:00:22    time: 0.3100  data: 0.2230  max mem: 0
  [120/150]  eta: 0:00:09    time: 0.3087  data: 0.2217  max mem: 0
  [149/150]  eta: 0:00:00    time: 0.3217  data: 0.2330  max mem: 0
 Total time: 0:00:47 (0.3153 s / it)
tensor(2.7694, device='cuda:1')
Epoch: [175]  [ 0/38]  eta: 0:01:14  lr: 0.000100  loss: 0.5459 (0.5459)  time: 1.9536  data: 0.8959  max mem: 0
Epoch: [175]  [37/38]  eta: 0:00:01  lr: 0.000100  loss: 0.3396 (0.4125)  time: 1.9278  data: 0.8924  max mem: 0
Epoch: [175] Total time: 0:01:13 (1.9372 s / it)
  [  0/150]  eta: 0:00:47    time: 0.3158  data: 0.2287  max mem: 0
  [ 40/150]  eta: 0:00:36    time: 0.3351  data: 0.2477  max mem: 0
  [ 80/150]  eta: 0:00:22    time: 0.3092  data: 0.2222  max mem: 0
  [120/150]  eta: 0:00:09    time: 0.3107  data: 0.2236  max mem: 0
  [149/150]  eta: 0:00:00    time: 0.3447  data: 0.2565  max mem: 0
 Total time: 0:00:48 (0.3228 s / it)
tensor(2.8109, device='cuda:1')
Epoch: [176]  [ 0/38]  eta: 0:01:22  lr: 0.000100  loss: 0.4811 (0.4811)  time: 2.1758  data: 1.1155  max mem: 0
Epoch: [176]  [37/38]  eta: 0:00:02  lr: 0.000100  loss: 0.3024 (0.3733)  time: 2.0793  data: 1.0427  max mem: 0
Epoch: [176] Total time: 0:01:18 (2.0704 s / it)
  [  0/150]  eta: 0:00:47    time: 0.3158  data: 0.2286  max mem: 0
  [ 40/150]  eta: 0:00:37    time: 0.3288  data: 0.2416  max mem: 0
  [ 80/150]  eta: 0:00:23    time: 0.3115  data: 0.2244  max mem: 0
  [120/150]  eta: 0:00:09    time: 0.3402  data: 0.2519  max mem: 0
  [149/150]  eta: 0:00:00    time: 0.3146  data: 0.2275  max mem: 0
 Total time: 0:00:49 (0.3272 s / it)
tensor(2.7699, device='cuda:1')
Epoch: [177]  [ 0/38]  eta: 0:01:16  lr: 0.000100  loss: 0.4306 (0.4306)  time: 2.0189  data: 0.9583  max mem: 0
Epoch: [177]  [37/38]  eta: 0:00:01  lr: 0.000100  loss: 0.2730 (0.3422)  time: 1.9050  data: 0.8708  max mem: 0
Epoch: [177] Total time: 0:01:13 (1.9419 s / it)
  [  0/150]  eta: 0:00:47    time: 0.3187  data: 0.2315  max mem: 0
  [ 40/150]  eta: 0:00:35    time: 0.3282  data: 0.2411  max mem: 0
  [ 80/150]  eta: 0:00:22    time: 0.3315  data: 0.2444  max mem: 0
  [120/150]  eta: 0:00:09    time: 0.3330  data: 0.2460  max mem: 0
  [149/150]  eta: 0:00:00    time: 0.3161  data: 0.2290  max mem: 0
 Total time: 0:00:48 (0.3202 s / it)
tensor(2.7704, device='cuda:1')
Epoch: [178]  [ 0/38]  eta: 0:01:16  lr: 0.000100  loss: 0.3907 (0.3907)  time: 2.0057  data: 0.9466  max mem: 0
Epoch: [178]  [37/38]  eta: 0:00:01  lr: 0.000100  loss: 0.2496 (0.3172)  time: 1.9395  data: 0.9038  max mem: 0
Epoch: [178] Total time: 0:01:15 (1.9914 s / it)
  [  0/150]  eta: 0:00:45    time: 0.3063  data: 0.2193  max mem: 0
  [ 40/150]  eta: 0:00:35    time: 0.3121  data: 0.2250  max mem: 0
  [ 80/150]  eta: 0:00:21    time: 0.3049  data: 0.2179  max mem: 0
  [120/150]  eta: 0:00:09    time: 0.3087  data: 0.2216  max mem: 0
  [149/150]  eta: 0:00:00    time: 0.3070  data: 0.2200  max mem: 0
 Total time: 0:00:46 (0.3106 s / it)
tensor(2.7224, device='cuda:1')
Epoch: [179]  [ 0/38]  eta: 0:01:14  lr: 0.000100  loss: 0.3586 (0.3586)  time: 1.9574  data: 0.8998  max mem: 0
Epoch: [179]  [37/38]  eta: 0:00:01  lr: 0.000100  loss: 0.2308 (0.2967)  time: 1.8993  data: 0.8645  max mem: 0
Epoch: [179] Total time: 0:01:13 (1.9329 s / it)
  [  0/150]  eta: 0:00:45    time: 0.3066  data: 0.2196  max mem: 0
  [ 40/150]  eta: 0:00:33    time: 0.3095  data: 0.2214  max mem: 0
  [ 80/150]  eta: 0:00:22    time: 0.3180  data: 0.2311  max mem: 0
  [120/150]  eta: 0:00:09    time: 0.3082  data: 0.2206  max mem: 0
  [149/150]  eta: 0:00:00    time: 0.3043  data: 0.2173  max mem: 0
 Total time: 0:00:47 (0.3168 s / it)
tensor(2.6531, device='cuda:1')
Epoch: [180]  [ 0/38]  eta: 0:01:13  lr: 0.000100  loss: 0.3324 (0.3324)  time: 1.9465  data: 0.8883  max mem: 0
Epoch: [180]  [37/38]  eta: 0:00:01  lr: 0.000100  loss: 0.2155 (0.2797)  time: 1.9914  data: 0.9553  max mem: 0
Epoch: [180] Total time: 0:01:15 (1.9982 s / it)
  [  0/150]  eta: 0:00:57    time: 0.3833  data: 0.2737  max mem: 0
  [ 40/150]  eta: 0:00:36    time: 0.3325  data: 0.2451  max mem: 0
  [ 80/150]  eta: 0:00:22    time: 0.3153  data: 0.2283  max mem: 0
  [120/150]  eta: 0:00:09    time: 0.3124  data: 0.2250  max mem: 0
  [149/150]  eta: 0:00:00    time: 0.3493  data: 0.2617  max mem: 0
 Total time: 0:00:49 (0.3285 s / it)
tensor(2.6348, device='cuda:1')
Epoch: [181]  [ 0/38]  eta: 0:01:17  lr: 0.000100  loss: 0.3109 (0.3109)  time: 2.0438  data: 0.9848  max mem: 0
Epoch: [181]  [37/38]  eta: 0:00:01  lr: 0.000100  loss: 0.2029 (0.2654)  time: 1.9137  data: 0.8809  max mem: 0
Epoch: [181] Total time: 0:01:13 (1.9256 s / it)
  [  0/150]  eta: 0:00:46    time: 0.3072  data: 0.2201  max mem: 0
  [ 40/150]  eta: 0:00:35    time: 0.3110  data: 0.2217  max mem: 0
  [ 80/150]  eta: 0:00:22    time: 0.3185  data: 0.2308  max mem: 0
  [120/150]  eta: 0:00:09    time: 0.3403  data: 0.2530  max mem: 0
  [149/150]  eta: 0:00:00    time: 0.3390  data: 0.2497  max mem: 0
 Total time: 0:00:49 (0.3287 s / it)
tensor(2.6166, device='cuda:1')
Epoch: [182]  [ 0/38]  eta: 0:01:19  lr: 0.000100  loss: 0.2929 (0.2929)  time: 2.1003  data: 1.0415  max mem: 0
Epoch: [182]  [37/38]  eta: 0:00:01  lr: 0.000100  loss: 0.1925 (0.2533)  time: 1.9319  data: 0.8976  max mem: 0
Epoch: [182] Total time: 0:01:14 (1.9607 s / it)
  [  0/150]  eta: 0:00:45    time: 0.3057  data: 0.2186  max mem: 0
  [ 40/150]  eta: 0:00:34    time: 0.3060  data: 0.2190  max mem: 0
  [ 80/150]  eta: 0:00:22    time: 0.3133  data: 0.2263  max mem: 0
  [120/150]  eta: 0:00:09    time: 0.3031  data: 0.2161  max mem: 0
  [149/150]  eta: 0:00:00    time: 0.3238  data: 0.2357  max mem: 0
 Total time: 0:00:47 (0.3146 s / it)
tensor(2.6463, device='cuda:1')
Epoch: [183]  [ 0/38]  eta: 0:01:17  lr: 0.000100  loss: 0.2780 (0.2780)  time: 2.0360  data: 0.9773  max mem: 0
Epoch: [183]  [37/38]  eta: 0:00:01  lr: 0.000100  loss: 0.1838 (0.2429)  time: 1.9301  data: 0.8959  max mem: 0
Epoch: [183] Total time: 0:01:14 (1.9575 s / it)
  [  0/150]  eta: 0:00:45    time: 0.3030  data: 0.2157  max mem: 0
  [ 40/150]  eta: 0:00:33    time: 0.3008  data: 0.2136  max mem: 0
  [ 80/150]  eta: 0:00:21    time: 0.3023  data: 0.2150  max mem: 0
  [120/150]  eta: 0:00:09    time: 0.3000  data: 0.2129  max mem: 0
  [149/150]  eta: 0:00:00    time: 0.3002  data: 0.2132  max mem: 0
 Total time: 0:00:45 (0.3019 s / it)
tensor(2.5925, device='cuda:1')
Epoch: [184]  [ 0/38]  eta: 0:01:17  lr: 0.000100  loss: 0.2652 (0.2652)  time: 2.0349  data: 0.9777  max mem: 0
Epoch: [184]  [37/38]  eta: 0:00:02  lr: 0.000100  loss: 0.1764 (0.2340)  time: 1.9704  data: 0.9351  max mem: 0
Epoch: [184] Total time: 0:01:16 (2.0077 s / it)
  [  0/150]  eta: 0:00:46    time: 0.3093  data: 0.2222  max mem: 0
  [ 40/150]  eta: 0:00:35    time: 0.3133  data: 0.2262  max mem: 0
  [ 80/150]  eta: 0:00:22    time: 0.3121  data: 0.2250  max mem: 0
  [120/150]  eta: 0:00:09    time: 0.3120  data: 0.2249  max mem: 0
  [149/150]  eta: 0:00:00    time: 0.3122  data: 0.2252  max mem: 0
 Total time: 0:00:47 (0.3176 s / it)
tensor(2.5930, device='cuda:1')
Epoch: [185]  [ 0/38]  eta: 0:01:14  lr: 0.000100  loss: 0.2544 (0.2544)  time: 1.9605  data: 0.8998  max mem: 0
Epoch: [185]  [37/38]  eta: 0:00:01  lr: 0.000100  loss: 0.1702 (0.2262)  time: 1.9808  data: 0.9426  max mem: 0
Epoch: [185] Total time: 0:01:15 (1.9767 s / it)
  [  0/150]  eta: 0:01:05    time: 0.4338  data: 0.3398  max mem: 0
  [ 40/150]  eta: 0:00:36    time: 0.3140  data: 0.2269  max mem: 0
  [ 80/150]  eta: 0:00:22    time: 0.3146  data: 0.2274  max mem: 0
  [120/150]  eta: 0:00:09    time: 0.3130  data: 0.2259  max mem: 0
  [149/150]  eta: 0:00:00    time: 0.3358  data: 0.2479  max mem: 0
 Total time: 0:00:48 (0.3228 s / it)
tensor(2.5977, device='cuda:1')
Epoch: [186]  [ 0/38]  eta: 0:01:14  lr: 0.000100  loss: 0.2450 (0.2450)  time: 1.9526  data: 0.8927  max mem: 0
Epoch: [186]  [37/38]  eta: 0:00:01  lr: 0.000100  loss: 0.1648 (0.2194)  time: 1.9480  data: 0.9073  max mem: 0
Epoch: [186] Total time: 0:01:15 (1.9950 s / it)
  [  0/150]  eta: 0:00:47    time: 0.3136  data: 0.2265  max mem: 0
  [ 40/150]  eta: 0:00:36    time: 0.3266  data: 0.2378  max mem: 0
  [ 80/150]  eta: 0:00:23    time: 0.3256  data: 0.2381  max mem: 0
  [120/150]  eta: 0:00:09    time: 0.3179  data: 0.2291  max mem: 0
  [149/150]  eta: 0:00:00    time: 0.3469  data: 0.2575  max mem: 0
 Total time: 0:00:49 (0.3293 s / it)
tensor(2.6375, device='cuda:1')
Epoch: [187]  [ 0/38]  eta: 0:01:14  lr: 0.000100  loss: 0.2368 (0.2368)  time: 1.9714  data: 0.9073  max mem: 0
Epoch: [187]  [37/38]  eta: 0:00:02  lr: 0.000100  loss: 0.1601 (0.2134)  time: 2.0070  data: 0.9682  max mem: 0
Epoch: [187] Total time: 0:01:16 (2.0190 s / it)
  [  0/150]  eta: 0:00:46    time: 0.3094  data: 0.2223  max mem: 0
  [ 40/150]  eta: 0:00:34    time: 0.3144  data: 0.2256  max mem: 0
  [ 80/150]  eta: 0:00:22    time: 0.3198  data: 0.2298  max mem: 0
  [120/150]  eta: 0:00:09    time: 0.3168  data: 0.2273  max mem: 0
  [149/150]  eta: 0:00:00    time: 0.3198  data: 0.2312  max mem: 0
 Total time: 0:00:47 (0.3149 s / it)
tensor(2.6125, device='cuda:1')
Epoch: [188]  [ 0/38]  eta: 0:01:19  lr: 0.000100  loss: 0.2296 (0.2296)  time: 2.1039  data: 1.0417  max mem: 0
Epoch: [188]  [37/38]  eta: 0:00:02  lr: 0.000100  loss: 0.1560 (0.2081)  time: 2.0617  data: 1.0223  max mem: 0
Epoch: [188] Total time: 0:01:19 (2.0862 s / it)
  [  0/150]  eta: 0:01:02    time: 0.4194  data: 0.3255  max mem: 0
  [ 40/150]  eta: 0:00:39    time: 0.3465  data: 0.2551  max mem: 0
  [ 80/150]  eta: 0:00:24    time: 0.3355  data: 0.2474  max mem: 0
  [120/150]  eta: 0:00:10    time: 0.3133  data: 0.2263  max mem: 0
  [149/150]  eta: 0:00:00    time: 0.3133  data: 0.2260  max mem: 0
 Total time: 0:00:50 (0.3344 s / it)
tensor(2.6478, device='cuda:1')
Epoch: [189]  [ 0/38]  eta: 0:01:31  lr: 0.000100  loss: 0.2234 (0.2234)  time: 2.4032  data: 1.3417  max mem: 0
Epoch: [189]  [37/38]  eta: 0:00:02  lr: 0.000100  loss: 0.1524 (0.2034)  time: 1.9327  data: 0.8941  max mem: 0
Epoch: [189] Total time: 0:01:18 (2.0627 s / it)
  [  0/150]  eta: 0:00:54    time: 0.3629  data: 0.2739  max mem: 0
  [ 40/150]  eta: 0:00:37    time: 0.3268  data: 0.2364  max mem: 0
  [ 80/150]  eta: 0:00:24    time: 0.3900  data: 0.2979  max mem: 0
  [120/150]  eta: 0:00:10    time: 0.3217  data: 0.2329  max mem: 0
  [149/150]  eta: 0:00:00    time: 0.3202  data: 0.2309  max mem: 0
 Total time: 0:00:50 (0.3366 s / it)
tensor(2.6473, device='cuda:1')
Epoch: [190]  [ 0/38]  eta: 0:01:15  lr: 0.000100  loss: 0.2178 (0.2178)  time: 1.9759  data: 0.9148  max mem: 0
Epoch: [190]  [37/38]  eta: 0:00:02  lr: 0.000100  loss: 0.1492 (0.1991)  time: 2.0045  data: 0.9651  max mem: 0
Epoch: [190] Total time: 0:01:18 (2.0644 s / it)
  [  0/150]  eta: 0:00:54    time: 0.3655  data: 0.2783  max mem: 0
  [ 40/150]  eta: 0:00:35    time: 0.3131  data: 0.2260  max mem: 0
  [ 80/150]  eta: 0:00:22    time: 0.3128  data: 0.2257  max mem: 0
  [120/150]  eta: 0:00:09    time: 0.3599  data: 0.2680  max mem: 0
  [149/150]  eta: 0:00:00    time: 0.3187  data: 0.2316  max mem: 0
 Total time: 0:00:48 (0.3238 s / it)
tensor(2.6474, device='cuda:1')
Epoch: [191]  [ 0/38]  eta: 0:01:14  lr: 0.000100  loss: 0.2129 (0.2129)  time: 1.9685  data: 0.9074  max mem: 0
Epoch: [191]  [37/38]  eta: 0:00:01  lr: 0.000100  loss: 0.1463 (0.1952)  time: 1.9255  data: 0.8855  max mem: 0
Epoch: [191] Total time: 0:01:14 (1.9661 s / it)
  [  0/150]  eta: 0:00:46    time: 0.3131  data: 0.2259  max mem: 0
  [ 40/150]  eta: 0:00:34    time: 0.3132  data: 0.2259  max mem: 0
  [ 80/150]  eta: 0:00:22    time: 0.3217  data: 0.2340  max mem: 0
  [120/150]  eta: 0:00:09    time: 0.3384  data: 0.2480  max mem: 0
  [149/150]  eta: 0:00:00    time: 0.3112  data: 0.2242  max mem: 0
 Total time: 0:00:48 (0.3221 s / it)
tensor(2.6470, device='cuda:1')
Epoch: [192]  [ 0/38]  eta: 0:01:12  lr: 0.000100  loss: 0.2084 (0.2084)  time: 1.9124  data: 0.8509  max mem: 0
Epoch: [192]  [37/38]  eta: 0:00:01  lr: 0.000100  loss: 0.1437 (0.1917)  time: 1.8881  data: 0.8500  max mem: 0
Epoch: [192] Total time: 0:01:12 (1.9063 s / it)
  [  0/150]  eta: 0:00:45    time: 0.3012  data: 0.2141  max mem: 0
  [ 40/150]  eta: 0:00:33    time: 0.3018  data: 0.2147  max mem: 0
  [ 80/150]  eta: 0:00:22    time: 0.3407  data: 0.2509  max mem: 0
  [120/150]  eta: 0:00:09    time: 0.3016  data: 0.2145  max mem: 0
  [149/150]  eta: 0:00:00    time: 0.3001  data: 0.2130  max mem: 0
 Total time: 0:00:46 (0.3120 s / it)
tensor(2.6440, device='cuda:1')
Epoch: [193]  [ 0/38]  eta: 0:01:19  lr: 0.000100  loss: 0.2044 (0.2044)  time: 2.0881  data: 1.0254  max mem: 0
Epoch: [193]  [37/38]  eta: 0:00:02  lr: 0.000100  loss: 0.1414 (0.1885)  time: 2.1132  data: 1.0739  max mem: 0
Epoch: [193] Total time: 0:01:20 (2.1103 s / it)
  [  0/150]  eta: 0:00:51    time: 0.3454  data: 0.2582  max mem: 0
  [ 40/150]  eta: 0:00:41    time: 0.3469  data: 0.2582  max mem: 0
  [ 80/150]  eta: 0:00:25    time: 0.3650  data: 0.2770  max mem: 0
  [120/150]  eta: 0:00:10    time: 0.3423  data: 0.2552  max mem: 0
  [149/150]  eta: 0:00:00    time: 0.3676  data: 0.2767  max mem: 0
 Total time: 0:00:54 (0.3602 s / it)
tensor(2.6445, device='cuda:1')
Epoch: [194]  [ 0/38]  eta: 0:01:27  lr: 0.000100  loss: 0.2008 (0.2008)  time: 2.2997  data: 1.2310  max mem: 0
Epoch: [194]  [37/38]  eta: 0:00:02  lr: 0.000100  loss: 0.1393 (0.1855)  time: 2.1390  data: 1.0994  max mem: 0
Epoch: [194] Total time: 0:01:22 (2.1824 s / it)
  [  0/150]  eta: 0:01:12    time: 0.4822  data: 0.3872  max mem: 0
  [ 40/150]  eta: 0:00:39    time: 0.3572  data: 0.2665  max mem: 0
  [ 80/150]  eta: 0:00:24    time: 0.3532  data: 0.2645  max mem: 0
  [120/150]  eta: 0:00:10    time: 0.3457  data: 0.2586  max mem: 0
  [149/150]  eta: 0:00:00    time: 0.3464  data: 0.2594  max mem: 0
 Total time: 0:00:52 (0.3520 s / it)
tensor(2.6556, device='cuda:1')
Epoch: [195]  [ 0/38]  eta: 0:01:19  lr: 0.000100  loss: 0.1975 (0.1975)  time: 2.0998  data: 1.0359  max mem: 0
Epoch: [195]  [37/38]  eta: 0:00:02  lr: 0.000100  loss: 0.1373 (0.1828)  time: 2.0581  data: 1.0189  max mem: 0
Epoch: [195] Total time: 0:01:19 (2.0824 s / it)
  [  0/150]  eta: 0:00:51    time: 0.3462  data: 0.2590  max mem: 0
  [ 40/150]  eta: 0:00:37    time: 0.3437  data: 0.2567  max mem: 0
  [ 80/150]  eta: 0:00:24    time: 0.3437  data: 0.2566  max mem: 0
  [120/150]  eta: 0:00:10    time: 0.3422  data: 0.2551  max mem: 0
  [149/150]  eta: 0:00:00    time: 0.3422  data: 0.2552  max mem: 0
 Total time: 0:00:51 (0.3435 s / it)
tensor(2.6578, device='cuda:1')
Epoch: [196]  [ 0/38]  eta: 0:01:32  lr: 0.000100  loss: 0.1944 (0.1944)  time: 2.4212  data: 1.3589  max mem: 0
Epoch: [196]  [37/38]  eta: 0:00:01  lr: 0.000100  loss: 0.1355 (0.1803)  time: 1.9044  data: 0.8654  max mem: 0
Epoch: [196] Total time: 0:01:13 (1.9416 s / it)
  [  0/150]  eta: 0:00:46    time: 0.3082  data: 0.2211  max mem: 0
  [ 40/150]  eta: 0:00:33    time: 0.3097  data: 0.2204  max mem: 0
  [ 80/150]  eta: 0:00:21    time: 0.3078  data: 0.2208  max mem: 0
  [120/150]  eta: 0:00:09    time: 0.3080  data: 0.2210  max mem: 0
  [149/150]  eta: 0:00:00    time: 0.3079  data: 0.2208  max mem: 0
 Total time: 0:00:46 (0.3081 s / it)
tensor(2.6552, device='cuda:1')
Epoch: [197]  [ 0/38]  eta: 0:01:12  lr: 0.000100  loss: 0.1916 (0.1916)  time: 1.9076  data: 0.8437  max mem: 0
Epoch: [197]  [37/38]  eta: 0:00:01  lr: 0.000100  loss: 0.1338 (0.1779)  time: 1.8721  data: 0.8335  max mem: 0
Epoch: [197] Total time: 0:01:11 (1.8932 s / it)
  [  0/150]  eta: 0:00:45    time: 0.3007  data: 0.2136  max mem: 0
  [ 40/150]  eta: 0:00:32    time: 0.3000  data: 0.2130  max mem: 0
  [ 80/150]  eta: 0:00:20    time: 0.2997  data: 0.2127  max mem: 0
  [120/150]  eta: 0:00:08    time: 0.3001  data: 0.2131  max mem: 0
  [149/150]  eta: 0:00:00    time: 0.3005  data: 0.2135  max mem: 0
 Total time: 0:00:45 (0.3002 s / it)
tensor(2.6558, device='cuda:1')
Epoch: [198]  [ 0/38]  eta: 0:01:16  lr: 0.000100  loss: 0.1889 (0.1889)  time: 2.0246  data: 0.9616  max mem: 0
Epoch: [198]  [37/38]  eta: 0:00:02  lr: 0.000100  loss: 0.1322 (0.1757)  time: 1.9851  data: 0.9462  max mem: 0
Epoch: [198] Total time: 0:01:16 (2.0081 s / it)
  [  0/150]  eta: 0:00:49    time: 0.3299  data: 0.2427  max mem: 0
  [ 40/150]  eta: 0:00:36    time: 0.3281  data: 0.2411  max mem: 0
  [ 80/150]  eta: 0:00:23    time: 0.3286  data: 0.2416  max mem: 0
  [120/150]  eta: 0:00:09    time: 0.3289  data: 0.2419  max mem: 0
  [149/150]  eta: 0:00:00    time: 0.3290  data: 0.2420  max mem: 0
 Total time: 0:00:49 (0.3288 s / it)
tensor(2.6521, device='cuda:1')
Epoch: [199]  [ 0/38]  eta: 0:01:13  lr: 0.000100  loss: 0.1865 (0.1865)  time: 1.9218  data: 0.8607  max mem: 0
Epoch: [199]  [37/38]  eta: 0:00:01  lr: 0.000100  loss: 0.1307 (0.1736)  time: 1.8650  data: 0.8262  max mem: 0
Epoch: [199] Total time: 0:01:11 (1.8863 s / it)
  [  0/150]  eta: 0:00:44    time: 0.2984  data: 0.2113  max mem: 0
  [ 40/150]  eta: 0:00:32    time: 0.2974  data: 0.2104  max mem: 0
  [ 80/150]  eta: 0:00:20    time: 0.2979  data: 0.2109  max mem: 0
  [120/150]  eta: 0:00:08    time: 0.2981  data: 0.2110  max mem: 0
  [149/150]  eta: 0:00:00    time: 0.2984  data: 0.2113  max mem: 0
 Total time: 0:00:44 (0.2979 s / it)
tensor(2.6522, device='cuda:1')
Epoch: [200]  [ 0/38]  eta: 0:01:13  lr: 0.000010  loss: 0.1842 (0.1842)  time: 1.9279  data: 0.8651  max mem: 0
Epoch: [200]  [37/38]  eta: 0:00:01  lr: 0.000010  loss: 0.1297 (0.1707)  time: 1.9063  data: 0.8665  max mem: 0
Epoch: [200] Total time: 0:01:13 (1.9266 s / it)
  [  0/150]  eta: 0:00:45    time: 0.3038  data: 0.2166  max mem: 0
  [ 40/150]  eta: 0:00:33    time: 0.3034  data: 0.2164  max mem: 0
  [ 80/150]  eta: 0:00:21    time: 0.3030  data: 0.2160  max mem: 0
  [120/150]  eta: 0:00:09    time: 0.3025  data: 0.2155  max mem: 0
  [149/150]  eta: 0:00:00    time: 0.3034  data: 0.2164  max mem: 0
 Total time: 0:00:45 (0.3033 s / it)
tensor(2.6525, device='cuda:1')
Epoch: [201]  [ 0/38]  eta: 0:01:20  lr: 0.000010  loss: 0.1835 (0.1835)  time: 2.1153  data: 1.0540  max mem: 0
Epoch: [201]  [37/38]  eta: 0:00:02  lr: 0.000010  loss: 0.1295 (0.1703)  time: 2.0920  data: 1.0539  max mem: 0
Epoch: [201] Total time: 0:01:19 (2.1009 s / it)
  [  0/150]  eta: 0:00:51    time: 0.3463  data: 0.2592  max mem: 0
  [ 40/150]  eta: 0:00:38    time: 0.3452  data: 0.2580  max mem: 0
  [ 80/150]  eta: 0:00:24    time: 0.3443  data: 0.2572  max mem: 0
  [120/150]  eta: 0:00:10    time: 0.3431  data: 0.2561  max mem: 0
  [149/150]  eta: 0:00:00    time: 0.3431  data: 0.2561  max mem: 0
 Total time: 0:00:51 (0.3443 s / it)
tensor(2.6525, device='cuda:1')
Epoch: [202]  [ 0/38]  eta: 0:01:17  lr: 0.000010  loss: 0.1830 (0.1830)  time: 2.0421  data: 0.9816  max mem: 0
Epoch: [202]  [37/38]  eta: 0:00:02  lr: 0.000010  loss: 0.1294 (0.1700)  time: 2.0126  data: 0.9753  max mem: 0
Epoch: [202] Total time: 0:01:17 (2.0337 s / it)
  [  0/150]  eta: 0:00:50    time: 0.3346  data: 0.2474  max mem: 0
  [ 40/150]  eta: 0:00:36    time: 0.3333  data: 0.2463  max mem: 0
  [ 80/150]  eta: 0:00:23    time: 0.3322  data: 0.2453  max mem: 0
  [120/150]  eta: 0:00:09    time: 0.3331  data: 0.2460  max mem: 0
  [149/150]  eta: 0:00:00    time: 0.3331  data: 0.2461  max mem: 0
 Total time: 0:00:49 (0.3330 s / it)
tensor(2.6595, device='cuda:1')
Epoch: [203]  [ 0/38]  eta: 0:01:14  lr: 0.000010  loss: 0.1826 (0.1826)  time: 1.9607  data: 0.8999  max mem: 0
Epoch: [203]  [37/38]  eta: 0:00:01  lr: 0.000010  loss: 0.1293 (0.1698)  time: 1.9181  data: 0.8790  max mem: 0
Epoch: [203] Total time: 0:01:13 (1.9399 s / it)
  [  0/150]  eta: 0:00:46    time: 0.3098  data: 0.2225  max mem: 0
  [ 40/150]  eta: 0:00:33    time: 0.3087  data: 0.2217  max mem: 0
  [ 80/150]  eta: 0:00:21    time: 0.3096  data: 0.2226  max mem: 0
  [120/150]  eta: 0:00:09    time: 0.3089  data: 0.2219  max mem: 0
  [149/150]  eta: 0:00:00    time: 0.3090  data: 0.2220  max mem: 0
 Total time: 0:00:46 (0.3089 s / it)
tensor(2.6595, device='cuda:1')
Epoch: [204]  [ 0/38]  eta: 0:01:13  lr: 0.000010  loss: 0.1824 (0.1824)  time: 1.9449  data: 0.8837  max mem: 0
Epoch: [204]  [37/38]  eta: 0:00:01  lr: 0.000010  loss: 0.1291 (0.1696)  time: 1.9274  data: 0.8895  max mem: 0
Epoch: [204] Total time: 0:01:13 (1.9418 s / it)
  [  0/150]  eta: 0:00:46    time: 0.3108  data: 0.2237  max mem: 0
  [ 40/150]  eta: 0:00:34    time: 0.3096  data: 0.2226  max mem: 0
  [ 80/150]  eta: 0:00:21    time: 0.3098  data: 0.2228  max mem: 0
  [120/150]  eta: 0:00:09    time: 0.3097  data: 0.2226  max mem: 0
  [149/150]  eta: 0:00:00    time: 0.3102  data: 0.2232  max mem: 0
 Total time: 0:00:46 (0.3098 s / it)
tensor(2.6598, device='cuda:1')
Epoch: [205]  [ 0/38]  eta: 0:01:13  lr: 0.000010  loss: 0.1821 (0.1821)  time: 1.9449  data: 0.8837  max mem: 0
Epoch: [205]  [37/38]  eta: 0:00:01  lr: 0.000010  loss: 0.1289 (0.1694)  time: 1.9126  data: 0.8744  max mem: 0
Epoch: [205] Total time: 0:01:13 (1.9325 s / it)
  [  0/150]  eta: 0:00:46    time: 0.3070  data: 0.2200  max mem: 0
  [ 40/150]  eta: 0:00:33    time: 0.3056  data: 0.2186  max mem: 0
  [ 80/150]  eta: 0:00:21    time: 0.3055  data: 0.2185  max mem: 0
  [120/150]  eta: 0:00:09    time: 0.3058  data: 0.2188  max mem: 0
  [149/150]  eta: 0:00:00    time: 0.3058  data: 0.2188  max mem: 0
 Total time: 0:00:45 (0.3061 s / it)
tensor(2.6599, device='cuda:1')
Epoch: [206]  [ 0/38]  eta: 0:01:25  lr: 0.000010  loss: 0.1818 (0.1818)  time: 2.2483  data: 1.1862  max mem: 0
Epoch: [206]  [37/38]  eta: 0:00:01  lr: 0.000010  loss: 0.1288 (0.1692)  time: 1.9228  data: 0.8850  max mem: 0
Epoch: [206] Total time: 0:01:14 (1.9521 s / it)
  [  0/150]  eta: 0:00:47    time: 0.3143  data: 0.2271  max mem: 0
  [ 40/150]  eta: 0:00:34    time: 0.3117  data: 0.2247  max mem: 0
  [ 80/150]  eta: 0:00:21    time: 0.3115  data: 0.2245  max mem: 0
  [120/150]  eta: 0:00:09    time: 0.3120  data: 0.2249  max mem: 0
  [149/150]  eta: 0:00:00    time: 0.3118  data: 0.2247  max mem: 0
 Total time: 0:00:46 (0.3119 s / it)
tensor(2.6600, device='cuda:1')
Epoch: [207]  [ 0/38]  eta: 0:01:13  lr: 0.000010  loss: 0.1816 (0.1816)  time: 1.9382  data: 0.8770  max mem: 0
Epoch: [207]  [37/38]  eta: 0:00:01  lr: 0.000010  loss: 0.1286 (0.1690)  time: 1.8939  data: 0.8557  max mem: 0
Epoch: [207] Total time: 0:01:12 (1.9167 s / it)
  [  0/150]  eta: 0:00:46    time: 0.3085  data: 0.2212  max mem: 0
  [ 40/150]  eta: 0:00:33    time: 0.3062  data: 0.2192  max mem: 0
  [ 80/150]  eta: 0:00:21    time: 0.3063  data: 0.2194  max mem: 0
  [120/150]  eta: 0:00:09    time: 0.3065  data: 0.2195  max mem: 0
  [149/150]  eta: 0:00:00    time: 0.3066  data: 0.2196  max mem: 0
 Total time: 0:00:45 (0.3065 s / it)
tensor(2.6597, device='cuda:1')
Epoch: [208]  [ 0/38]  eta: 0:01:12  lr: 0.000010  loss: 0.1813 (0.1813)  time: 1.9171  data: 0.8554  max mem: 0
Epoch: [208]  [37/38]  eta: 0:00:01  lr: 0.000010  loss: 0.1284 (0.1688)  time: 1.9046  data: 0.8661  max mem: 0
Epoch: [208] Total time: 0:01:12 (1.9164 s / it)
  [  0/150]  eta: 0:00:45    time: 0.3033  data: 0.2163  max mem: 0
  [ 40/150]  eta: 0:00:33    time: 0.3005  data: 0.2135  max mem: 0
  [ 80/150]  eta: 0:00:21    time: 0.3019  data: 0.2149  max mem: 0
  [120/150]  eta: 0:00:09    time: 0.3039  data: 0.2167  max mem: 0
  [149/150]  eta: 0:00:00    time: 0.3012  data: 0.2142  max mem: 0
 Total time: 0:00:45 (0.3022 s / it)
tensor(2.6358, device='cuda:1')
Epoch: [209]  [ 0/38]  eta: 0:01:12  lr: 0.000010  loss: 0.1811 (0.1811)  time: 1.9065  data: 0.8442  max mem: 0
Epoch: [209]  [37/38]  eta: 0:00:01  lr: 0.000010  loss: 0.1283 (0.1686)  time: 1.8710  data: 0.8323  max mem: 0
Epoch: [209] Total time: 0:01:11 (1.8937 s / it)
  [  0/150]  eta: 0:00:45    time: 0.3006  data: 0.2134  max mem: 0
  [ 40/150]  eta: 0:00:32    time: 0.2999  data: 0.2129  max mem: 0
  [ 80/150]  eta: 0:00:20    time: 0.2999  data: 0.2129  max mem: 0
  [120/150]  eta: 0:00:08    time: 0.3000  data: 0.2130  max mem: 0
  [149/150]  eta: 0:00:00    time: 0.3000  data: 0.2130  max mem: 0
 Total time: 0:00:44 (0.2998 s / it)
tensor(2.6209, device='cuda:1')
Epoch: [210]  [ 0/38]  eta: 0:01:18  lr: 0.000010  loss: 0.1808 (0.1808)  time: 2.0711  data: 1.0087  max mem: 0
Epoch: [210]  [37/38]  eta: 0:00:02  lr: 0.000010  loss: 0.1281 (0.1684)  time: 2.0310  data: 0.9931  max mem: 0
Epoch: [210] Total time: 0:01:18 (2.0650 s / it)
  [  0/150]  eta: 0:00:51    time: 0.3411  data: 0.2538  max mem: 0
  [ 40/150]  eta: 0:00:37    time: 0.3404  data: 0.2534  max mem: 0
  [ 80/150]  eta: 0:00:23    time: 0.3396  data: 0.2525  max mem: 0
  [120/150]  eta: 0:00:10    time: 0.3398  data: 0.2528  max mem: 0
  [149/150]  eta: 0:00:00    time: 0.3392  data: 0.2523  max mem: 0
 Total time: 0:00:50 (0.3398 s / it)
tensor(2.6358, device='cuda:1')
Epoch: [211]  [ 0/38]  eta: 0:01:17  lr: 0.000010  loss: 0.1806 (0.1806)  time: 2.0353  data: 0.9715  max mem: 0
Epoch: [211]  [37/38]  eta: 0:00:02  lr: 0.000010  loss: 0.1279 (0.1682)  time: 1.9836  data: 0.9440  max mem: 0
Epoch: [211] Total time: 0:01:16 (2.0092 s / it)
  [  0/150]  eta: 0:00:50    time: 0.3351  data: 0.2476  max mem: 0
  [ 40/150]  eta: 0:00:36    time: 0.3348  data: 0.2456  max mem: 0
  [ 80/150]  eta: 0:00:23    time: 0.3326  data: 0.2457  max mem: 0
  [120/150]  eta: 0:00:10    time: 0.3329  data: 0.2459  max mem: 0
  [149/150]  eta: 0:00:00    time: 0.3326  data: 0.2457  max mem: 0
 Total time: 0:00:50 (0.3334 s / it)
tensor(2.6357, device='cuda:1')
Epoch: [212]  [ 0/38]  eta: 0:01:14  lr: 0.000010  loss: 0.1804 (0.1804)  time: 1.9644  data: 0.9033  max mem: 0
Epoch: [212]  [37/38]  eta: 0:00:01  lr: 0.000010  loss: 0.1278 (0.1680)  time: 1.9137  data: 0.8747  max mem: 0
Epoch: [212] Total time: 0:01:13 (1.9347 s / it)
  [  0/150]  eta: 0:00:46    time: 0.3089  data: 0.2218  max mem: 0
  [ 40/150]  eta: 0:00:33    time: 0.3079  data: 0.2209  max mem: 0
  [ 80/150]  eta: 0:00:21    time: 0.3079  data: 0.2209  max mem: 0
  [120/150]  eta: 0:00:09    time: 0.3079  data: 0.2210  max mem: 0
  [149/150]  eta: 0:00:00    time: 0.3085  data: 0.2215  max mem: 0
 Total time: 0:00:46 (0.3081 s / it)
tensor(2.6211, device='cuda:1')
Epoch: [213]  [ 0/38]  eta: 0:01:16  lr: 0.000010  loss: 0.1801 (0.1801)  time: 2.0063  data: 0.9443  max mem: 0
Epoch: [213]  [37/38]  eta: 0:00:01  lr: 0.000010  loss: 0.1276 (0.1678)  time: 1.9023  data: 0.8638  max mem: 0
Epoch: [213] Total time: 0:01:13 (1.9264 s / it)
  [  0/150]  eta: 0:00:46    time: 0.3097  data: 0.2226  max mem: 0
  [ 40/150]  eta: 0:00:33    time: 0.3080  data: 0.2211  max mem: 0
  [ 80/150]  eta: 0:00:21    time: 0.3076  data: 0.2206  max mem: 0
  [120/150]  eta: 0:00:09    time: 0.3075  data: 0.2205  max mem: 0
  [149/150]  eta: 0:00:00    time: 0.3085  data: 0.2215  max mem: 0
 Total time: 0:00:46 (0.3079 s / it)
tensor(2.6707, device='cuda:1')
Epoch: [214]  [ 0/38]  eta: 0:01:13  lr: 0.000010  loss: 0.1799 (0.1799)  time: 1.9253  data: 0.8650  max mem: 0
Epoch: [214]  [37/38]  eta: 0:00:01  lr: 0.000010  loss: 0.1275 (0.1676)  time: 1.8893  data: 0.8504  max mem: 0
Epoch: [214] Total time: 0:01:12 (1.9104 s / it)
  [  0/150]  eta: 0:00:45    time: 0.3044  data: 0.2174  max mem: 0
  [ 40/150]  eta: 0:00:33    time: 0.3034  data: 0.2164  max mem: 0
  [ 80/150]  eta: 0:00:21    time: 0.3032  data: 0.2162  max mem: 0
  [120/150]  eta: 0:00:09    time: 0.3031  data: 0.2162  max mem: 0
  [149/150]  eta: 0:00:00    time: 0.3035  data: 0.2165  max mem: 0
 Total time: 0:00:45 (0.3035 s / it)
tensor(2.6555, device='cuda:1')
Epoch: [215]  [ 0/38]  eta: 0:01:16  lr: 0.000010  loss: 0.1796 (0.1796)  time: 2.0249  data: 0.9636  max mem: 0
Epoch: [215]  [37/38]  eta: 0:00:01  lr: 0.000010  loss: 0.1272 (0.1674)  time: 1.9348  data: 0.8960  max mem: 0
Epoch: [215] Total time: 0:01:14 (1.9592 s / it)
  [  0/150]  eta: 0:00:45    time: 0.3066  data: 0.2196  max mem: 0
  [ 40/150]  eta: 0:00:34    time: 0.3119  data: 0.2249  max mem: 0
  [ 80/150]  eta: 0:00:21    time: 0.3104  data: 0.2234  max mem: 0
  [120/150]  eta: 0:00:09    time: 0.3098  data: 0.2228  max mem: 0
  [149/150]  eta: 0:00:00    time: 0.3100  data: 0.2230  max mem: 0
 Total time: 0:00:46 (0.3107 s / it)
tensor(2.6559, device='cuda:1')
Epoch: [216]  [ 0/38]  eta: 0:01:13  lr: 0.000010  loss: 0.1794 (0.1794)  time: 1.9447  data: 0.8840  max mem: 0
Epoch: [216]  [37/38]  eta: 0:00:01  lr: 0.000010  loss: 0.1271 (0.1671)  time: 1.9101  data: 0.8717  max mem: 0
Epoch: [216] Total time: 0:01:13 (1.9322 s / it)
  [  0/150]  eta: 0:00:47    time: 0.3152  data: 0.2281  max mem: 0
  [ 40/150]  eta: 0:00:34    time: 0.3081  data: 0.2211  max mem: 0
  [ 80/150]  eta: 0:00:21    time: 0.3081  data: 0.2211  max mem: 0
  [120/150]  eta: 0:00:09    time: 0.3083  data: 0.2213  max mem: 0
  [149/150]  eta: 0:00:00    time: 0.3088  data: 0.2218  max mem: 0
 Total time: 0:00:46 (0.3086 s / it)
tensor(2.6564, device='cuda:1')
Epoch: [217]  [ 0/38]  eta: 0:01:15  lr: 0.000010  loss: 0.1791 (0.1791)  time: 1.9774  data: 0.9155  max mem: 0
Epoch: [217]  [37/38]  eta: 0:00:01  lr: 0.000010  loss: 0.1269 (0.1669)  time: 1.9204  data: 0.8816  max mem: 0
Epoch: [217] Total time: 0:01:13 (1.9271 s / it)
  [  0/150]  eta: 0:00:46    time: 0.3100  data: 0.2227  max mem: 0
  [ 40/150]  eta: 0:00:36    time: 0.3502  data: 0.2577  max mem: 0
  [ 80/150]  eta: 0:00:22    time: 0.3054  data: 0.2184  max mem: 0
  [120/150]  eta: 0:00:09    time: 0.3236  data: 0.2346  max mem: 0
  [149/150]  eta: 0:00:00    time: 0.3097  data: 0.2224  max mem: 0
 Total time: 0:00:47 (0.3160 s / it)
tensor(2.6557, device='cuda:1')
Epoch: [218]  [ 0/38]  eta: 0:01:19  lr: 0.000010  loss: 0.1789 (0.1789)  time: 2.0944  data: 1.0327  max mem: 0
Epoch: [218]  [37/38]  eta: 0:00:02  lr: 0.000010  loss: 0.1267 (0.1667)  time: 1.9631  data: 0.9239  max mem: 0
Epoch: [218] Total time: 0:01:16 (2.0055 s / it)
  [  0/150]  eta: 0:00:46    time: 0.3079  data: 0.2209  max mem: 0
  [ 40/150]  eta: 0:00:35    time: 0.3113  data: 0.2242  max mem: 0
  [ 80/150]  eta: 0:00:22    time: 0.3110  data: 0.2239  max mem: 0
  [120/150]  eta: 0:00:09    time: 0.3114  data: 0.2243  max mem: 0
  [149/150]  eta: 0:00:00    time: 0.3122  data: 0.2251  max mem: 0
 Total time: 0:00:47 (0.3152 s / it)
tensor(2.6382, device='cuda:1')
Epoch: [219]  [ 0/38]  eta: 0:01:14  lr: 0.000010  loss: 0.1786 (0.1786)  time: 1.9481  data: 0.8880  max mem: 0
Epoch: [219]  [37/38]  eta: 0:00:01  lr: 0.000010  loss: 0.1266 (0.1665)  time: 1.9481  data: 0.9091  max mem: 0
Epoch: [219] Total time: 0:01:14 (1.9571 s / it)
  [  0/150]  eta: 0:00:47    time: 0.3167  data: 0.2294  max mem: 0
  [ 40/150]  eta: 0:00:35    time: 0.3182  data: 0.2283  max mem: 0
  [ 80/150]  eta: 0:00:22    time: 0.3210  data: 0.2322  max mem: 0
  [120/150]  eta: 0:00:09    time: 0.3237  data: 0.2365  max mem: 0
  [149/150]  eta: 0:00:00    time: 0.3155  data: 0.2284  max mem: 0
 Total time: 0:00:47 (0.3177 s / it)
tensor(2.6560, device='cuda:1')
Epoch: [220]  [ 0/38]  eta: 0:01:13  lr: 0.000010  loss: 0.1784 (0.1784)  time: 1.9456  data: 0.8825  max mem: 0
Epoch: [220]  [37/38]  eta: 0:00:01  lr: 0.000010  loss: 0.1264 (0.1662)  time: 1.9230  data: 0.8845  max mem: 0
Epoch: [220] Total time: 0:01:13 (1.9390 s / it)
  [  0/150]  eta: 0:00:46    time: 0.3070  data: 0.2197  max mem: 0
  [ 40/150]  eta: 0:00:33    time: 0.3023  data: 0.2152  max mem: 0
  [ 80/150]  eta: 0:00:21    time: 0.3023  data: 0.2153  max mem: 0
  [120/150]  eta: 0:00:09    time: 0.3026  data: 0.2156  max mem: 0
  [149/150]  eta: 0:00:00    time: 0.3030  data: 0.2160  max mem: 0
 Total time: 0:00:45 (0.3030 s / it)
tensor(2.6382, device='cuda:1')
Epoch: [221]  [ 0/38]  eta: 0:01:12  lr: 0.000010  loss: 0.1781 (0.1781)  time: 1.9076  data: 0.8450  max mem: 0
Epoch: [221]  [37/38]  eta: 0:00:01  lr: 0.000010  loss: 0.1262 (0.1660)  time: 1.8862  data: 0.8482  max mem: 0
Epoch: [221] Total time: 0:01:12 (1.8971 s / it)
  [  0/150]  eta: 0:00:45    time: 0.3007  data: 0.2134  max mem: 0
  [ 40/150]  eta: 0:00:33    time: 0.2985  data: 0.2114  max mem: 0
  [ 80/150]  eta: 0:00:21    time: 0.2997  data: 0.2126  max mem: 0
  [120/150]  eta: 0:00:09    time: 0.3182  data: 0.2304  max mem: 0
  [149/150]  eta: 0:00:00    time: 0.3023  data: 0.2152  max mem: 0
 Total time: 0:00:46 (0.3101 s / it)
tensor(2.6560, device='cuda:1')
Epoch: [222]  [ 0/38]  eta: 0:01:19  lr: 0.000010  loss: 0.1778 (0.1778)  time: 2.0915  data: 1.0312  max mem: 0
Epoch: [222]  [37/38]  eta: 0:00:01  lr: 0.000010  loss: 0.1260 (0.1658)  time: 1.9058  data: 0.8671  max mem: 0
Epoch: [222] Total time: 0:01:14 (1.9509 s / it)
  [  0/150]  eta: 0:00:46    time: 0.3096  data: 0.2224  max mem: 0
  [ 40/150]  eta: 0:00:34    time: 0.3089  data: 0.2219  max mem: 0
  [ 80/150]  eta: 0:00:21    time: 0.3083  data: 0.2214  max mem: 0
  [120/150]  eta: 0:00:09    time: 0.3111  data: 0.2239  max mem: 0
  [149/150]  eta: 0:00:00    time: 0.3090  data: 0.2219  max mem: 0
 Total time: 0:00:46 (0.3095 s / it)
tensor(2.6549, device='cuda:1')
Epoch: [223]  [ 0/38]  eta: 0:01:12  lr: 0.000010  loss: 0.1776 (0.1776)  time: 1.9023  data: 0.8420  max mem: 0
Epoch: [223]  [37/38]  eta: 0:00:01  lr: 0.000010  loss: 0.1259 (0.1656)  time: 1.9090  data: 0.8705  max mem: 0
Epoch: [223] Total time: 0:01:12 (1.9198 s / it)
  [  0/150]  eta: 0:00:45    time: 0.3041  data: 0.2168  max mem: 0
  [ 40/150]  eta: 0:00:33    time: 0.3071  data: 0.2199  max mem: 0
  [ 80/150]  eta: 0:00:21    time: 0.3181  data: 0.2300  max mem: 0
  [120/150]  eta: 0:00:09    time: 0.3130  data: 0.2242  max mem: 0
  [149/150]  eta: 0:00:00    time: 0.3268  data: 0.2378  max mem: 0
 Total time: 0:00:46 (0.3116 s / it)
tensor(2.6554, device='cuda:1')
Epoch: [224]  [ 0/38]  eta: 0:01:19  lr: 0.000010  loss: 0.1773 (0.1773)  time: 2.1024  data: 1.0402  max mem: 0
Epoch: [224]  [37/38]  eta: 0:00:02  lr: 0.000010  loss: 0.1257 (0.1653)  time: 2.0570  data: 1.0201  max mem: 0
Epoch: [224] Total time: 0:01:19 (2.0813 s / it)
  [  0/150]  eta: 0:00:51    time: 0.3448  data: 0.2574  max mem: 0
  [ 40/150]  eta: 0:00:37    time: 0.3429  data: 0.2559  max mem: 0
  [ 80/150]  eta: 0:00:24    time: 0.3424  data: 0.2554  max mem: 0
  [120/150]  eta: 0:00:10    time: 0.3424  data: 0.2553  max mem: 0
  [149/150]  eta: 0:00:00    time: 0.3429  data: 0.2558  max mem: 0
 Total time: 0:00:51 (0.3427 s / it)
tensor(2.6384, device='cuda:1')
Epoch: [225]  [ 0/38]  eta: 0:01:16  lr: 0.000010  loss: 0.1770 (0.1770)  time: 2.0097  data: 0.9507  max mem: 0
Epoch: [225]  [37/38]  eta: 0:00:01  lr: 0.000010  loss: 0.1255 (0.1651)  time: 1.8963  data: 0.8592  max mem: 0
Epoch: [225] Total time: 0:01:12 (1.9206 s / it)
  [  0/150]  eta: 0:00:46    time: 0.3077  data: 0.2204  max mem: 0
  [ 40/150]  eta: 0:00:33    time: 0.3073  data: 0.2203  max mem: 0
  [ 80/150]  eta: 0:00:21    time: 0.3069  data: 0.2199  max mem: 0
  [120/150]  eta: 0:00:09    time: 0.3070  data: 0.2200  max mem: 0
  [149/150]  eta: 0:00:00    time: 0.3071  data: 0.2202  max mem: 0
 Total time: 0:00:46 (0.3072 s / it)
tensor(2.6379, device='cuda:1')
Epoch: [226]  [ 0/38]  eta: 0:01:16  lr: 0.000010  loss: 0.1768 (0.1768)  time: 2.0200  data: 0.9596  max mem: 0
Epoch: [226]  [37/38]  eta: 0:00:01  lr: 0.000010  loss: 0.1253 (0.1648)  time: 1.8887  data: 0.8517  max mem: 0
Epoch: [226] Total time: 0:01:12 (1.9124 s / it)
  [  0/150]  eta: 0:00:45    time: 0.3066  data: 0.2195  max mem: 0
  [ 40/150]  eta: 0:00:33    time: 0.3077  data: 0.2185  max mem: 0
  [ 80/150]  eta: 0:00:21    time: 0.3059  data: 0.2189  max mem: 0
  [120/150]  eta: 0:00:09    time: 0.3059  data: 0.2189  max mem: 0
  [149/150]  eta: 0:00:00    time: 0.3060  data: 0.2190  max mem: 0
 Total time: 0:00:45 (0.3061 s / it)
tensor(2.6383, device='cuda:1')
Epoch: [227]  [ 0/38]  eta: 0:01:14  lr: 0.000010  loss: 0.1765 (0.1765)  time: 1.9492  data: 0.8891  max mem: 0
Epoch: [227]  [37/38]  eta: 0:00:01  lr: 0.000010  loss: 0.1251 (0.1646)  time: 1.8907  data: 0.8543  max mem: 0
Epoch: [227] Total time: 0:01:12 (1.9121 s / it)
  [  0/150]  eta: 0:00:45    time: 0.3062  data: 0.2185  max mem: 0
  [ 40/150]  eta: 0:00:33    time: 0.3045  data: 0.2175  max mem: 0
  [ 80/150]  eta: 0:00:21    time: 0.3049  data: 0.2179  max mem: 0
  [120/150]  eta: 0:00:09    time: 0.3048  data: 0.2178  max mem: 0
  [149/150]  eta: 0:00:00    time: 0.3048  data: 0.2178  max mem: 0
 Total time: 0:00:45 (0.3048 s / it)
tensor(2.6383, device='cuda:1')
Epoch: [228]  [ 0/38]  eta: 0:01:14  lr: 0.000010  loss: 0.1762 (0.1762)  time: 1.9557  data: 0.8962  max mem: 0
Epoch: [228]  [37/38]  eta: 0:00:01  lr: 0.000010  loss: 0.1249 (0.1644)  time: 1.8985  data: 0.8612  max mem: 0
Epoch: [228] Total time: 0:01:12 (1.9207 s / it)
  [  0/150]  eta: 0:00:55    time: 0.3677  data: 0.2726  max mem: 0
  [ 40/150]  eta: 0:00:36    time: 0.3094  data: 0.2224  max mem: 0
  [ 80/150]  eta: 0:00:22    time: 0.3099  data: 0.2230  max mem: 0
  [120/150]  eta: 0:00:09    time: 0.3101  data: 0.2231  max mem: 0
  [149/150]  eta: 0:00:00    time: 0.3109  data: 0.2239  max mem: 0
 Total time: 0:00:47 (0.3167 s / it)
tensor(2.6378, device='cuda:1')
Epoch: [229]  [ 0/38]  eta: 0:01:14  lr: 0.000010  loss: 0.1759 (0.1759)  time: 1.9510  data: 0.8888  max mem: 0
Epoch: [229]  [37/38]  eta: 0:00:01  lr: 0.000010  loss: 0.1247 (0.1641)  time: 1.9144  data: 0.8768  max mem: 0
Epoch: [229] Total time: 0:01:13 (1.9366 s / it)
  [  0/150]  eta: 0:00:46    time: 0.3125  data: 0.2254  max mem: 0
  [ 40/150]  eta: 0:00:34    time: 0.3116  data: 0.2246  max mem: 0
  [ 80/150]  eta: 0:00:21    time: 0.3115  data: 0.2245  max mem: 0
  [120/150]  eta: 0:00:09    time: 0.3112  data: 0.2242  max mem: 0
  [149/150]  eta: 0:00:00    time: 0.3114  data: 0.2244  max mem: 0
 Total time: 0:00:46 (0.3116 s / it)
tensor(2.6380, device='cuda:1')
Epoch: [230]  [ 0/38]  eta: 0:01:15  lr: 0.000010  loss: 0.1756 (0.1756)  time: 1.9968  data: 0.9363  max mem: 0
Epoch: [230]  [37/38]  eta: 0:00:01  lr: 0.000010  loss: 0.1245 (0.1639)  time: 1.9217  data: 0.8829  max mem: 0
Epoch: [230] Total time: 0:01:13 (1.9447 s / it)
  [  0/150]  eta: 0:00:46    time: 0.3119  data: 0.2246  max mem: 0
  [ 40/150]  eta: 0:00:34    time: 0.3113  data: 0.2244  max mem: 0
  [ 80/150]  eta: 0:00:21    time: 0.3111  data: 0.2242  max mem: 0
  [120/150]  eta: 0:00:09    time: 0.3111  data: 0.2242  max mem: 0
  [149/150]  eta: 0:00:00    time: 0.3118  data: 0.2248  max mem: 0
 Total time: 0:00:46 (0.3115 s / it)
tensor(2.6379, device='cuda:1')
Epoch: [231]  [ 0/38]  eta: 0:01:14  lr: 0.000010  loss: 0.1753 (0.1753)  time: 1.9655  data: 0.9041  max mem: 0
Epoch: [231]  [37/38]  eta: 0:00:01  lr: 0.000010  loss: 0.1244 (0.1636)  time: 1.9351  data: 0.8974  max mem: 0
Epoch: [231] Total time: 0:01:14 (1.9549 s / it)
  [  0/150]  eta: 0:00:46    time: 0.3076  data: 0.2205  max mem: 0
  [ 40/150]  eta: 0:00:33    time: 0.3064  data: 0.2194  max mem: 0
  [ 80/150]  eta: 0:00:21    time: 0.3063  data: 0.2193  max mem: 0
  [120/150]  eta: 0:00:09    time: 0.3066  data: 0.2196  max mem: 0
  [149/150]  eta: 0:00:00    time: 0.3075  data: 0.2205  max mem: 0
 Total time: 0:00:46 (0.3070 s / it)
tensor(2.6386, device='cuda:1')
Epoch: [232]  [ 0/38]  eta: 0:01:17  lr: 0.000010  loss: 0.1751 (0.1751)  time: 2.0416  data: 0.9813  max mem: 0
Epoch: [232]  [37/38]  eta: 0:00:01  lr: 0.000010  loss: 0.1241 (0.1633)  time: 1.9856  data: 0.9471  max mem: 0
Epoch: [232] Total time: 0:01:15 (1.9949 s / it)
  [  0/150]  eta: 0:00:46    time: 0.3098  data: 0.2227  max mem: 0
  [ 40/150]  eta: 0:00:34    time: 0.3100  data: 0.2230  max mem: 0
  [ 80/150]  eta: 0:00:21    time: 0.3099  data: 0.2229  max mem: 0
  [120/150]  eta: 0:00:09    time: 0.3100  data: 0.2230  max mem: 0
  [149/150]  eta: 0:00:00    time: 0.3098  data: 0.2228  max mem: 0
 Total time: 0:00:46 (0.3098 s / it)
tensor(2.6387, device='cuda:1')
Epoch: [233]  [ 0/38]  eta: 0:01:13  lr: 0.000010  loss: 0.1748 (0.1748)  time: 1.9332  data: 0.8723  max mem: 0
Epoch: [233]  [37/38]  eta: 0:00:01  lr: 0.000010  loss: 0.1239 (0.1631)  time: 1.9008  data: 0.8627  max mem: 0
Epoch: [233] Total time: 0:01:12 (1.9210 s / it)
  [  0/150]  eta: 0:00:46    time: 0.3073  data: 0.2202  max mem: 0
  [ 40/150]  eta: 0:00:33    time: 0.3067  data: 0.2197  max mem: 0
  [ 80/150]  eta: 0:00:21    time: 0.3071  data: 0.2201  max mem: 0
  [120/150]  eta: 0:00:09    time: 0.3070  data: 0.2201  max mem: 0
  [149/150]  eta: 0:00:00    time: 0.3075  data: 0.2206  max mem: 0
 Total time: 0:00:46 (0.3071 s / it)
tensor(2.6384, device='cuda:1')
Epoch: [234]  [ 0/38]  eta: 0:01:14  lr: 0.000010  loss: 0.1744 (0.1744)  time: 1.9536  data: 0.8929  max mem: 0
Epoch: [234]  [37/38]  eta: 0:00:01  lr: 0.000010  loss: 0.1238 (0.1628)  time: 1.9168  data: 0.8784  max mem: 0
Epoch: [234] Total time: 0:01:13 (1.9388 s / it)
  [  0/150]  eta: 0:00:46    time: 0.3114  data: 0.2243  max mem: 0
  [ 40/150]  eta: 0:00:34    time: 0.3096  data: 0.2226  max mem: 0
  [ 80/150]  eta: 0:00:21    time: 0.3095  data: 0.2226  max mem: 0
  [120/150]  eta: 0:00:09    time: 0.3094  data: 0.2225  max mem: 0
  [149/150]  eta: 0:00:00    time: 0.3098  data: 0.2228  max mem: 0
 Total time: 0:00:46 (0.3097 s / it)
tensor(2.6388, device='cuda:1')
Epoch: [235]  [ 0/38]  eta: 0:01:17  lr: 0.000010  loss: 0.1742 (0.1742)  time: 2.0303  data: 0.9688  max mem: 0
Epoch: [235]  [37/38]  eta: 0:00:01  lr: 0.000010  loss: 0.1236 (0.1626)  time: 1.8702  data: 0.8322  max mem: 0
Epoch: [235] Total time: 0:01:12 (1.8955 s / it)
  [  0/150]  eta: 0:00:45    time: 0.3012  data: 0.2141  max mem: 0
  [ 40/150]  eta: 0:00:33    time: 0.2999  data: 0.2128  max mem: 0
  [ 80/150]  eta: 0:00:21    time: 0.2998  data: 0.2128  max mem: 0
  [120/150]  eta: 0:00:09    time: 0.3003  data: 0.2133  max mem: 0
  [149/150]  eta: 0:00:00    time: 0.3005  data: 0.2136  max mem: 0
 Total time: 0:00:45 (0.3005 s / it)
tensor(2.6385, device='cuda:1')
Epoch: [236]  [ 0/38]  eta: 0:01:14  lr: 0.000010  loss: 0.1739 (0.1739)  time: 1.9692  data: 0.9078  max mem: 0
Epoch: [236]  [37/38]  eta: 0:00:01  lr: 0.000010  loss: 0.1234 (0.1623)  time: 1.9168  data: 0.8790  max mem: 0
Epoch: [236] Total time: 0:01:13 (1.9391 s / it)
  [  0/150]  eta: 0:00:46    time: 0.3109  data: 0.2238  max mem: 0
  [ 40/150]  eta: 0:00:34    time: 0.3098  data: 0.2228  max mem: 0
  [ 80/150]  eta: 0:00:21    time: 0.3096  data: 0.2226  max mem: 0
  [120/150]  eta: 0:00:09    time: 0.3091  data: 0.2221  max mem: 0
  [149/150]  eta: 0:00:00    time: 0.3095  data: 0.2225  max mem: 0
 Total time: 0:00:46 (0.3096 s / it)
tensor(2.6386, device='cuda:1')
Epoch: [237]  [ 0/38]  eta: 0:01:19  lr: 0.000010  loss: 0.1735 (0.1735)  time: 2.0927  data: 1.0333  max mem: 0
Epoch: [237]  [37/38]  eta: 0:00:02  lr: 0.000010  loss: 0.1232 (0.1620)  time: 2.0740  data: 1.0362  max mem: 0
Epoch: [237] Total time: 0:01:19 (2.0946 s / it)
  [  0/150]  eta: 0:00:51    time: 0.3454  data: 0.2581  max mem: 0
  [ 40/150]  eta: 0:00:38    time: 0.3477  data: 0.2606  max mem: 0
  [ 80/150]  eta: 0:00:24    time: 0.3525  data: 0.2655  max mem: 0
  [120/150]  eta: 0:00:10    time: 0.3462  data: 0.2592  max mem: 0
  [149/150]  eta: 0:00:00    time: 0.3482  data: 0.2612  max mem: 0
 Total time: 0:00:52 (0.3479 s / it)
tensor(2.6383, device='cuda:1')
Epoch: [238]  [ 0/38]  eta: 0:01:21  lr: 0.000010  loss: 0.1732 (0.1732)  time: 2.1400  data: 1.0788  max mem: 0
Epoch: [238]  [37/38]  eta: 0:00:02  lr: 0.000010  loss: 0.1229 (0.1618)  time: 2.0345  data: 0.9956  max mem: 0
Epoch: [238] Total time: 0:01:16 (2.0061 s / it)
  [  0/150]  eta: 0:00:46    time: 0.3108  data: 0.2236  max mem: 0
  [ 40/150]  eta: 0:00:34    time: 0.3095  data: 0.2225  max mem: 0
  [ 80/150]  eta: 0:00:21    time: 0.3155  data: 0.2285  max mem: 0
  [120/150]  eta: 0:00:09    time: 0.3126  data: 0.2256  max mem: 0
  [149/150]  eta: 0:00:00    time: 0.3160  data: 0.2288  max mem: 0
 Total time: 0:00:46 (0.3129 s / it)
tensor(2.6651, device='cuda:1')
Epoch: [239]  [ 0/38]  eta: 0:01:13  lr: 0.000010  loss: 0.1729 (0.1729)  time: 1.9433  data: 0.8810  max mem: 0
Epoch: [239]  [37/38]  eta: 0:00:01  lr: 0.000010  loss: 0.1227 (0.1615)  time: 1.9011  data: 0.8642  max mem: 0
Epoch: [239] Total time: 0:01:13 (1.9267 s / it)
  [  0/150]  eta: 0:00:46    time: 0.3101  data: 0.2230  max mem: 0
  [ 40/150]  eta: 0:00:33    time: 0.3065  data: 0.2195  max mem: 0
  [ 80/150]  eta: 0:00:21    time: 0.3064  data: 0.2194  max mem: 0
  [120/150]  eta: 0:00:09    time: 0.3064  data: 0.2194  max mem: 0
  [149/150]  eta: 0:00:00    time: 0.3072  data: 0.2203  max mem: 0
 Total time: 0:00:45 (0.3067 s / it)
tensor(2.6648, device='cuda:1')
Epoch: [240]  [ 0/38]  eta: 0:01:17  lr: 0.000010  loss: 0.1726 (0.1726)  time: 2.0502  data: 0.9884  max mem: 0
Epoch: [240]  [37/38]  eta: 0:00:02  lr: 0.000010  loss: 0.1225 (0.1612)  time: 2.0166  data: 0.9801  max mem: 0
Epoch: [240] Total time: 0:01:17 (2.0375 s / it)
  [  0/150]  eta: 0:00:50    time: 0.3360  data: 0.2486  max mem: 0
  [ 40/150]  eta: 0:00:36    time: 0.3359  data: 0.2489  max mem: 0
  [ 80/150]  eta: 0:00:23    time: 0.3350  data: 0.2480  max mem: 0
  [120/150]  eta: 0:00:10    time: 0.3845  data: 0.2948  max mem: 0
  [149/150]  eta: 0:00:00    time: 0.3844  data: 0.2935  max mem: 0
 Total time: 0:00:53 (0.3556 s / it)
tensor(2.6648, device='cuda:1')
Epoch: [241]  [ 0/38]  eta: 0:01:14  lr: 0.000010  loss: 0.1723 (0.1723)  time: 1.9654  data: 0.9038  max mem: 0
Epoch: [241]  [37/38]  eta: 0:00:01  lr: 0.000010  loss: 0.1223 (0.1609)  time: 1.9116  data: 0.8734  max mem: 0
Epoch: [241] Total time: 0:01:13 (1.9392 s / it)
  [  0/150]  eta: 0:00:46    time: 0.3091  data: 0.2220  max mem: 0
  [ 40/150]  eta: 0:00:33    time: 0.3099  data: 0.2207  max mem: 0
  [ 80/150]  eta: 0:00:21    time: 0.3100  data: 0.2229  max mem: 0
  [120/150]  eta: 0:00:09    time: 0.3075  data: 0.2205  max mem: 0
  [149/150]  eta: 0:00:00    time: 0.3077  data: 0.2207  max mem: 0
 Total time: 0:00:46 (0.3085 s / it)
tensor(2.6834, device='cuda:1')
Epoch: [242]  [ 0/38]  eta: 0:01:18  lr: 0.000010  loss: 0.1720 (0.1720)  time: 2.0667  data: 1.0069  max mem: 0
Epoch: [242]  [37/38]  eta: 0:00:02  lr: 0.000010  loss: 0.1221 (0.1606)  time: 2.1337  data: 1.0955  max mem: 0
Epoch: [242] Total time: 0:01:20 (2.1300 s / it)
  [  0/150]  eta: 0:00:50    time: 0.3400  data: 0.2527  max mem: 0
  [ 40/150]  eta: 0:00:37    time: 0.3365  data: 0.2495  max mem: 0
  [ 80/150]  eta: 0:00:23    time: 0.3390  data: 0.2518  max mem: 0
  [120/150]  eta: 0:00:10    time: 0.3348  data: 0.2478  max mem: 0
  [149/150]  eta: 0:00:00    time: 0.3380  data: 0.2509  max mem: 0
 Total time: 0:00:50 (0.3374 s / it)
tensor(2.6837, device='cuda:1')
Epoch: [243]  [ 0/38]  eta: 0:01:30  lr: 0.000010  loss: 0.1717 (0.1717)  time: 2.3775  data: 1.3121  max mem: 0
Epoch: [243]  [37/38]  eta: 0:00:01  lr: 0.000010  loss: 0.1219 (0.1604)  time: 1.9248  data: 0.8866  max mem: 0
Epoch: [243] Total time: 0:01:14 (1.9662 s / it)
  [  0/150]  eta: 0:00:46    time: 0.3131  data: 0.2260  max mem: 0
  [ 40/150]  eta: 0:00:36    time: 0.3568  data: 0.2667  max mem: 0
  [ 80/150]  eta: 0:00:22    time: 0.3124  data: 0.2254  max mem: 0
  [120/150]  eta: 0:00:09    time: 0.3116  data: 0.2246  max mem: 0
  [149/150]  eta: 0:00:00    time: 0.3129  data: 0.2256  max mem: 0
 Total time: 0:00:48 (0.3221 s / it)
tensor(2.6831, device='cuda:1')
Epoch: [244]  [ 0/38]  eta: 0:01:15  lr: 0.000010  loss: 0.1713 (0.1713)  time: 1.9768  data: 0.9141  max mem: 0
Epoch: [244]  [37/38]  eta: 0:00:01  lr: 0.000010  loss: 0.1216 (0.1601)  time: 1.9211  data: 0.8833  max mem: 0
Epoch: [244] Total time: 0:01:13 (1.9311 s / it)
  [  0/150]  eta: 0:00:50    time: 0.3387  data: 0.2240  max mem: 0
  [ 40/150]  eta: 0:00:36    time: 0.3236  data: 0.2364  max mem: 0
  [ 80/150]  eta: 0:00:22    time: 0.3244  data: 0.2370  max mem: 0
  [120/150]  eta: 0:00:09    time: 0.3083  data: 0.2212  max mem: 0
  [149/150]  eta: 0:00:00    time: 0.3088  data: 0.2216  max mem: 0
 Total time: 0:00:47 (0.3182 s / it)
tensor(2.6829, device='cuda:1')
Epoch: [245]  [ 0/38]  eta: 0:01:15  lr: 0.000010  loss: 0.1710 (0.1710)  time: 1.9837  data: 0.9252  max mem: 0
Epoch: [245]  [37/38]  eta: 0:00:01  lr: 0.000010  loss: 0.1214 (0.1598)  time: 1.9508  data: 0.9131  max mem: 0
Epoch: [245] Total time: 0:01:14 (1.9688 s / it)
  [  0/150]  eta: 0:00:46    time: 0.3084  data: 0.2212  max mem: 0
  [ 40/150]  eta: 0:00:33    time: 0.3066  data: 0.2195  max mem: 0
  [ 80/150]  eta: 0:00:21    time: 0.3103  data: 0.2217  max mem: 0
  [120/150]  eta: 0:00:09    time: 0.3308  data: 0.2413  max mem: 0
  [149/150]  eta: 0:00:00    time: 0.3176  data: 0.2305  max mem: 0
 Total time: 0:00:47 (0.3182 s / it)
tensor(2.6787, device='cuda:1')
Epoch: [246]  [ 0/38]  eta: 0:01:14  lr: 0.000010  loss: 0.1707 (0.1707)  time: 1.9562  data: 0.8955  max mem: 0
Epoch: [246]  [37/38]  eta: 0:00:01  lr: 0.000010  loss: 0.1212 (0.1595)  time: 1.9400  data: 0.9002  max mem: 0
Epoch: [246] Total time: 0:01:13 (1.9465 s / it)
  [  0/150]  eta: 0:00:47    time: 0.3140  data: 0.2267  max mem: 0
  [ 40/150]  eta: 0:00:34    time: 0.3136  data: 0.2245  max mem: 0
  [ 80/150]  eta: 0:00:21    time: 0.3068  data: 0.2198  max mem: 0
  [120/150]  eta: 0:00:09    time: 0.3112  data: 0.2231  max mem: 0
  [149/150]  eta: 0:00:00    time: 0.3072  data: 0.2200  max mem: 0
 Total time: 0:00:46 (0.3095 s / it)
tensor(2.6750, device='cuda:1')
Epoch: [247]  [ 0/38]  eta: 0:01:15  lr: 0.000010  loss: 0.1703 (0.1703)  time: 1.9872  data: 0.9244  max mem: 0
Epoch: [247]  [37/38]  eta: 0:00:01  lr: 0.000010  loss: 0.1210 (0.1592)  time: 1.9223  data: 0.8831  max mem: 0
Epoch: [247] Total time: 0:01:13 (1.9407 s / it)
  [  0/150]  eta: 0:00:46    time: 0.3077  data: 0.2206  max mem: 0
  [ 40/150]  eta: 0:00:33    time: 0.3083  data: 0.2212  max mem: 0
  [ 80/150]  eta: 0:00:21    time: 0.3065  data: 0.2194  max mem: 0
  [120/150]  eta: 0:00:09    time: 0.3077  data: 0.2193  max mem: 0
  [149/150]  eta: 0:00:00    time: 0.3085  data: 0.2214  max mem: 0
 Total time: 0:00:46 (0.3072 s / it)
tensor(2.6797, device='cuda:1')
Epoch: [248]  [ 0/38]  eta: 0:01:14  lr: 0.000010  loss: 0.1700 (0.1700)  time: 1.9621  data: 0.9000  max mem: 0
Epoch: [248]  [37/38]  eta: 0:00:01  lr: 0.000010  loss: 0.1208 (0.1589)  time: 1.9165  data: 0.8765  max mem: 0
Epoch: [248] Total time: 0:01:13 (1.9441 s / it)
  [  0/150]  eta: 0:00:45    time: 0.3046  data: 0.2173  max mem: 0
  [ 40/150]  eta: 0:00:33    time: 0.3073  data: 0.2185  max mem: 0
  [ 80/150]  eta: 0:00:21    time: 0.3115  data: 0.2222  max mem: 0
  [120/150]  eta: 0:00:09    time: 0.4092  data: 0.3137  max mem: 0
  [149/150]  eta: 0:00:00    time: 0.3152  data: 0.2254  max mem: 0
 Total time: 0:00:49 (0.3271 s / it)
tensor(2.6807, device='cuda:1')
Epoch: [249]  [ 0/38]  eta: 0:01:35  lr: 0.000010  loss: 0.1697 (0.1697)  time: 2.5002  data: 1.4397  max mem: 0
Epoch: [249]  [37/38]  eta: 0:00:01  lr: 0.000010  loss: 0.1205 (0.1586)  time: 1.9433  data: 0.9057  max mem: 0
Epoch: [249] Total time: 0:01:14 (1.9729 s / it)
  [  0/150]  eta: 0:00:47    time: 0.3164  data: 0.2292  max mem: 0
  [ 40/150]  eta: 0:00:34    time: 0.3128  data: 0.2257  max mem: 0
  [ 80/150]  eta: 0:00:22    time: 0.3225  data: 0.2346  max mem: 0
  [120/150]  eta: 0:00:09    time: 0.3134  data: 0.2264  max mem: 0
  [149/150]  eta: 0:00:00    time: 0.3154  data: 0.2280  max mem: 0
 Total time: 0:00:47 (0.3152 s / it)
tensor(2.7037, device='cuda:1')
Epoch: [250]  [ 0/38]  eta: 0:01:19  lr: 0.000010  loss: 0.1694 (0.1694)  time: 2.0964  data: 1.0339  max mem: 0
Epoch: [250]  [37/38]  eta: 0:00:02  lr: 0.000010  loss: 0.1203 (0.1583)  time: 2.0040  data: 0.9660  max mem: 0
Epoch: [250] Total time: 0:01:16 (2.0028 s / it)
  [  0/150]  eta: 0:00:46    time: 0.3100  data: 0.2228  max mem: 0
  [ 40/150]  eta: 0:00:34    time: 0.3155  data: 0.2282  max mem: 0
  [ 80/150]  eta: 0:00:22    time: 0.3104  data: 0.2234  max mem: 0
  [120/150]  eta: 0:00:09    time: 0.3453  data: 0.2556  max mem: 0
  [149/150]  eta: 0:00:00    time: 0.3358  data: 0.2453  max mem: 0
 Total time: 0:00:48 (0.3220 s / it)
tensor(2.6858, device='cuda:1')
Epoch: [251]  [ 0/38]  eta: 0:01:13  lr: 0.000010  loss: 0.1690 (0.1690)  time: 1.9441  data: 0.8822  max mem: 0
Epoch: [251]  [37/38]  eta: 0:00:02  lr: 0.000010  loss: 0.1201 (0.1580)  time: 1.9304  data: 0.8924  max mem: 0
Epoch: [251] Total time: 0:01:16 (2.0181 s / it)
  [  0/150]  eta: 0:00:46    time: 0.3077  data: 0.2206  max mem: 0
  [ 40/150]  eta: 0:00:35    time: 0.3373  data: 0.2462  max mem: 0
  [ 80/150]  eta: 0:00:22    time: 0.3085  data: 0.2214  max mem: 0
  [120/150]  eta: 0:00:09    time: 0.3079  data: 0.2209  max mem: 0
  [149/150]  eta: 0:00:00    time: 0.3091  data: 0.2221  max mem: 0
 Total time: 0:00:47 (0.3136 s / it)
tensor(2.7069, device='cuda:1')
Epoch: [252]  [ 0/38]  eta: 0:01:13  lr: 0.000010  loss: 0.1686 (0.1686)  time: 1.9233  data: 0.8591  max mem: 0
Epoch: [252]  [37/38]  eta: 0:00:01  lr: 0.000010  loss: 0.1198 (0.1577)  time: 1.9496  data: 0.9113  max mem: 0
Epoch: [252] Total time: 0:01:13 (1.9459 s / it)
  [  0/150]  eta: 0:00:46    time: 0.3084  data: 0.2211  max mem: 0
  [ 40/150]  eta: 0:00:33    time: 0.3036  data: 0.2166  max mem: 0
  [ 80/150]  eta: 0:00:21    time: 0.3131  data: 0.2255  max mem: 0
  [120/150]  eta: 0:00:09    time: 0.3059  data: 0.2188  max mem: 0
  [149/150]  eta: 0:00:00    time: 0.3044  data: 0.2173  max mem: 0
 Total time: 0:00:46 (0.3067 s / it)
tensor(2.7033, device='cuda:1')
Epoch: [253]  [ 0/38]  eta: 0:01:12  lr: 0.000010  loss: 0.1683 (0.1683)  time: 1.9205  data: 0.8594  max mem: 0
Epoch: [253]  [37/38]  eta: 0:00:01  lr: 0.000010  loss: 0.1196 (0.1574)  time: 1.8891  data: 0.8512  max mem: 0
Epoch: [253] Total time: 0:01:12 (1.9107 s / it)
  [  0/150]  eta: 0:00:45    time: 0.3029  data: 0.2157  max mem: 0
  [ 40/150]  eta: 0:00:34    time: 0.3142  data: 0.2258  max mem: 0
  [ 80/150]  eta: 0:00:21    time: 0.3034  data: 0.2163  max mem: 0
  [120/150]  eta: 0:00:09    time: 0.3115  data: 0.2214  max mem: 0
  [149/150]  eta: 0:00:00    time: 0.3060  data: 0.2187  max mem: 0
 Total time: 0:00:46 (0.3076 s / it)
tensor(2.7029, device='cuda:1')
Epoch: [254]  [ 0/38]  eta: 0:01:12  lr: 0.000010  loss: 0.1679 (0.1679)  time: 1.9206  data: 0.8587  max mem: 0
Epoch: [254]  [37/38]  eta: 0:00:01  lr: 0.000010  loss: 0.1194 (0.1571)  time: 1.8960  data: 0.8580  max mem: 0
Epoch: [254] Total time: 0:01:12 (1.9153 s / it)
  [  0/150]  eta: 0:00:51    time: 0.3407  data: 0.2534  max mem: 0
  [ 40/150]  eta: 0:00:38    time: 0.3744  data: 0.2849  max mem: 0
  [ 80/150]  eta: 0:00:22    time: 0.3046  data: 0.2176  max mem: 0
  [120/150]  eta: 0:00:09    time: 0.3070  data: 0.2188  max mem: 0
  [149/150]  eta: 0:00:00    time: 0.3139  data: 0.2235  max mem: 0
 Total time: 0:00:47 (0.3187 s / it)
tensor(2.6840, device='cuda:1')
Epoch: [255]  [ 0/38]  eta: 0:01:13  lr: 0.000010  loss: 0.1676 (0.1676)  time: 1.9224  data: 0.8624  max mem: 0
Epoch: [255]  [37/38]  eta: 0:00:01  lr: 0.000010  loss: 0.1191 (0.1567)  time: 1.9567  data: 0.9186  max mem: 0
Epoch: [255] Total time: 0:01:14 (1.9722 s / it)
  [  0/150]  eta: 0:00:46    time: 0.3094  data: 0.2221  max mem: 0
  [ 40/150]  eta: 0:00:33    time: 0.3054  data: 0.2183  max mem: 0
  [ 80/150]  eta: 0:00:21    time: 0.3296  data: 0.2409  max mem: 0
  [120/150]  eta: 0:00:09    time: 0.3102  data: 0.2208  max mem: 0
  [149/150]  eta: 0:00:00    time: 0.3055  data: 0.2184  max mem: 0
 Total time: 0:00:46 (0.3097 s / it)
tensor(2.6844, device='cuda:1')
Epoch: [256]  [ 0/38]  eta: 0:01:12  lr: 0.000010  loss: 0.1672 (0.1672)  time: 1.9097  data: 0.8489  max mem: 0
Epoch: [256]  [37/38]  eta: 0:00:01  lr: 0.000010  loss: 0.1189 (0.1564)  time: 1.9375  data: 0.9001  max mem: 0
Epoch: [256] Total time: 0:01:13 (1.9329 s / it)
  [  0/150]  eta: 0:00:45    time: 0.3040  data: 0.2167  max mem: 0
  [ 40/150]  eta: 0:00:33    time: 0.3031  data: 0.2138  max mem: 0
  [ 80/150]  eta: 0:00:22    time: 0.3115  data: 0.2190  max mem: 0
  [120/150]  eta: 0:00:09    time: 0.3052  data: 0.2181  max mem: 0
  [149/150]  eta: 0:00:00    time: 0.3032  data: 0.2157  max mem: 0
 Total time: 0:00:46 (0.3122 s / it)
tensor(2.7035, device='cuda:1')
Epoch: [257]  [ 0/38]  eta: 0:01:16  lr: 0.000010  loss: 0.1669 (0.1669)  time: 2.0142  data: 0.9538  max mem: 0
Epoch: [257]  [37/38]  eta: 0:00:02  lr: 0.000010  loss: 0.1187 (0.1561)  time: 1.9890  data: 0.9506  max mem: 0
Epoch: [257] Total time: 0:01:16 (2.0137 s / it)
  [  0/150]  eta: 0:00:49    time: 0.3289  data: 0.2418  max mem: 0
  [ 40/150]  eta: 0:00:36    time: 0.3270  data: 0.2400  max mem: 0
  [ 80/150]  eta: 0:00:22    time: 0.3267  data: 0.2397  max mem: 0
  [120/150]  eta: 0:00:09    time: 0.3268  data: 0.2398  max mem: 0
  [149/150]  eta: 0:00:00    time: 0.3270  data: 0.2400  max mem: 0
 Total time: 0:00:49 (0.3270 s / it)
tensor(2.7035, device='cuda:1')
Epoch: [258]  [ 0/38]  eta: 0:01:15  lr: 0.000010  loss: 0.1665 (0.1665)  time: 1.9786  data: 0.9193  max mem: 0
Epoch: [258]  [37/38]  eta: 0:00:01  lr: 0.000010  loss: 0.1184 (0.1558)  time: 1.9184  data: 0.8819  max mem: 0
Epoch: [258] Total time: 0:01:14 (1.9478 s / it)
  [  0/150]  eta: 0:00:46    time: 0.3117  data: 0.2245  max mem: 0
  [ 40/150]  eta: 0:00:34    time: 0.3084  data: 0.2213  max mem: 0
  [ 80/150]  eta: 0:00:21    time: 0.3079  data: 0.2209  max mem: 0
  [120/150]  eta: 0:00:09    time: 0.3094  data: 0.2223  max mem: 0
  [149/150]  eta: 0:00:00    time: 0.3087  data: 0.2216  max mem: 0
 Total time: 0:00:46 (0.3106 s / it)
tensor(2.6844, device='cuda:1')
Epoch: [259]  [ 0/38]  eta: 0:01:19  lr: 0.000010  loss: 0.1661 (0.1661)  time: 2.0867  data: 1.0262  max mem: 0
Epoch: [259]  [37/38]  eta: 0:00:01  lr: 0.000010  loss: 0.1182 (0.1555)  time: 1.8843  data: 0.8463  max mem: 0
Epoch: [259] Total time: 0:01:13 (1.9222 s / it)
  [  0/150]  eta: 0:00:45    time: 0.3020  data: 0.2149  max mem: 0
  [ 40/150]  eta: 0:00:33    time: 0.3018  data: 0.2148  max mem: 0
  [ 80/150]  eta: 0:00:21    time: 0.3019  data: 0.2149  max mem: 0
  [120/150]  eta: 0:00:09    time: 0.3033  data: 0.2156  max mem: 0
  [149/150]  eta: 0:00:00    time: 0.3019  data: 0.2148  max mem: 0
 Total time: 0:00:45 (0.3026 s / it)
tensor(2.6846, device='cuda:1')
Epoch: [260]  [ 0/38]  eta: 0:01:15  lr: 0.000010  loss: 0.1658 (0.1658)  time: 1.9947  data: 0.9326  max mem: 0
Epoch: [260]  [37/38]  eta: 0:00:01  lr: 0.000010  loss: 0.1179 (0.1551)  time: 1.9276  data: 0.8900  max mem: 0
Epoch: [260] Total time: 0:01:13 (1.9473 s / it)
  [  0/150]  eta: 0:00:45    time: 0.3047  data: 0.2176  max mem: 0
  [ 40/150]  eta: 0:00:33    time: 0.3036  data: 0.2165  max mem: 0
  [ 80/150]  eta: 0:00:21    time: 0.3033  data: 0.2163  max mem: 0
  [120/150]  eta: 0:00:09    time: 0.3027  data: 0.2157  max mem: 0
  [149/150]  eta: 0:00:00    time: 0.3049  data: 0.2176  max mem: 0
 Total time: 0:00:45 (0.3044 s / it)
tensor(2.6846, device='cuda:1')
Epoch: [261]  [ 0/38]  eta: 0:01:13  lr: 0.000010  loss: 0.1654 (0.1654)  time: 1.9425  data: 0.8803  max mem: 0
Epoch: [261]  [37/38]  eta: 0:00:01  lr: 0.000010  loss: 0.1176 (0.1548)  time: 1.9157  data: 0.8779  max mem: 0
Epoch: [261] Total time: 0:01:13 (1.9332 s / it)
  [  0/150]  eta: 0:00:46    time: 0.3087  data: 0.2215  max mem: 0
  [ 40/150]  eta: 0:00:34    time: 0.3037  data: 0.2166  max mem: 0
  [ 80/150]  eta: 0:00:21    time: 0.3042  data: 0.2171  max mem: 0
  [120/150]  eta: 0:00:09    time: 0.3129  data: 0.2251  max mem: 0
  [149/150]  eta: 0:00:00    time: 0.3047  data: 0.2177  max mem: 0
 Total time: 0:00:46 (0.3083 s / it)
tensor(2.6844, device='cuda:1')
Epoch: [262]  [ 0/38]  eta: 0:01:14  lr: 0.000010  loss: 0.1650 (0.1650)  time: 1.9497  data: 0.8888  max mem: 0
Epoch: [262]  [37/38]  eta: 0:00:01  lr: 0.000010  loss: 0.1174 (0.1545)  time: 1.8799  data: 0.8415  max mem: 0
Epoch: [262] Total time: 0:01:12 (1.9018 s / it)
  [  0/150]  eta: 0:00:46    time: 0.3099  data: 0.2226  max mem: 0
  [ 40/150]  eta: 0:00:33    time: 0.3032  data: 0.2161  max mem: 0
  [ 80/150]  eta: 0:00:21    time: 0.3026  data: 0.2155  max mem: 0
  [120/150]  eta: 0:00:09    time: 0.3068  data: 0.2196  max mem: 0
  [149/150]  eta: 0:00:00    time: 0.3061  data: 0.2190  max mem: 0
 Total time: 0:00:45 (0.3050 s / it)
tensor(2.6846, device='cuda:1')
Epoch: [263]  [ 0/38]  eta: 0:01:13  lr: 0.000010  loss: 0.1646 (0.1646)  time: 1.9389  data: 0.8774  max mem: 0
Epoch: [263]  [37/38]  eta: 0:00:01  lr: 0.000010  loss: 0.1172 (0.1541)  time: 1.9013  data: 0.8641  max mem: 0
Epoch: [263] Total time: 0:01:13 (1.9312 s / it)
  [  0/150]  eta: 0:00:46    time: 0.3089  data: 0.2217  max mem: 0
  [ 40/150]  eta: 0:00:34    time: 0.3089  data: 0.2218  max mem: 0
  [ 80/150]  eta: 0:00:21    time: 0.3061  data: 0.2191  max mem: 0
  [120/150]  eta: 0:00:09    time: 0.3088  data: 0.2217  max mem: 0
  [149/150]  eta: 0:00:00    time: 0.3097  data: 0.2226  max mem: 0
 Total time: 0:00:46 (0.3106 s / it)
tensor(2.6847, device='cuda:1')
Epoch: [264]  [ 0/38]  eta: 0:01:13  lr: 0.000010  loss: 0.1642 (0.1642)  time: 1.9471  data: 0.8844  max mem: 0
Epoch: [264]  [37/38]  eta: 0:00:01  lr: 0.000010  loss: 0.1169 (0.1538)  time: 1.8966  data: 0.8596  max mem: 0
Epoch: [264] Total time: 0:01:13 (1.9287 s / it)
  [  0/150]  eta: 0:00:45    time: 0.3060  data: 0.2186  max mem: 0
  [ 40/150]  eta: 0:00:33    time: 0.3019  data: 0.2149  max mem: 0
  [ 80/150]  eta: 0:00:21    time: 0.3030  data: 0.2159  max mem: 0
  [120/150]  eta: 0:00:09    time: 0.3025  data: 0.2154  max mem: 0
  [149/150]  eta: 0:00:00    time: 0.3027  data: 0.2157  max mem: 0
 Total time: 0:00:45 (0.3032 s / it)
tensor(2.6851, device='cuda:1')
Epoch: [265]  [ 0/38]  eta: 0:01:16  lr: 0.000010  loss: 0.1639 (0.1639)  time: 2.0052  data: 0.9459  max mem: 0
Epoch: [265]  [37/38]  eta: 0:00:01  lr: 0.000010  loss: 0.1166 (0.1534)  time: 2.0081  data: 0.9679  max mem: 0
Epoch: [265] Total time: 0:01:15 (1.9996 s / it)
  [  0/150]  eta: 0:01:02    time: 0.4149  data: 0.3191  max mem: 0
  [ 40/150]  eta: 0:00:38    time: 0.3334  data: 0.2462  max mem: 0
  [ 80/150]  eta: 0:00:25    time: 0.3782  data: 0.2833  max mem: 0
  [120/150]  eta: 0:00:10    time: 0.3334  data: 0.2443  max mem: 0
  [149/150]  eta: 0:00:00    time: 0.3353  data: 0.2483  max mem: 0
 Total time: 0:00:53 (0.3568 s / it)
tensor(2.6852, device='cuda:1')
Epoch: [266]  [ 0/38]  eta: 0:01:13  lr: 0.000010  loss: 0.1635 (0.1635)  time: 1.9334  data: 0.8718  max mem: 0
Epoch: [266]  [37/38]  eta: 0:00:01  lr: 0.000010  loss: 0.1164 (0.1531)  time: 1.9923  data: 0.9542  max mem: 0
Epoch: [266] Total time: 0:01:15 (1.9930 s / it)
  [  0/150]  eta: 0:00:45    time: 0.3013  data: 0.2141  max mem: 0
  [ 40/150]  eta: 0:00:35    time: 0.3302  data: 0.2396  max mem: 0
  [ 80/150]  eta: 0:00:22    time: 0.3054  data: 0.2179  max mem: 0
  [120/150]  eta: 0:00:09    time: 0.3075  data: 0.2186  max mem: 0
  [149/150]  eta: 0:00:00    time: 0.3096  data: 0.2209  max mem: 0
 Total time: 0:00:47 (0.3185 s / it)
tensor(2.6849, device='cuda:1')
Epoch: [267]  [ 0/38]  eta: 0:01:13  lr: 0.000010  loss: 0.1631 (0.1631)  time: 1.9305  data: 0.8699  max mem: 0
Epoch: [267]  [37/38]  eta: 0:00:01  lr: 0.000010  loss: 0.1162 (0.1527)  time: 1.8935  data: 0.8558  max mem: 0
Epoch: [267] Total time: 0:01:12 (1.9196 s / it)
  [  0/150]  eta: 0:00:45    time: 0.3041  data: 0.2169  max mem: 0
  [ 40/150]  eta: 0:00:36    time: 0.3236  data: 0.2343  max mem: 0
  [ 80/150]  eta: 0:00:22    time: 0.3028  data: 0.2157  max mem: 0
  [120/150]  eta: 0:00:09    time: 0.3139  data: 0.2250  max mem: 0
  [149/150]  eta: 0:00:00    time: 0.3368  data: 0.2464  max mem: 0
 Total time: 0:00:48 (0.3236 s / it)
tensor(2.6851, device='cuda:1')
Epoch: [268]  [ 0/38]  eta: 0:01:14  lr: 0.000010  loss: 0.1627 (0.1627)  time: 1.9649  data: 0.9056  max mem: 0
Epoch: [268]  [37/38]  eta: 0:00:01  lr: 0.000010  loss: 0.1159 (0.1524)  time: 1.8716  data: 0.8334  max mem: 0
Epoch: [268] Total time: 0:01:12 (1.8953 s / it)
  [  0/150]  eta: 0:00:45    time: 0.3026  data: 0.2153  max mem: 0
  [ 40/150]  eta: 0:00:33    time: 0.3022  data: 0.2152  max mem: 0
  [ 80/150]  eta: 0:00:21    time: 0.3334  data: 0.2394  max mem: 0
  [120/150]  eta: 0:00:09    time: 0.3006  data: 0.2136  max mem: 0
  [149/150]  eta: 0:00:00    time: 0.3018  data: 0.2148  max mem: 0
 Total time: 0:00:46 (0.3086 s / it)
tensor(2.6853, device='cuda:1')
Epoch: [269]  [ 0/38]  eta: 0:01:15  lr: 0.000010  loss: 0.1623 (0.1623)  time: 1.9767  data: 0.9161  max mem: 0
Epoch: [269]  [37/38]  eta: 0:00:01  lr: 0.000010  loss: 0.1156 (0.1520)  time: 1.9223  data: 0.8841  max mem: 0
Epoch: [269] Total time: 0:01:14 (1.9630 s / it)
  [  0/150]  eta: 0:00:45    time: 0.3022  data: 0.2151  max mem: 0
  [ 40/150]  eta: 0:00:34    time: 0.3333  data: 0.2427  max mem: 0
  [ 80/150]  eta: 0:00:21    time: 0.3040  data: 0.2169  max mem: 0
  [120/150]  eta: 0:00:09    time: 0.3149  data: 0.2277  max mem: 0
  [149/150]  eta: 0:00:00    time: 0.3258  data: 0.2382  max mem: 0
 Total time: 0:00:47 (0.3140 s / it)
tensor(2.6851, device='cuda:1')
Epoch: [270]  [ 0/38]  eta: 0:01:14  lr: 0.000010  loss: 0.1619 (0.1619)  time: 1.9634  data: 0.9017  max mem: 0
Epoch: [270]  [37/38]  eta: 0:00:02  lr: 0.000010  loss: 0.1153 (0.1517)  time: 2.0344  data: 0.9934  max mem: 0
Epoch: [270] Total time: 0:01:17 (2.0362 s / it)
  [  0/150]  eta: 0:00:59    time: 0.3976  data: 0.3034  max mem: 0
  [ 40/150]  eta: 0:00:34    time: 0.3105  data: 0.2234  max mem: 0
  [ 80/150]  eta: 0:00:21    time: 0.3023  data: 0.2153  max mem: 0
  [120/150]  eta: 0:00:09    time: 0.3195  data: 0.2303  max mem: 0
  [149/150]  eta: 0:00:00    time: 0.3246  data: 0.2358  max mem: 0
 Total time: 0:00:47 (0.3178 s / it)
tensor(2.6854, device='cuda:1')
Epoch: [271]  [ 0/38]  eta: 0:01:14  lr: 0.000010  loss: 0.1615 (0.1615)  time: 1.9541  data: 0.8916  max mem: 0
Epoch: [271]  [37/38]  eta: 0:00:01  lr: 0.000010  loss: 0.1151 (0.1513)  time: 1.8804  data: 0.8424  max mem: 0
Epoch: [271] Total time: 0:01:14 (1.9653 s / it)
  [  0/150]  eta: 0:00:46    time: 0.3087  data: 0.2214  max mem: 0
  [ 40/150]  eta: 0:00:37    time: 0.3354  data: 0.2431  max mem: 0
  [ 80/150]  eta: 0:00:23    time: 0.3099  data: 0.2229  max mem: 0
  [120/150]  eta: 0:00:09    time: 0.3040  data: 0.2170  max mem: 0
  [149/150]  eta: 0:00:00    time: 0.3038  data: 0.2168  max mem: 0
 Total time: 0:00:48 (0.3211 s / it)
tensor(2.6857, device='cuda:1')
Epoch: [272]  [ 0/38]  eta: 0:01:18  lr: 0.000010  loss: 0.1611 (0.1611)  time: 2.0650  data: 1.0033  max mem: 0
Epoch: [272]  [37/38]  eta: 0:00:01  lr: 0.000010  loss: 0.1148 (0.1510)  time: 1.9558  data: 0.9174  max mem: 0
Epoch: [272] Total time: 0:01:15 (1.9875 s / it)
  [  0/150]  eta: 0:00:46    time: 0.3071  data: 0.2200  max mem: 0
  [ 40/150]  eta: 0:00:34    time: 0.3089  data: 0.2218  max mem: 0
  [ 80/150]  eta: 0:00:22    time: 0.3154  data: 0.2257  max mem: 0
  [120/150]  eta: 0:00:09    time: 0.3067  data: 0.2197  max mem: 0
  [149/150]  eta: 0:00:00    time: 0.3093  data: 0.2218  max mem: 0
 Total time: 0:00:46 (0.3113 s / it)
tensor(2.6862, device='cuda:1')
Epoch: [273]  [ 0/38]  eta: 0:01:17  lr: 0.000010  loss: 0.1607 (0.1607)  time: 2.0374  data: 0.9783  max mem: 0
Epoch: [273]  [37/38]  eta: 0:00:02  lr: 0.000010  loss: 0.1145 (0.1506)  time: 2.1397  data: 1.1003  max mem: 0
Epoch: [273] Total time: 0:01:21 (2.1379 s / it)
  [  0/150]  eta: 0:00:49    time: 0.3307  data: 0.2437  max mem: 0
  [ 40/150]  eta: 0:00:36    time: 0.3346  data: 0.2475  max mem: 0
  [ 80/150]  eta: 0:00:23    time: 0.3525  data: 0.2645  max mem: 0
  [120/150]  eta: 0:00:10    time: 0.3318  data: 0.2448  max mem: 0
  [149/150]  eta: 0:00:00    time: 0.3312  data: 0.2442  max mem: 0
 Total time: 0:00:50 (0.3354 s / it)
tensor(2.6862, device='cuda:1')
Epoch: [274]  [ 0/38]  eta: 0:01:15  lr: 0.000010  loss: 0.1602 (0.1602)  time: 1.9800  data: 0.9195  max mem: 0
Epoch: [274]  [37/38]  eta: 0:00:01  lr: 0.000010  loss: 0.1143 (0.1502)  time: 1.8891  data: 0.8526  max mem: 0
Epoch: [274] Total time: 0:01:12 (1.9100 s / it)
  [  0/150]  eta: 0:00:44    time: 0.2999  data: 0.2128  max mem: 0
  [ 40/150]  eta: 0:00:32    time: 0.2993  data: 0.2123  max mem: 0
  [ 80/150]  eta: 0:00:20    time: 0.3000  data: 0.2131  max mem: 0
  [120/150]  eta: 0:00:08    time: 0.3000  data: 0.2130  max mem: 0
  [149/150]  eta: 0:00:00    time: 0.3001  data: 0.2131  max mem: 0
 Total time: 0:00:44 (0.2999 s / it)
tensor(2.6856, device='cuda:1')
Epoch: [275]  [ 0/38]  eta: 0:01:14  lr: 0.000010  loss: 0.1598 (0.1598)  time: 1.9566  data: 0.8940  max mem: 0
Epoch: [275]  [37/38]  eta: 0:00:01  lr: 0.000010  loss: 0.1140 (0.1499)  time: 1.8770  data: 0.8386  max mem: 0
Epoch: [275] Total time: 0:01:12 (1.9001 s / it)
  [  0/150]  eta: 0:00:45    time: 0.3023  data: 0.2153  max mem: 0
  [ 40/150]  eta: 0:00:33    time: 0.3028  data: 0.2159  max mem: 0
  [ 80/150]  eta: 0:00:21    time: 0.3481  data: 0.2590  max mem: 0
  [120/150]  eta: 0:00:09    time: 0.3010  data: 0.2141  max mem: 0
  [149/150]  eta: 0:00:00    time: 0.3343  data: 0.2460  max mem: 0
 Total time: 0:00:46 (0.3126 s / it)
tensor(2.6858, device='cuda:1')
Epoch: [276]  [ 0/38]  eta: 0:01:13  lr: 0.000010  loss: 0.1594 (0.1594)  time: 1.9435  data: 0.8825  max mem: 0
Epoch: [276]  [37/38]  eta: 0:00:01  lr: 0.000010  loss: 0.1137 (0.1495)  time: 1.9170  data: 0.8786  max mem: 0
Epoch: [276] Total time: 0:01:14 (1.9517 s / it)
  [  0/150]  eta: 0:00:45    time: 0.3006  data: 0.2136  max mem: 0
  [ 40/150]  eta: 0:00:34    time: 0.3228  data: 0.2285  max mem: 0
  [ 80/150]  eta: 0:00:21    time: 0.3120  data: 0.2212  max mem: 0
  [120/150]  eta: 0:00:09    time: 0.3026  data: 0.2139  max mem: 0
  [149/150]  eta: 0:00:00    time: 0.3373  data: 0.2478  max mem: 0
 Total time: 0:00:47 (0.3189 s / it)
tensor(2.6855, device='cuda:1')
Epoch: [277]  [ 0/38]  eta: 0:01:14  lr: 0.000010  loss: 0.1590 (0.1590)  time: 1.9716  data: 0.9113  max mem: 0
Epoch: [277]  [37/38]  eta: 0:00:02  lr: 0.000010  loss: 0.1134 (0.1491)  time: 2.0595  data: 1.0173  max mem: 0
Epoch: [277] Total time: 0:01:16 (2.0079 s / it)
  [  0/150]  eta: 0:00:45    time: 0.3029  data: 0.2158  max mem: 0
  [ 40/150]  eta: 0:00:34    time: 0.3134  data: 0.2261  max mem: 0
  [ 80/150]  eta: 0:00:22    time: 0.3189  data: 0.2252  max mem: 0
  [120/150]  eta: 0:00:09    time: 0.3352  data: 0.2407  max mem: 0
  [149/150]  eta: 0:00:00    time: 0.3021  data: 0.2151  max mem: 0
 Total time: 0:00:48 (0.3214 s / it)
tensor(2.6838, device='cuda:1')
Epoch: [278]  [ 0/38]  eta: 0:01:14  lr: 0.000010  loss: 0.1586 (0.1586)  time: 1.9652  data: 0.9034  max mem: 0
Epoch: [278]  [37/38]  eta: 0:00:01  lr: 0.000010  loss: 0.1132 (0.1488)  time: 1.9427  data: 0.9038  max mem: 0
Epoch: [278] Total time: 0:01:13 (1.9370 s / it)
  [  0/150]  eta: 0:00:46    time: 0.3070  data: 0.2197  max mem: 0
  [ 40/150]  eta: 0:00:33    time: 0.3039  data: 0.2170  max mem: 0
  [ 80/150]  eta: 0:00:21    time: 0.3060  data: 0.2185  max mem: 0
  [120/150]  eta: 0:00:09    time: 0.3218  data: 0.2337  max mem: 0
  [149/150]  eta: 0:00:00    time: 0.3020  data: 0.2150  max mem: 0
 Total time: 0:00:46 (0.3110 s / it)
tensor(2.6653, device='cuda:1')
Epoch: [279]  [ 0/38]  eta: 0:01:14  lr: 0.000010  loss: 0.1581 (0.1581)  time: 1.9538  data: 0.8939  max mem: 0
Epoch: [279]  [37/38]  eta: 0:00:01  lr: 0.000010  loss: 0.1129 (0.1484)  time: 1.9351  data: 0.8967  max mem: 0
Epoch: [279] Total time: 0:01:15 (1.9901 s / it)
  [  0/150]  eta: 0:00:45    time: 0.3047  data: 0.2177  max mem: 0
  [ 40/150]  eta: 0:00:34    time: 0.3076  data: 0.2204  max mem: 0
  [ 80/150]  eta: 0:00:21    time: 0.3049  data: 0.2179  max mem: 0
  [120/150]  eta: 0:00:09    time: 0.3072  data: 0.2202  max mem: 0
  [149/150]  eta: 0:00:00    time: 0.3095  data: 0.2224  max mem: 0
 Total time: 0:00:46 (0.3093 s / it)
tensor(2.6654, device='cuda:1')
Epoch: [280]  [ 0/38]  eta: 0:01:14  lr: 0.000010  loss: 0.1577 (0.1577)  time: 1.9645  data: 0.9025  max mem: 0
Epoch: [280]  [37/38]  eta: 0:00:01  lr: 0.000010  loss: 0.1126 (0.1480)  time: 1.9165  data: 0.8780  max mem: 0
Epoch: [280] Total time: 0:01:13 (1.9457 s / it)
  [  0/150]  eta: 0:00:45    time: 0.3011  data: 0.2140  max mem: 0
  [ 40/150]  eta: 0:00:34    time: 0.3040  data: 0.2170  max mem: 0
  [ 80/150]  eta: 0:00:21    time: 0.3201  data: 0.2301  max mem: 0
  [120/150]  eta: 0:00:09    time: 0.3043  data: 0.2173  max mem: 0
  [149/150]  eta: 0:00:00    time: 0.3116  data: 0.2244  max mem: 0
 Total time: 0:00:47 (0.3149 s / it)
tensor(2.6498, device='cuda:1')
Epoch: [281]  [ 0/38]  eta: 0:01:20  lr: 0.000010  loss: 0.1573 (0.1573)  time: 2.1284  data: 1.0674  max mem: 0
Epoch: [281]  [37/38]  eta: 0:00:01  lr: 0.000010  loss: 0.1123 (0.1476)  time: 1.9267  data: 0.8873  max mem: 0
Epoch: [281] Total time: 0:01:14 (1.9603 s / it)
  [  0/150]  eta: 0:00:45    time: 0.3017  data: 0.2146  max mem: 0
  [ 40/150]  eta: 0:00:33    time: 0.3063  data: 0.2186  max mem: 0
  [ 80/150]  eta: 0:00:21    time: 0.3222  data: 0.2334  max mem: 0
  [120/150]  eta: 0:00:09    time: 0.3059  data: 0.2184  max mem: 0
  [149/150]  eta: 0:00:00    time: 0.3067  data: 0.2180  max mem: 0
 Total time: 0:00:46 (0.3096 s / it)
tensor(2.6744, device='cuda:1')
Epoch: [282]  [ 0/38]  eta: 0:01:14  lr: 0.000010  loss: 0.1568 (0.1568)  time: 1.9509  data: 0.8892  max mem: 0
Epoch: [282]  [37/38]  eta: 0:00:01  lr: 0.000010  loss: 0.1120 (0.1472)  time: 1.9048  data: 0.8671  max mem: 0
Epoch: [282] Total time: 0:01:13 (1.9420 s / it)
  [  0/150]  eta: 0:00:44    time: 0.2996  data: 0.2125  max mem: 0
  [ 40/150]  eta: 0:00:34    time: 0.3371  data: 0.2469  max mem: 0
  [ 80/150]  eta: 0:00:22    time: 0.3005  data: 0.2135  max mem: 0
  [120/150]  eta: 0:00:09    time: 0.3004  data: 0.2134  max mem: 0
  [149/150]  eta: 0:00:00    time: 0.3007  data: 0.2137  max mem: 0
 Total time: 0:00:46 (0.3120 s / it)
tensor(2.6745, device='cuda:1')
Epoch: [283]  [ 0/38]  eta: 0:01:14  lr: 0.000010  loss: 0.1564 (0.1564)  time: 1.9561  data: 0.8935  max mem: 0
Epoch: [283]  [37/38]  eta: 0:00:01  lr: 0.000010  loss: 0.1117 (0.1468)  time: 1.9152  data: 0.8770  max mem: 0
Epoch: [283] Total time: 0:01:14 (1.9609 s / it)
  [  0/150]  eta: 0:00:46    time: 0.3091  data: 0.2216  max mem: 0
  [ 40/150]  eta: 0:00:33    time: 0.3061  data: 0.2190  max mem: 0
  [ 80/150]  eta: 0:00:21    time: 0.3047  data: 0.2176  max mem: 0
  [120/150]  eta: 0:00:09    time: 0.3194  data: 0.2308  max mem: 0
  [149/150]  eta: 0:00:00    time: 0.3282  data: 0.2393  max mem: 0
 Total time: 0:00:46 (0.3115 s / it)
tensor(2.6744, device='cuda:1')
Epoch: [284]  [ 0/38]  eta: 0:01:16  lr: 0.000010  loss: 0.1559 (0.1559)  time: 2.0130  data: 0.9510  max mem: 0
Epoch: [284]  [37/38]  eta: 0:00:01  lr: 0.000010  loss: 0.1115 (0.1465)  time: 1.9815  data: 0.9415  max mem: 0
Epoch: [284] Total time: 0:01:15 (1.9923 s / it)
  [  0/150]  eta: 0:00:45    time: 0.3036  data: 0.2164  max mem: 0
  [ 40/150]  eta: 0:00:36    time: 0.3093  data: 0.2201  max mem: 0
  [ 80/150]  eta: 0:00:22    time: 0.3120  data: 0.2235  max mem: 0
  [120/150]  eta: 0:00:09    time: 0.3042  data: 0.2171  max mem: 0
  [149/150]  eta: 0:00:00    time: 0.3050  data: 0.2179  max mem: 0
 Total time: 0:00:47 (0.3146 s / it)
tensor(2.6740, device='cuda:1')
Epoch: [285]  [ 0/38]  eta: 0:01:18  lr: 0.000010  loss: 0.1555 (0.1555)  time: 2.0680  data: 1.0063  max mem: 0
Epoch: [285]  [37/38]  eta: 0:00:01  lr: 0.000010  loss: 0.1111 (0.1461)  time: 1.8752  data: 0.8374  max mem: 0
Epoch: [285] Total time: 0:01:13 (1.9328 s / it)
  [  0/150]  eta: 0:00:45    time: 0.3006  data: 0.2136  max mem: 0
  [ 40/150]  eta: 0:00:33    time: 0.3011  data: 0.2141  max mem: 0
  [ 80/150]  eta: 0:00:21    time: 0.3050  data: 0.2177  max mem: 0
  [120/150]  eta: 0:00:09    time: 0.3188  data: 0.2313  max mem: 0
  [149/150]  eta: 0:00:00    time: 0.3359  data: 0.2467  max mem: 0
 Total time: 0:00:47 (0.3172 s / it)
tensor(2.6736, device='cuda:1')
Epoch: [286]  [ 0/38]  eta: 0:01:14  lr: 0.000010  loss: 0.1551 (0.1551)  time: 1.9701  data: 0.9084  max mem: 0
Epoch: [286]  [37/38]  eta: 0:00:01  lr: 0.000010  loss: 0.1109 (0.1457)  time: 1.9972  data: 0.9578  max mem: 0
Epoch: [286] Total time: 0:01:14 (1.9688 s / it)
  [  0/150]  eta: 0:00:45    time: 0.3012  data: 0.2141  max mem: 0
  [ 40/150]  eta: 0:00:33    time: 0.3091  data: 0.2176  max mem: 0
  [ 80/150]  eta: 0:00:21    time: 0.3032  data: 0.2161  max mem: 0
  [120/150]  eta: 0:00:09    time: 0.3108  data: 0.2224  max mem: 0
  [149/150]  eta: 0:00:00    time: 0.3001  data: 0.2131  max mem: 0
 Total time: 0:00:45 (0.3054 s / it)
tensor(2.6736, device='cuda:1')
Epoch: [287]  [ 0/38]  eta: 0:01:15  lr: 0.000010  loss: 0.1546 (0.1546)  time: 1.9951  data: 0.9352  max mem: 0
Epoch: [287]  [37/38]  eta: 0:00:01  lr: 0.000010  loss: 0.1106 (0.1453)  time: 1.9183  data: 0.8801  max mem: 0
Epoch: [287] Total time: 0:01:13 (1.9393 s / it)
  [  0/150]  eta: 0:00:50    time: 0.3395  data: 0.2519  max mem: 0
  [ 40/150]  eta: 0:00:33    time: 0.3011  data: 0.2140  max mem: 0
  [ 80/150]  eta: 0:00:21    time: 0.3391  data: 0.2511  max mem: 0
  [120/150]  eta: 0:00:09    time: 0.3223  data: 0.2331  max mem: 0
  [149/150]  eta: 0:00:00    time: 0.3330  data: 0.2423  max mem: 0
 Total time: 0:00:47 (0.3180 s / it)
tensor(2.6725, device='cuda:1')
Epoch: [288]  [ 0/38]  eta: 0:01:15  lr: 0.000010  loss: 0.1542 (0.1542)  time: 1.9804  data: 0.9191  max mem: 0
Epoch: [288]  [37/38]  eta: 0:00:01  lr: 0.000010  loss: 0.1103 (0.1449)  time: 1.9428  data: 0.9040  max mem: 0
Epoch: [288] Total time: 0:01:14 (1.9592 s / it)
  [  0/150]  eta: 0:00:52    time: 0.3513  data: 0.2638  max mem: 0
  [ 40/150]  eta: 0:00:36    time: 0.3239  data: 0.2345  max mem: 0
  [ 80/150]  eta: 0:00:23    time: 0.3404  data: 0.2501  max mem: 0
  [120/150]  eta: 0:00:09    time: 0.3036  data: 0.2157  max mem: 0
  [149/150]  eta: 0:00:00    time: 0.3016  data: 0.2145  max mem: 0
 Total time: 0:00:48 (0.3207 s / it)
tensor(2.6729, device='cuda:1')
Epoch: [289]  [ 0/38]  eta: 0:01:15  lr: 0.000010  loss: 0.1537 (0.1537)  time: 1.9835  data: 0.9232  max mem: 0
Epoch: [289]  [37/38]  eta: 0:00:01  lr: 0.000010  loss: 0.1100 (0.1445)  time: 1.8935  data: 0.8559  max mem: 0
Epoch: [289] Total time: 0:01:14 (1.9572 s / it)
  [  0/150]  eta: 0:00:45    time: 0.3047  data: 0.2175  max mem: 0
  [ 40/150]  eta: 0:00:34    time: 0.3057  data: 0.2177  max mem: 0
  [ 80/150]  eta: 0:00:21    time: 0.3109  data: 0.2232  max mem: 0
  [120/150]  eta: 0:00:09    time: 0.3010  data: 0.2141  max mem: 0
  [149/150]  eta: 0:00:00    time: 0.3054  data: 0.2167  max mem: 0
 Total time: 0:00:46 (0.3067 s / it)
tensor(2.6237, device='cuda:1')
Epoch: [290]  [ 0/38]  eta: 0:01:25  lr: 0.000010  loss: 0.1533 (0.1533)  time: 2.2470  data: 1.1840  max mem: 0
Epoch: [290]  [37/38]  eta: 0:00:01  lr: 0.000010  loss: 0.1097 (0.1441)  time: 1.9443  data: 0.9060  max mem: 0
Epoch: [290] Total time: 0:01:15 (1.9973 s / it)
  [  0/150]  eta: 0:00:45    time: 0.3025  data: 0.2155  max mem: 0
  [ 40/150]  eta: 0:00:33    time: 0.3046  data: 0.2176  max mem: 0
  [ 80/150]  eta: 0:00:21    time: 0.3125  data: 0.2232  max mem: 0
  [120/150]  eta: 0:00:09    time: 0.3255  data: 0.2359  max mem: 0
  [149/150]  eta: 0:00:00    time: 0.3028  data: 0.2157  max mem: 0
 Total time: 0:00:46 (0.3091 s / it)
tensor(2.6233, device='cuda:1')
Epoch: [291]  [ 0/38]  eta: 0:01:14  lr: 0.000010  loss: 0.1528 (0.1528)  time: 1.9672  data: 0.9082  max mem: 0
Epoch: [291]  [37/38]  eta: 0:00:02  lr: 0.000010  loss: 0.1094 (0.1436)  time: 2.0133  data: 0.9743  max mem: 0
Epoch: [291] Total time: 0:01:19 (2.0835 s / it)
  [  0/150]  eta: 0:00:46    time: 0.3067  data: 0.2194  max mem: 0
  [ 40/150]  eta: 0:00:35    time: 0.3204  data: 0.2319  max mem: 0
  [ 80/150]  eta: 0:00:22    time: 0.3157  data: 0.2283  max mem: 0
  [120/150]  eta: 0:00:09    time: 0.3070  data: 0.2200  max mem: 0
  [149/150]  eta: 0:00:00    time: 0.3054  data: 0.2184  max mem: 0
 Total time: 0:00:47 (0.3160 s / it)
tensor(2.6235, device='cuda:1')
Epoch: [292]  [ 0/38]  eta: 0:01:17  lr: 0.000010  loss: 0.1523 (0.1523)  time: 2.0380  data: 0.9782  max mem: 0
Epoch: [292]  [37/38]  eta: 0:00:01  lr: 0.000010  loss: 0.1091 (0.1432)  time: 1.9550  data: 0.9170  max mem: 0
Epoch: [292] Total time: 0:01:13 (1.9456 s / it)
  [  0/150]  eta: 0:00:46    time: 0.3072  data: 0.2200  max mem: 0
  [ 40/150]  eta: 0:00:33    time: 0.3049  data: 0.2179  max mem: 0
  [ 80/150]  eta: 0:00:21    time: 0.3093  data: 0.2203  max mem: 0
  [120/150]  eta: 0:00:09    time: 0.3346  data: 0.2407  max mem: 0
  [149/150]  eta: 0:00:00    time: 0.3059  data: 0.2188  max mem: 0
 Total time: 0:00:46 (0.3117 s / it)
tensor(2.5931, device='cuda:1')
Epoch: [293]  [ 0/38]  eta: 0:01:13  lr: 0.000010  loss: 0.1519 (0.1519)  time: 1.9215  data: 0.8610  max mem: 0
Epoch: [293]  [37/38]  eta: 0:00:01  lr: 0.000010  loss: 0.1088 (0.1428)  time: 1.9721  data: 0.9326  max mem: 0
Epoch: [293] Total time: 0:01:15 (1.9760 s / it)
  [  0/150]  eta: 0:00:46    time: 0.3078  data: 0.2205  max mem: 0
  [ 40/150]  eta: 0:00:36    time: 0.3515  data: 0.2607  max mem: 0
  [ 80/150]  eta: 0:00:22    time: 0.3270  data: 0.2352  max mem: 0
  [120/150]  eta: 0:00:09    time: 0.3131  data: 0.2257  max mem: 0
  [149/150]  eta: 0:00:00    time: 0.3046  data: 0.2175  max mem: 0
 Total time: 0:00:47 (0.3192 s / it)
tensor(2.5806, device='cuda:1')
Epoch: [294]  [ 0/38]  eta: 0:01:15  lr: 0.000010  loss: 0.1514 (0.1514)  time: 1.9810  data: 0.9194  max mem: 0
Epoch: [294]  [37/38]  eta: 0:00:01  lr: 0.000010  loss: 0.1084 (0.1424)  time: 1.9420  data: 0.9039  max mem: 0
Epoch: [294] Total time: 0:01:15 (1.9767 s / it)
  [  0/150]  eta: 0:00:45    time: 0.3042  data: 0.2169  max mem: 0
  [ 40/150]  eta: 0:00:35    time: 0.3009  data: 0.2140  max mem: 0
  [ 80/150]  eta: 0:00:21    time: 0.3010  data: 0.2140  max mem: 0
  [120/150]  eta: 0:00:09    time: 0.3025  data: 0.2154  max mem: 0
  [149/150]  eta: 0:00:00    time: 0.3341  data: 0.2451  max mem: 0
 Total time: 0:00:46 (0.3119 s / it)
tensor(2.5810, device='cuda:1')
Epoch: [295]  [ 0/38]  eta: 0:01:15  lr: 0.000010  loss: 0.1509 (0.1509)  time: 1.9831  data: 0.9242  max mem: 0
Epoch: [295]  [37/38]  eta: 0:00:02  lr: 0.000010  loss: 0.1081 (0.1420)  time: 2.0279  data: 0.9890  max mem: 0
Epoch: [295] Total time: 0:01:17 (2.0370 s / it)
  [  0/150]  eta: 0:00:46    time: 0.3088  data: 0.2215  max mem: 0
  [ 40/150]  eta: 0:00:35    time: 0.3127  data: 0.2248  max mem: 0
  [ 80/150]  eta: 0:00:22    time: 0.3111  data: 0.2240  max mem: 0
  [120/150]  eta: 0:00:09    time: 0.3150  data: 0.2263  max mem: 0
  [149/150]  eta: 0:00:00    time: 0.3129  data: 0.2252  max mem: 0
 Total time: 0:00:47 (0.3163 s / it)
tensor(2.5814, device='cuda:1')
Epoch: [296]  [ 0/38]  eta: 0:01:15  lr: 0.000010  loss: 0.1504 (0.1504)  time: 1.9802  data: 0.9178  max mem: 0
Epoch: [296]  [37/38]  eta: 0:00:02  lr: 0.000010  loss: 0.1078 (0.1416)  time: 1.9855  data: 0.9466  max mem: 0
Epoch: [296] Total time: 0:01:16 (2.0125 s / it)
  [  0/150]  eta: 0:00:46    time: 0.3121  data: 0.2247  max mem: 0
  [ 40/150]  eta: 0:00:34    time: 0.3101  data: 0.2230  max mem: 0
  [ 80/150]  eta: 0:00:21    time: 0.3125  data: 0.2251  max mem: 0
  [120/150]  eta: 0:00:09    time: 0.3232  data: 0.2356  max mem: 0
  [149/150]  eta: 0:00:00    time: 0.3111  data: 0.2240  max mem: 0
 Total time: 0:00:46 (0.3129 s / it)
tensor(2.6152, device='cuda:1')
Epoch: [297]  [ 0/38]  eta: 0:01:19  lr: 0.000010  loss: 0.1500 (0.1500)  time: 2.0886  data: 1.0257  max mem: 0
Epoch: [297]  [37/38]  eta: 0:00:01  lr: 0.000010  loss: 0.1075 (0.1412)  time: 1.9013  data: 0.8638  max mem: 0
Epoch: [297] Total time: 0:01:13 (1.9290 s / it)
  [  0/150]  eta: 0:00:46    time: 0.3124  data: 0.2253  max mem: 0
  [ 40/150]  eta: 0:00:35    time: 0.3084  data: 0.2214  max mem: 0
  [ 80/150]  eta: 0:00:22    time: 0.3085  data: 0.2214  max mem: 0
  [120/150]  eta: 0:00:09    time: 0.3155  data: 0.2264  max mem: 0
  [149/150]  eta: 0:00:00    time: 0.3106  data: 0.2236  max mem: 0
 Total time: 0:00:47 (0.3146 s / it)
tensor(2.6154, device='cuda:1')
Epoch: [298]  [ 0/38]  eta: 0:01:15  lr: 0.000010  loss: 0.1495 (0.1495)  time: 1.9970  data: 0.9334  max mem: 0
Epoch: [298]  [37/38]  eta: 0:00:01  lr: 0.000010  loss: 0.1072 (0.1407)  time: 1.9265  data: 0.8886  max mem: 0
Epoch: [298] Total time: 0:01:14 (1.9517 s / it)
  [  0/150]  eta: 0:00:46    time: 0.3095  data: 0.2225  max mem: 0
  [ 40/150]  eta: 0:00:34    time: 0.3097  data: 0.2226  max mem: 0
  [ 80/150]  eta: 0:00:21    time: 0.3141  data: 0.2264  max mem: 0
  [120/150]  eta: 0:00:09    time: 0.3194  data: 0.2315  max mem: 0
  [149/150]  eta: 0:00:00    time: 0.3118  data: 0.2247  max mem: 0
 Total time: 0:00:47 (0.3147 s / it)
tensor(2.6146, device='cuda:1')
Epoch: [299]  [ 0/38]  eta: 0:01:14  lr: 0.000010  loss: 0.1490 (0.1490)  time: 1.9481  data: 0.8857  max mem: 0
Epoch: [299]  [37/38]  eta: 0:00:01  lr: 0.000010  loss: 0.1069 (0.1403)  time: 2.0030  data: 0.9648  max mem: 0
Epoch: [299] Total time: 0:01:15 (1.9824 s / it)
  [  0/150]  eta: 0:00:46    time: 0.3115  data: 0.2243  max mem: 0
  [ 40/150]  eta: 0:00:33    time: 0.3087  data: 0.2217  max mem: 0
  [ 80/150]  eta: 0:00:21    time: 0.3106  data: 0.2235  max mem: 0
  [120/150]  eta: 0:00:09    time: 0.3102  data: 0.2230  max mem: 0
  [149/150]  eta: 0:00:00    time: 0.3104  data: 0.2233  max mem: 0
 Total time: 0:00:46 (0.3110 s / it)
tensor(2.6149, device='cuda:1')
