[Warning] Fused window process have not been installed. Please refer to get_started.md for installation.
Namespace(device='cuda:1', data_path='/home/jxzhu/MBSI/data', fixed_size=[672, 672], num_joints=29, output_dir='/home/jxzhu/NewNet/weight1', resume='', start_epoch=0, epochs=300, lr_steps=[170, 200], lr_gamma=0.1, lr=0.001, weight_decay=0.0001, batch_size=8, amp=False)
Using cuda device training.
Epoch: [0]  [ 0/19]  eta: 0:01:23  lr: 0.000056  loss: 1594.7135 (1594.7135)  time: 4.3735  data: 1.0880  max mem: 0
Epoch: [0]  [18/19]  eta: 0:00:03  lr: 0.001000  loss: 1372.4218 (1457.5298)  time: 3.2594  data: 0.9531  max mem: 0
Epoch: [0] Total time: 0:01:01 (3.2595 s / it)
  [  0/150]  eta: 0:01:28    time: 0.5901  data: 0.1282  max mem: 0
  [ 50/150]  eta: 0:00:40    time: 0.3923  data: 0.1035  max mem: 0
  [100/150]  eta: 0:00:20    time: 0.3996  data: 0.1109  max mem: 0
  [149/150]  eta: 0:00:00    time: 0.4010  data: 0.1122  max mem: 0
 Total time: 0:01:00 (0.4016 s / it)
SDR= 178.80630208333332
Epoch: [1]  [ 0/19]  eta: 0:00:59  lr: 0.001000  loss: 1363.8745 (1363.8745)  time: 3.1093  data: 0.8394  max mem: 0
Epoch: [1]  [18/19]  eta: 0:00:03  lr: 0.001000  loss: 977.8618 (1197.4627)  time: 3.1599  data: 0.9193  max mem: 0
Epoch: [1] Total time: 0:01:00 (3.1601 s / it)
  [  0/150]  eta: 0:01:02    time: 0.4136  data: 0.1249  max mem: 0
  [ 50/150]  eta: 0:00:40    time: 0.4189  data: 0.1302  max mem: 0
  [100/150]  eta: 0:00:19    time: 0.3981  data: 0.1093  max mem: 0
  [149/150]  eta: 0:00:00    time: 0.3985  data: 0.1096  max mem: 0
 Total time: 0:00:59 (0.3973 s / it)
SDR= 83.33054036458333
Epoch: [2]  [ 0/19]  eta: 0:01:01  lr: 0.001000  loss: 973.5887 (973.5887)  time: 3.2242  data: 0.9562  max mem: 0
Epoch: [2]  [18/19]  eta: 0:00:03  lr: 0.001000  loss: 677.8650 (797.5574)  time: 3.1401  data: 0.9012  max mem: 0
Epoch: [2] Total time: 0:00:59 (3.1402 s / it)
  [  0/150]  eta: 0:00:59    time: 0.3993  data: 0.1107  max mem: 0
  [ 50/150]  eta: 0:00:40    time: 0.3971  data: 0.1084  max mem: 0
  [100/150]  eta: 0:00:20    time: 0.4019  data: 0.1131  max mem: 0
  [149/150]  eta: 0:00:00    time: 0.4000  data: 0.1112  max mem: 0
 Total time: 0:01:00 (0.4016 s / it)
SDR= 9.75509521484375
Epoch: [3]  [ 0/19]  eta: 0:01:02  lr: 0.001000  loss: 602.7888 (602.7888)  time: 3.2965  data: 1.0285  max mem: 0
Epoch: [3]  [18/19]  eta: 0:00:03  lr: 0.001000  loss: 385.4868 (473.0934)  time: 3.2238  data: 0.9836  max mem: 0
Epoch: [3] Total time: 0:01:01 (3.2239 s / it)
  [  0/150]  eta: 0:01:02    time: 0.4168  data: 0.1276  max mem: 0
  [ 50/150]  eta: 0:00:39    time: 0.3970  data: 0.1083  max mem: 0
  [100/150]  eta: 0:00:19    time: 0.4076  data: 0.1188  max mem: 0
  [149/150]  eta: 0:00:00    time: 0.4018  data: 0.1129  max mem: 0
 Total time: 0:00:59 (0.3989 s / it)
SDR= 4.473931070963542
Epoch: [4]  [ 0/19]  eta: 0:01:02  lr: 0.001000  loss: 346.3002 (346.3002)  time: 3.2881  data: 1.0200  max mem: 0
Epoch: [4]  [18/19]  eta: 0:00:03  lr: 0.001000  loss: 221.6213 (287.0492)  time: 3.1403  data: 0.9015  max mem: 0
Epoch: [4] Total time: 0:00:59 (3.1404 s / it)
  [  0/150]  eta: 0:01:00    time: 0.4009  data: 0.1121  max mem: 0
  [ 50/150]  eta: 0:00:39    time: 0.3980  data: 0.1093  max mem: 0
  [100/150]  eta: 0:00:19    time: 0.3990  data: 0.1104  max mem: 0
  [149/150]  eta: 0:00:00    time: 0.3991  data: 0.1104  max mem: 0
 Total time: 0:00:59 (0.3992 s / it)
SDR= 3.4894791666666665
Epoch: [5]  [ 0/19]  eta: 0:01:04  lr: 0.001000  loss: 202.6431 (202.6431)  time: 3.3898  data: 1.1228  max mem: 0
Epoch: [5]  [18/19]  eta: 0:00:03  lr: 0.001000  loss: 178.3419 (193.5162)  time: 3.1960  data: 0.9566  max mem: 0
Epoch: [5] Total time: 0:01:00 (3.1961 s / it)
  [  0/150]  eta: 0:01:02    time: 0.4160  data: 0.1269  max mem: 0
  [ 50/150]  eta: 0:00:41    time: 0.4209  data: 0.1318  max mem: 0
  [100/150]  eta: 0:00:20    time: 0.3881  data: 0.0996  max mem: 0
  [149/150]  eta: 0:00:00    time: 0.4052  data: 0.1165  max mem: 0
 Total time: 0:01:00 (0.4051 s / it)
SDR= 2.001397705078125
Epoch: [6]  [ 0/19]  eta: 0:01:01  lr: 0.001000  loss: 157.8474 (157.8474)  time: 3.2380  data: 0.9689  max mem: 0
Epoch: [6]  [18/19]  eta: 0:00:03  lr: 0.001000  loss: 111.0611 (143.0392)  time: 3.1536  data: 0.9140  max mem: 0
Epoch: [6] Total time: 0:00:59 (3.1537 s / it)
  [  0/150]  eta: 0:01:00    time: 0.4066  data: 0.1176  max mem: 0
  [ 50/150]  eta: 0:00:41    time: 0.4081  data: 0.1193  max mem: 0
  [100/150]  eta: 0:00:20    time: 0.3992  data: 0.1105  max mem: 0
  [149/150]  eta: 0:00:00    time: 0.3898  data: 0.1012  max mem: 0
 Total time: 0:01:00 (0.4018 s / it)
SDR= 1.6610863240559897
Epoch: [7]  [ 0/19]  eta: 0:01:00  lr: 0.001000  loss: 104.1395 (104.1395)  time: 3.1580  data: 0.8901  max mem: 0
Epoch: [7]  [18/19]  eta: 0:00:03  lr: 0.001000  loss: 141.3328 (107.8535)  time: 3.2100  data: 0.9704  max mem: 0
Epoch: [7] Total time: 0:01:00 (3.2101 s / it)
  [  0/150]  eta: 0:01:02    time: 0.4158  data: 0.1273  max mem: 0
  [ 50/150]  eta: 0:00:40    time: 0.3998  data: 0.1113  max mem: 0
  [100/150]  eta: 0:00:20    time: 0.3991  data: 0.1105  max mem: 0
  [149/150]  eta: 0:00:00    time: 0.4067  data: 0.1179  max mem: 0
 Total time: 0:01:00 (0.4020 s / it)
SDR= 1.5933629353841146
Epoch: [8]  [ 0/19]  eta: 0:01:01  lr: 0.001000  loss: 82.4517 (82.4517)  time: 3.2325  data: 0.9638  max mem: 0
Epoch: [8]  [18/19]  eta: 0:00:03  lr: 0.001000  loss: 90.6585 (89.3327)  time: 3.1803  data: 0.9410  max mem: 0
Epoch: [8] Total time: 0:01:00 (3.1804 s / it)
  [  0/150]  eta: 0:01:00    time: 0.4000  data: 0.1114  max mem: 0
  [ 50/150]  eta: 0:00:39    time: 0.4063  data: 0.1175  max mem: 0
  [100/150]  eta: 0:00:19    time: 0.3862  data: 0.0977  max mem: 0
  [149/150]  eta: 0:00:00    time: 0.4016  data: 0.1129  max mem: 0
 Total time: 0:00:59 (0.3951 s / it)
SDR= 1.6951363118489584
Epoch: [9]  [ 0/19]  eta: 0:01:01  lr: 0.001000  loss: 67.3369 (67.3369)  time: 3.2588  data: 0.9917  max mem: 0
Epoch: [9]  [18/19]  eta: 0:00:03  lr: 0.001000  loss: 69.2632 (71.3428)  time: 3.1306  data: 0.8918  max mem: 0
Epoch: [9] Total time: 0:00:59 (3.1307 s / it)
  [  0/150]  eta: 0:01:00    time: 0.4024  data: 0.1138  max mem: 0
  [ 50/150]  eta: 0:00:39    time: 0.3922  data: 0.1036  max mem: 0
  [100/150]  eta: 0:00:20    time: 0.4141  data: 0.1254  max mem: 0
  [149/150]  eta: 0:00:00    time: 0.3998  data: 0.1111  max mem: 0
 Total time: 0:01:00 (0.4024 s / it)
SDR= 1.5004822794596355
Epoch: [10]  [ 0/19]  eta: 0:00:59  lr: 0.001000  loss: 61.9525 (61.9525)  time: 3.1127  data: 0.8436  max mem: 0
Epoch: [10]  [18/19]  eta: 0:00:03  lr: 0.001000  loss: 55.0344 (54.7716)  time: 3.1512  data: 0.9117  max mem: 0
Epoch: [10] Total time: 0:00:59 (3.1513 s / it)
  [  0/150]  eta: 0:01:02    time: 0.4167  data: 0.1276  max mem: 0
  [ 50/150]  eta: 0:00:39    time: 0.4014  data: 0.1128  max mem: 0
  [100/150]  eta: 0:00:19    time: 0.4005  data: 0.1118  max mem: 0
  [149/150]  eta: 0:00:00    time: 0.3946  data: 0.1059  max mem: 0
 Total time: 0:00:59 (0.3951 s / it)
SDR= 1.6061742146809896
Epoch: [11]  [ 0/19]  eta: 0:01:02  lr: 0.001000  loss: 42.8510 (42.8510)  time: 3.3067  data: 1.0385  max mem: 0
Epoch: [11]  [18/19]  eta: 0:00:03  lr: 0.001000  loss: 44.2881 (43.7854)  time: 3.1972  data: 0.9580  max mem: 0
Epoch: [11] Total time: 0:01:00 (3.1973 s / it)
  [  0/150]  eta: 0:01:00    time: 0.4006  data: 0.1118  max mem: 0
  [ 50/150]  eta: 0:00:39    time: 0.3924  data: 0.1036  max mem: 0
  [100/150]  eta: 0:00:19    time: 0.3974  data: 0.1088  max mem: 0
  [149/150]  eta: 0:00:00    time: 0.3920  data: 0.1034  max mem: 0
 Total time: 0:00:59 (0.3943 s / it)
SDR= 1.6564907836914062
Epoch: [12]  [ 0/19]  eta: 0:01:01  lr: 0.001000  loss: 36.6913 (36.6913)  time: 3.2495  data: 0.9823  max mem: 0
Epoch: [12]  [18/19]  eta: 0:00:03  lr: 0.001000  loss: 32.2356 (35.0243)  time: 3.1583  data: 0.9192  max mem: 0
Epoch: [12] Total time: 0:01:00 (3.1584 s / it)
  [  0/150]  eta: 0:01:00    time: 0.4022  data: 0.1134  max mem: 0
  [ 50/150]  eta: 0:00:39    time: 0.3998  data: 0.1111  max mem: 0
  [100/150]  eta: 0:00:20    time: 0.4371  data: 0.1482  max mem: 0
  [149/150]  eta: 0:00:00    time: 0.4001  data: 0.1115  max mem: 0
 Total time: 0:01:00 (0.4009 s / it)
SDR= 1.463600870768229
Epoch: [13]  [ 0/19]  eta: 0:00:59  lr: 0.001000  loss: 26.3391 (26.3391)  time: 3.1267  data: 0.8578  max mem: 0
Epoch: [13]  [18/19]  eta: 0:00:03  lr: 0.001000  loss: 28.1189 (28.9833)  time: 3.1588  data: 0.9195  max mem: 0
Epoch: [13] Total time: 0:01:00 (3.1589 s / it)
  [  0/150]  eta: 0:00:59    time: 0.3984  data: 0.1098  max mem: 0
  [ 50/150]  eta: 0:00:39    time: 0.3974  data: 0.1088  max mem: 0
  [100/150]  eta: 0:00:19    time: 0.4063  data: 0.1177  max mem: 0
  [149/150]  eta: 0:00:00    time: 0.3874  data: 0.0988  max mem: 0
 Total time: 0:00:59 (0.3940 s / it)
SDR= 1.4540423583984374
Epoch: [14]  [ 0/19]  eta: 0:01:02  lr: 0.001000  loss: 24.2011 (24.2011)  time: 3.2931  data: 1.0249  max mem: 0
Epoch: [14]  [18/19]  eta: 0:00:03  lr: 0.001000  loss: 25.0119 (25.0891)  time: 3.0988  data: 0.8598  max mem: 0
Epoch: [14] Total time: 0:00:58 (3.0989 s / it)
  [  0/150]  eta: 0:00:59    time: 0.3999  data: 0.1113  max mem: 0
  [ 50/150]  eta: 0:00:39    time: 0.4014  data: 0.1128  max mem: 0
  [100/150]  eta: 0:00:19    time: 0.3898  data: 0.1013  max mem: 0
  [149/150]  eta: 0:00:00    time: 0.3886  data: 0.1001  max mem: 0
 Total time: 0:00:59 (0.3964 s / it)
SDR= 1.4754794311523438
Epoch: [15]  [ 0/19]  eta: 0:00:59  lr: 0.001000  loss: 21.7105 (21.7105)  time: 3.1167  data: 0.8471  max mem: 0
Epoch: [15]  [18/19]  eta: 0:00:03  lr: 0.001000  loss: 21.7105 (21.9141)  time: 3.1305  data: 0.8900  max mem: 0
Epoch: [15] Total time: 0:00:59 (3.1306 s / it)
  [  0/150]  eta: 0:01:02    time: 0.4193  data: 0.1308  max mem: 0
  [ 50/150]  eta: 0:00:39    time: 0.3955  data: 0.1070  max mem: 0
  [100/150]  eta: 0:00:19    time: 0.4005  data: 0.1117  max mem: 0
  [149/150]  eta: 0:00:00    time: 0.3862  data: 0.0976  max mem: 0
 Total time: 0:00:59 (0.3986 s / it)
SDR= 1.46564697265625
Epoch: [16]  [ 0/19]  eta: 0:00:59  lr: 0.001000  loss: 17.8778 (17.8778)  time: 3.1239  data: 0.8560  max mem: 0
Epoch: [16]  [18/19]  eta: 0:00:03  lr: 0.001000  loss: 17.0204 (18.4696)  time: 3.1171  data: 0.8774  max mem: 0
Epoch: [16] Total time: 0:00:59 (3.1172 s / it)
  [  0/150]  eta: 0:01:01    time: 0.4075  data: 0.1188  max mem: 0
  [ 50/150]  eta: 0:00:39    time: 0.3900  data: 0.1015  max mem: 0
  [100/150]  eta: 0:00:19    time: 0.4029  data: 0.1142  max mem: 0
  [149/150]  eta: 0:00:00    time: 0.3933  data: 0.1047  max mem: 0
 Total time: 0:00:59 (0.3962 s / it)
SDR= 1.4039164225260417
Epoch: [17]  [ 0/19]  eta: 0:00:59  lr: 0.001000  loss: 19.1733 (19.1733)  time: 3.1226  data: 0.8552  max mem: 0
Epoch: [17]  [18/19]  eta: 0:00:03  lr: 0.001000  loss: 16.7429 (17.3474)  time: 3.1412  data: 0.9017  max mem: 0
Epoch: [17] Total time: 0:00:59 (3.1413 s / it)
  [  0/150]  eta: 0:01:00    time: 0.4004  data: 0.1117  max mem: 0
  [ 50/150]  eta: 0:00:39    time: 0.3910  data: 0.1024  max mem: 0
  [100/150]  eta: 0:00:19    time: 0.4033  data: 0.1146  max mem: 0
  [149/150]  eta: 0:00:00    time: 0.4055  data: 0.1168  max mem: 0
 Total time: 0:01:00 (0.4008 s / it)
SDR= 1.4643606567382812
Epoch: [18]  [ 0/19]  eta: 0:01:00  lr: 0.001000  loss: 14.7662 (14.7662)  time: 3.1596  data: 0.8918  max mem: 0
Epoch: [18]  [18/19]  eta: 0:00:03  lr: 0.001000  loss: 14.3503 (15.2398)  time: 3.1507  data: 0.9109  max mem: 0
Epoch: [18] Total time: 0:00:59 (3.1508 s / it)
  [  0/150]  eta: 0:01:02    time: 0.4151  data: 0.1266  max mem: 0
  [ 50/150]  eta: 0:00:39    time: 0.3967  data: 0.1081  max mem: 0
  [100/150]  eta: 0:00:19    time: 0.4034  data: 0.1147  max mem: 0
  [149/150]  eta: 0:00:00    time: 0.3869  data: 0.0983  max mem: 0
 Total time: 0:00:59 (0.3956 s / it)
SDR= 1.386807657877604
Epoch: [19]  [ 0/19]  eta: 0:00:58  lr: 0.001000  loss: 14.1147 (14.1147)  time: 3.0971  data: 0.8299  max mem: 0
Epoch: [19]  [18/19]  eta: 0:00:03  lr: 0.001000  loss: 14.7829 (13.9617)  time: 3.1094  data: 0.8707  max mem: 0
Epoch: [19] Total time: 0:00:59 (3.1095 s / it)
  [  0/150]  eta: 0:01:00    time: 0.4054  data: 0.1168  max mem: 0
  [ 50/150]  eta: 0:00:39    time: 0.3954  data: 0.1068  max mem: 0
  [100/150]  eta: 0:00:19    time: 0.3988  data: 0.1102  max mem: 0
  [149/150]  eta: 0:00:00    time: 0.3919  data: 0.1033  max mem: 0
 Total time: 0:00:59 (0.3984 s / it)
SDR= 1.4220902506510418
Epoch: [20]  [ 0/19]  eta: 0:00:59  lr: 0.001000  loss: 12.8729 (12.8729)  time: 3.1110  data: 0.8438  max mem: 0
Epoch: [20]  [18/19]  eta: 0:00:03  lr: 0.001000  loss: 13.4835 (13.3281)  time: 3.1778  data: 0.9392  max mem: 0
Epoch: [20] Total time: 0:01:00 (3.1779 s / it)
  [  0/150]  eta: 0:01:01    time: 0.4092  data: 0.1206  max mem: 0
  [ 50/150]  eta: 0:00:39    time: 0.3900  data: 0.1014  max mem: 0
  [100/150]  eta: 0:00:19    time: 0.4051  data: 0.1162  max mem: 0
  [149/150]  eta: 0:00:00    time: 0.4028  data: 0.1141  max mem: 0
 Total time: 0:00:59 (0.3981 s / it)
SDR= 1.4062106323242187
Epoch: [21]  [ 0/19]  eta: 0:00:59  lr: 0.001000  loss: 11.4436 (11.4436)  time: 3.1117  data: 0.8436  max mem: 0
Epoch: [21]  [18/19]  eta: 0:00:03  lr: 0.001000  loss: 13.1477 (12.0293)  time: 3.1411  data: 0.9022  max mem: 0
Epoch: [21] Total time: 0:00:59 (3.1413 s / it)
  [  0/150]  eta: 0:01:01    time: 0.4073  data: 0.1186  max mem: 0
  [ 50/150]  eta: 0:00:40    time: 0.4039  data: 0.1152  max mem: 0
  [100/150]  eta: 0:00:20    time: 0.4014  data: 0.1127  max mem: 0
  [149/150]  eta: 0:00:00    time: 0.4064  data: 0.1176  max mem: 0
 Total time: 0:01:00 (0.4026 s / it)
SDR= 1.461043192545573
Epoch: [22]  [ 0/19]  eta: 0:00:59  lr: 0.001000  loss: 10.4640 (10.4640)  time: 3.1500  data: 0.8824  max mem: 0
Epoch: [22]  [18/19]  eta: 0:00:03  lr: 0.001000  loss: 10.2552 (11.5592)  time: 3.1410  data: 0.9024  max mem: 0
Epoch: [22] Total time: 0:00:59 (3.1412 s / it)
  [  0/150]  eta: 0:01:00    time: 0.4005  data: 0.1118  max mem: 0
  [ 50/150]  eta: 0:00:39    time: 0.3948  data: 0.1062  max mem: 0
  [100/150]  eta: 0:00:19    time: 0.3881  data: 0.0995  max mem: 0
  [149/150]  eta: 0:00:00    time: 0.3891  data: 0.1005  max mem: 0
 Total time: 0:00:58 (0.3919 s / it)
SDR= 1.437362772623698
Epoch: [23]  [ 0/19]  eta: 0:00:59  lr: 0.001000  loss: 9.0212 (9.0212)  time: 3.1121  data: 0.8447  max mem: 0
Epoch: [23]  [18/19]  eta: 0:00:03  lr: 0.001000  loss: 9.5329 (10.2979)  time: 3.1593  data: 0.9202  max mem: 0
Epoch: [23] Total time: 0:01:00 (3.1594 s / it)
  [  0/150]  eta: 0:00:59    time: 0.3993  data: 0.1103  max mem: 0
  [ 50/150]  eta: 0:00:39    time: 0.3943  data: 0.1057  max mem: 0
  [100/150]  eta: 0:00:19    time: 0.3966  data: 0.1080  max mem: 0
  [149/150]  eta: 0:00:00    time: 0.3890  data: 0.1005  max mem: 0
 Total time: 0:00:59 (0.3952 s / it)
SDR= 1.412660420735677
Epoch: [24]  [ 0/19]  eta: 0:00:59  lr: 0.001000  loss: 10.1683 (10.1683)  time: 3.1218  data: 0.8544  max mem: 0
Epoch: [24]  [18/19]  eta: 0:00:03  lr: 0.001000  loss: 9.6018 (9.7988)  time: 3.1384  data: 0.8992  max mem: 0
Epoch: [24] Total time: 0:00:59 (3.1385 s / it)
  [  0/150]  eta: 0:00:59    time: 0.3980  data: 0.1093  max mem: 0
  [ 50/150]  eta: 0:00:39    time: 0.3922  data: 0.1036  max mem: 0
  [100/150]  eta: 0:00:19    time: 0.3959  data: 0.1074  max mem: 0
  [149/150]  eta: 0:00:00    time: 0.3985  data: 0.1099  max mem: 0
 Total time: 0:00:59 (0.3971 s / it)
SDR= 1.4042774454752605
Epoch: [25]  [ 0/19]  eta: 0:00:59  lr: 0.001000  loss: 8.7385 (8.7385)  time: 3.1131  data: 0.8455  max mem: 0
Epoch: [25]  [18/19]  eta: 0:00:03  lr: 0.001000  loss: 8.8805 (9.3686)  time: 3.1323  data: 0.8936  max mem: 0
Epoch: [25] Total time: 0:00:59 (3.1325 s / it)
  [  0/150]  eta: 0:01:01    time: 0.4132  data: 0.1245  max mem: 0
  [ 50/150]  eta: 0:00:40    time: 0.4002  data: 0.1115  max mem: 0
  [100/150]  eta: 0:00:19    time: 0.3880  data: 0.0994  max mem: 0
  [149/150]  eta: 0:00:00    time: 0.3944  data: 0.1056  max mem: 0
 Total time: 0:01:00 (0.4006 s / it)
SDR= 1.3928656005859374
Epoch: [26]  [ 0/19]  eta: 0:00:59  lr: 0.001000  loss: 9.2363 (9.2363)  time: 3.1166  data: 0.8491  max mem: 0
Epoch: [26]  [18/19]  eta: 0:00:03  lr: 0.001000  loss: 8.2215 (9.0835)  time: 3.1234  data: 0.8845  max mem: 0
Epoch: [26] Total time: 0:00:59 (3.1235 s / it)
  [  0/150]  eta: 0:00:59    time: 0.3992  data: 0.1104  max mem: 0
  [ 50/150]  eta: 0:00:39    time: 0.4014  data: 0.1128  max mem: 0
  [100/150]  eta: 0:00:19    time: 0.3996  data: 0.1109  max mem: 0
  [149/150]  eta: 0:00:00    time: 0.3968  data: 0.1081  max mem: 0
 Total time: 0:00:59 (0.3958 s / it)
SDR= 1.3721756998697916
Epoch: [27]  [ 0/19]  eta: 0:01:04  lr: 0.001000  loss: 8.4046 (8.4046)  time: 3.3980  data: 1.1300  max mem: 0
Epoch: [27]  [18/19]  eta: 0:00:03  lr: 0.001000  loss: 8.1029 (9.3919)  time: 3.2099  data: 0.9709  max mem: 0
Epoch: [27] Total time: 0:01:00 (3.2100 s / it)
  [  0/150]  eta: 0:01:01    time: 0.4115  data: 0.1226  max mem: 0
  [ 50/150]  eta: 0:00:41    time: 0.4078  data: 0.1192  max mem: 0
  [100/150]  eta: 0:00:20    time: 0.3874  data: 0.0989  max mem: 0
  [149/150]  eta: 0:00:00    time: 0.4033  data: 0.1147  max mem: 0
 Total time: 0:01:00 (0.4031 s / it)
SDR= 1.403031717936198
Epoch: [28]  [ 0/19]  eta: 0:00:59  lr: 0.001000  loss: 9.0061 (9.0061)  time: 3.1116  data: 0.8439  max mem: 0
Epoch: [28]  [18/19]  eta: 0:00:03  lr: 0.001000  loss: 8.8096 (8.7394)  time: 3.1537  data: 0.9147  max mem: 0
Epoch: [28] Total time: 0:00:59 (3.1538 s / it)
  [  0/150]  eta: 0:01:02    time: 0.4156  data: 0.1271  max mem: 0
  [ 50/150]  eta: 0:00:39    time: 0.4007  data: 0.1119  max mem: 0
  [100/150]  eta: 0:00:19    time: 0.4038  data: 0.1151  max mem: 0
  [149/150]  eta: 0:00:00    time: 0.3986  data: 0.1099  max mem: 0
 Total time: 0:00:59 (0.3984 s / it)
SDR= 1.367765604654948
Epoch: [29]  [ 0/19]  eta: 0:01:01  lr: 0.001000  loss: 6.7820 (6.7820)  time: 3.2335  data: 0.9655  max mem: 0
Epoch: [29]  [18/19]  eta: 0:00:03  lr: 0.001000  loss: 8.3638 (7.8009)  time: 3.1800  data: 0.9410  max mem: 0
Epoch: [29] Total time: 0:01:00 (3.1801 s / it)
  [  0/150]  eta: 0:00:59    time: 0.3991  data: 0.1101  max mem: 0
  [ 50/150]  eta: 0:00:39    time: 0.4006  data: 0.1116  max mem: 0
  [100/150]  eta: 0:00:19    time: 0.3915  data: 0.1028  max mem: 0
  [149/150]  eta: 0:00:00    time: 0.3982  data: 0.1095  max mem: 0
 Total time: 0:00:59 (0.3947 s / it)
SDR= 1.3814661661783854
Epoch: [30]  [ 0/19]  eta: 0:01:01  lr: 0.001000  loss: 6.9818 (6.9818)  time: 3.2304  data: 0.9629  max mem: 0
Epoch: [30]  [18/19]  eta: 0:00:03  lr: 0.001000  loss: 8.3580 (7.9330)  time: 3.1516  data: 0.9127  max mem: 0
Epoch: [30] Total time: 0:00:59 (3.1517 s / it)
  [  0/150]  eta: 0:01:03    time: 0.4211  data: 0.1325  max mem: 0
  [ 50/150]  eta: 0:00:40    time: 0.3969  data: 0.1083  max mem: 0
  [100/150]  eta: 0:00:20    time: 0.4025  data: 0.1139  max mem: 0
  [149/150]  eta: 0:00:00    time: 0.4086  data: 0.1199  max mem: 0
 Total time: 0:01:00 (0.4052 s / it)
SDR= 1.3600051879882813
Epoch: [31]  [ 0/19]  eta: 0:01:03  lr: 0.001000  loss: 8.2698 (8.2698)  time: 3.3504  data: 1.0827  max mem: 0
Epoch: [31]  [18/19]  eta: 0:00:03  lr: 0.001000  loss: 7.8820 (7.6410)  time: 3.1964  data: 0.9576  max mem: 0
Epoch: [31] Total time: 0:01:00 (3.1965 s / it)
  [  0/150]  eta: 0:00:59    time: 0.3984  data: 0.1099  max mem: 0
  [ 50/150]  eta: 0:00:40    time: 0.4085  data: 0.1198  max mem: 0
  [100/150]  eta: 0:00:20    time: 0.3990  data: 0.1104  max mem: 0
  [149/150]  eta: 0:00:00    time: 0.4213  data: 0.1326  max mem: 0
 Total time: 0:01:00 (0.4063 s / it)
SDR= 1.3993992106119792
Epoch: [32]  [ 0/19]  eta: 0:01:05  lr: 0.001000  loss: 6.5852 (6.5852)  time: 3.4535  data: 1.1858  max mem: 0
Epoch: [32]  [18/19]  eta: 0:00:03  lr: 0.001000  loss: 6.5401 (7.2292)  time: 3.1462  data: 0.9076  max mem: 0
Epoch: [32] Total time: 0:00:59 (3.1463 s / it)
  [  0/150]  eta: 0:01:00    time: 0.4058  data: 0.1172  max mem: 0
  [ 50/150]  eta: 0:00:39    time: 0.3876  data: 0.0991  max mem: 0
  [100/150]  eta: 0:00:19    time: 0.4050  data: 0.1164  max mem: 0
  [149/150]  eta: 0:00:00    time: 0.3887  data: 0.1000  max mem: 0
 Total time: 0:00:59 (0.3965 s / it)
SDR= 1.3751227823893228
Epoch: [33]  [ 0/19]  eta: 0:00:59  lr: 0.001000  loss: 6.8352 (6.8352)  time: 3.1140  data: 0.8464  max mem: 0
Epoch: [33]  [18/19]  eta: 0:00:03  lr: 0.001000  loss: 6.2166 (6.6005)  time: 3.1262  data: 0.8875  max mem: 0
Epoch: [33] Total time: 0:00:59 (3.1263 s / it)
  [  0/150]  eta: 0:00:59    time: 0.3995  data: 0.1106  max mem: 0
  [ 50/150]  eta: 0:00:39    time: 0.3918  data: 0.1031  max mem: 0
  [100/150]  eta: 0:00:19    time: 0.3876  data: 0.0990  max mem: 0
  [149/150]  eta: 0:00:00    time: 0.4002  data: 0.1115  max mem: 0
 Total time: 0:00:59 (0.3941 s / it)
SDR= 1.3455140177408855
Epoch: [34]  [ 0/19]  eta: 0:01:02  lr: 0.001000  loss: 6.2289 (6.2289)  time: 3.2855  data: 1.0164  max mem: 0
Epoch: [34]  [18/19]  eta: 0:00:03  lr: 0.001000  loss: 6.6573 (6.4755)  time: 3.1389  data: 0.8999  max mem: 0
Epoch: [34] Total time: 0:00:59 (3.1390 s / it)
  [  0/150]  eta: 0:00:59    time: 0.3988  data: 0.1101  max mem: 0
  [ 50/150]  eta: 0:00:40    time: 0.4147  data: 0.1260  max mem: 0
  [100/150]  eta: 0:00:20    time: 0.3977  data: 0.1091  max mem: 0
  [149/150]  eta: 0:00:00    time: 0.4054  data: 0.1168  max mem: 0
 Total time: 0:00:59 (0.3996 s / it)
SDR= 1.370067342122396
Epoch: [35]  [ 0/19]  eta: 0:01:01  lr: 0.001000  loss: 5.8912 (5.8912)  time: 3.2283  data: 0.9606  max mem: 0
Epoch: [35]  [18/19]  eta: 0:00:03  lr: 0.001000  loss: 6.2554 (6.3230)  time: 3.1304  data: 0.8917  max mem: 0
Epoch: [35] Total time: 0:00:59 (3.1305 s / it)
  [  0/150]  eta: 0:00:59    time: 0.3969  data: 0.1084  max mem: 0
  [ 50/150]  eta: 0:00:39    time: 0.3893  data: 0.1008  max mem: 0
  [100/150]  eta: 0:00:19    time: 0.3877  data: 0.0991  max mem: 0
  [149/150]  eta: 0:00:00    time: 0.4003  data: 0.1116  max mem: 0
 Total time: 0:00:58 (0.3914 s / it)
SDR= 1.3696793619791667
Epoch: [36]  [ 0/19]  eta: 0:00:59  lr: 0.001000  loss: 5.1908 (5.1908)  time: 3.1565  data: 0.8894  max mem: 0
Epoch: [36]  [18/19]  eta: 0:00:03  lr: 0.001000  loss: 5.7952 (5.9892)  time: 3.1370  data: 0.8986  max mem: 0
Epoch: [36] Total time: 0:00:59 (3.1371 s / it)
  [  0/150]  eta: 0:01:07    time: 0.4504  data: 0.1617  max mem: 0
  [ 50/150]  eta: 0:00:39    time: 0.3923  data: 0.1037  max mem: 0
  [100/150]  eta: 0:00:19    time: 0.4062  data: 0.1175  max mem: 0
  [149/150]  eta: 0:00:00    time: 0.3961  data: 0.1075  max mem: 0
 Total time: 0:00:59 (0.3995 s / it)
SDR= 1.362586161295573
Epoch: [37]  [ 0/19]  eta: 0:00:58  lr: 0.001000  loss: 5.4067 (5.4067)  time: 3.0979  data: 0.8310  max mem: 0
Epoch: [37]  [18/19]  eta: 0:00:03  lr: 0.001000  loss: 6.0275 (6.1581)  time: 3.1239  data: 0.8853  max mem: 0
Epoch: [37] Total time: 0:00:59 (3.1241 s / it)
  [  0/150]  eta: 0:01:02    time: 0.4188  data: 0.1300  max mem: 0
  [ 50/150]  eta: 0:00:39    time: 0.4019  data: 0.1132  max mem: 0
  [100/150]  eta: 0:00:19    time: 0.4027  data: 0.1141  max mem: 0
  [149/150]  eta: 0:00:00    time: 0.3972  data: 0.1086  max mem: 0
 Total time: 0:00:59 (0.3951 s / it)
SDR= 1.384611307779948
Epoch: [38]  [ 0/19]  eta: 0:00:58  lr: 0.001000  loss: 6.9255 (6.9255)  time: 3.1027  data: 0.8356  max mem: 0
Epoch: [38]  [18/19]  eta: 0:00:03  lr: 0.001000  loss: 6.8051 (6.2812)  time: 3.0997  data: 0.8610  max mem: 0
Epoch: [38] Total time: 0:00:58 (3.0998 s / it)
  [  0/150]  eta: 0:00:59    time: 0.3984  data: 0.1096  max mem: 0
  [ 50/150]  eta: 0:00:38    time: 0.3877  data: 0.0992  max mem: 0
  [100/150]  eta: 0:00:19    time: 0.3962  data: 0.1077  max mem: 0
  [149/150]  eta: 0:00:00    time: 0.3880  data: 0.0995  max mem: 0
 Total time: 0:00:58 (0.3914 s / it)
SDR= 1.3562752278645833
Epoch: [39]  [ 0/19]  eta: 0:00:58  lr: 0.001000  loss: 5.7493 (5.7493)  time: 3.0785  data: 0.8116  max mem: 0
Epoch: [39]  [18/19]  eta: 0:00:03  lr: 0.001000  loss: 5.9424 (6.0422)  time: 3.1320  data: 0.8935  max mem: 0
Epoch: [39] Total time: 0:00:59 (3.1322 s / it)
  [  0/150]  eta: 0:00:59    time: 0.3993  data: 0.1106  max mem: 0
  [ 50/150]  eta: 0:00:39    time: 0.4073  data: 0.1187  max mem: 0
  [100/150]  eta: 0:00:19    time: 0.3872  data: 0.0987  max mem: 0
  [149/150]  eta: 0:00:00    time: 0.3872  data: 0.0986  max mem: 0
 Total time: 0:00:59 (0.3939 s / it)
SDR= 1.3887100219726562
Epoch: [40]  [ 0/19]  eta: 0:00:59  lr: 0.001000  loss: 6.0435 (6.0435)  time: 3.1561  data: 0.8889  max mem: 0
Epoch: [40]  [18/19]  eta: 0:00:03  lr: 0.001000  loss: 5.1053 (6.0500)  time: 3.1104  data: 0.8718  max mem: 0
Epoch: [40] Total time: 0:00:59 (3.1105 s / it)
  [  0/150]  eta: 0:01:05    time: 0.4344  data: 0.1452  max mem: 0
  [ 50/150]  eta: 0:00:41    time: 0.4062  data: 0.1176  max mem: 0
  [100/150]  eta: 0:00:20    time: 0.3968  data: 0.1083  max mem: 0
  [149/150]  eta: 0:00:00    time: 0.3876  data: 0.0991  max mem: 0
 Total time: 0:01:00 (0.4014 s / it)
SDR= 1.3832322184244792
Epoch: [41]  [ 0/19]  eta: 0:00:59  lr: 0.001000  loss: 5.5893 (5.5893)  time: 3.1214  data: 0.8531  max mem: 0
Epoch: [41]  [18/19]  eta: 0:00:03  lr: 0.001000  loss: 5.6431 (5.6305)  time: 3.1584  data: 0.9195  max mem: 0
Epoch: [41] Total time: 0:01:00 (3.1585 s / it)
  [  0/150]  eta: 0:01:01    time: 0.4106  data: 0.1219  max mem: 0
  [ 50/150]  eta: 0:00:40    time: 0.4019  data: 0.1133  max mem: 0
  [100/150]  eta: 0:00:20    time: 0.3987  data: 0.1100  max mem: 0
  [149/150]  eta: 0:00:00    time: 0.3904  data: 0.1018  max mem: 0
 Total time: 0:01:00 (0.4038 s / it)
SDR= 1.384830830891927
Epoch: [42]  [ 0/19]  eta: 0:00:59  lr: 0.001000  loss: 5.0393 (5.0393)  time: 3.1097  data: 0.8420  max mem: 0
Epoch: [42]  [18/19]  eta: 0:00:03  lr: 0.001000  loss: 4.8730 (5.3701)  time: 3.1425  data: 0.9038  max mem: 0
Epoch: [42] Total time: 0:00:59 (3.1426 s / it)
  [  0/150]  eta: 0:00:59    time: 0.3992  data: 0.1108  max mem: 0
  [ 50/150]  eta: 0:00:39    time: 0.4023  data: 0.1136  max mem: 0
  [100/150]  eta: 0:00:19    time: 0.3901  data: 0.1016  max mem: 0
  [149/150]  eta: 0:00:00    time: 0.3979  data: 0.1092  max mem: 0
 Total time: 0:00:59 (0.3998 s / it)
SDR= 1.3509930419921874
Epoch: [43]  [ 0/19]  eta: 0:01:02  lr: 0.001000  loss: 5.0082 (5.0082)  time: 3.2679  data: 0.9986  max mem: 0
Epoch: [43]  [18/19]  eta: 0:00:03  lr: 0.001000  loss: 5.7603 (5.2717)  time: 3.1549  data: 0.9160  max mem: 0
Epoch: [43] Total time: 0:00:59 (3.1551 s / it)
  [  0/150]  eta: 0:00:59    time: 0.3999  data: 0.1113  max mem: 0
  [ 50/150]  eta: 0:00:39    time: 0.3883  data: 0.0998  max mem: 0
  [100/150]  eta: 0:00:19    time: 0.3880  data: 0.0994  max mem: 0
  [149/150]  eta: 0:00:00    time: 0.3911  data: 0.1025  max mem: 0
 Total time: 0:00:58 (0.3913 s / it)
SDR= 1.361968994140625
Epoch: [44]  [ 0/19]  eta: 0:00:59  lr: 0.001000  loss: 5.5319 (5.5319)  time: 3.1515  data: 0.8848  max mem: 0
Epoch: [44]  [18/19]  eta: 0:00:03  lr: 0.001000  loss: 4.9185 (5.2418)  time: 3.1299  data: 0.8906  max mem: 0
Epoch: [44] Total time: 0:00:59 (3.1301 s / it)
  [  0/150]  eta: 0:01:00    time: 0.4008  data: 0.1122  max mem: 0
  [ 50/150]  eta: 0:00:40    time: 0.4131  data: 0.1244  max mem: 0
  [100/150]  eta: 0:00:19    time: 0.3885  data: 0.1000  max mem: 0
  [149/150]  eta: 0:00:00    time: 0.3989  data: 0.1103  max mem: 0
 Total time: 0:00:59 (0.3966 s / it)
SDR= 1.3614898681640626
Epoch: [45]  [ 0/19]  eta: 0:00:59  lr: 0.001000  loss: 4.8442 (4.8442)  time: 3.1427  data: 0.8758  max mem: 0
Epoch: [45]  [18/19]  eta: 0:00:03  lr: 0.001000  loss: 5.8480 (5.5661)  time: 3.1359  data: 0.8966  max mem: 0
Epoch: [45] Total time: 0:00:59 (3.1360 s / it)
  [  0/150]  eta: 0:00:59    time: 0.3997  data: 0.1112  max mem: 0
  [ 50/150]  eta: 0:00:39    time: 0.3918  data: 0.1032  max mem: 0
  [100/150]  eta: 0:00:19    time: 0.3865  data: 0.0980  max mem: 0
  [149/150]  eta: 0:00:00    time: 0.3937  data: 0.1051  max mem: 0
 Total time: 0:00:58 (0.3920 s / it)
SDR= 1.3617449951171876
Epoch: [46]  [ 0/19]  eta: 0:00:59  lr: 0.001000  loss: 5.7008 (5.7008)  time: 3.1108  data: 0.8436  max mem: 0
Epoch: [46]  [18/19]  eta: 0:00:03  lr: 0.001000  loss: 5.7375 (5.6771)  time: 3.1345  data: 0.8960  max mem: 0
Epoch: [46] Total time: 0:00:59 (3.1346 s / it)
  [  0/150]  eta: 0:00:59    time: 0.3981  data: 0.1096  max mem: 0
  [ 50/150]  eta: 0:00:39    time: 0.3930  data: 0.1044  max mem: 0
  [100/150]  eta: 0:00:19    time: 0.3884  data: 0.0999  max mem: 0
  [149/150]  eta: 0:00:00    time: 0.3900  data: 0.1014  max mem: 0
 Total time: 0:00:59 (0.3950 s / it)
SDR= 1.3630659993489582
Epoch: [47]  [ 0/19]  eta: 0:00:59  lr: 0.001000  loss: 6.2330 (6.2330)  time: 3.1084  data: 0.8414  max mem: 0
Epoch: [47]  [18/19]  eta: 0:00:03  lr: 0.001000  loss: 5.5555 (5.3159)  time: 3.0958  data: 0.8576  max mem: 0
Epoch: [47] Total time: 0:00:58 (3.0960 s / it)
  [  0/150]  eta: 0:00:59    time: 0.3975  data: 0.1086  max mem: 0
  [ 50/150]  eta: 0:00:39    time: 0.3992  data: 0.1107  max mem: 0
  [100/150]  eta: 0:00:19    time: 0.4045  data: 0.1159  max mem: 0
  [149/150]  eta: 0:00:00    time: 0.3940  data: 0.1054  max mem: 0
 Total time: 0:00:59 (0.3974 s / it)
SDR= 1.3603346761067707
Epoch: [48]  [ 0/19]  eta: 0:01:01  lr: 0.001000  loss: 4.5913 (4.5913)  time: 3.2143  data: 0.9471  max mem: 0
Epoch: [48]  [18/19]  eta: 0:00:03  lr: 0.001000  loss: 5.0997 (5.0674)  time: 3.1550  data: 0.9162  max mem: 0
Epoch: [48] Total time: 0:00:59 (3.1551 s / it)
  [  0/150]  eta: 0:00:59    time: 0.3978  data: 0.1090  max mem: 0
  [ 50/150]  eta: 0:00:39    time: 0.3880  data: 0.0995  max mem: 0
  [100/150]  eta: 0:00:19    time: 0.3947  data: 0.1061  max mem: 0
  [149/150]  eta: 0:00:00    time: 0.4039  data: 0.1151  max mem: 0
 Total time: 0:00:59 (0.3950 s / it)
SDR= 1.3426468912760416
Epoch: [49]  [ 0/19]  eta: 0:00:59  lr: 0.001000  loss: 4.9117 (4.9117)  time: 3.1065  data: 0.8382  max mem: 0
Epoch: [49]  [18/19]  eta: 0:00:03  lr: 0.001000  loss: 4.5956 (5.1798)  time: 3.1693  data: 0.9306  max mem: 0
Epoch: [49] Total time: 0:01:00 (3.1694 s / it)
  [  0/150]  eta: 0:00:59    time: 0.3992  data: 0.1101  max mem: 0
  [ 50/150]  eta: 0:00:39    time: 0.3887  data: 0.1002  max mem: 0
  [100/150]  eta: 0:00:19    time: 0.4023  data: 0.1137  max mem: 0
  [149/150]  eta: 0:00:00    time: 0.3887  data: 0.1001  max mem: 0
 Total time: 0:00:58 (0.3928 s / it)
SDR= 1.355636494954427
Epoch: [50]  [ 0/19]  eta: 0:00:59  lr: 0.001000  loss: 4.6551 (4.6551)  time: 3.1412  data: 0.8723  max mem: 0
Epoch: [50]  [18/19]  eta: 0:00:03  lr: 0.001000  loss: 5.0694 (4.9859)  time: 3.1392  data: 0.9000  max mem: 0
Epoch: [50] Total time: 0:00:59 (3.1393 s / it)
  [  0/150]  eta: 0:01:00    time: 0.4002  data: 0.1116  max mem: 0
  [ 50/150]  eta: 0:00:39    time: 0.4014  data: 0.1128  max mem: 0
  [100/150]  eta: 0:00:19    time: 0.3956  data: 0.1068  max mem: 0
  [149/150]  eta: 0:00:00    time: 0.3967  data: 0.1079  max mem: 0
 Total time: 0:00:59 (0.3973 s / it)
SDR= 1.3622873942057292
Epoch: [51]  [ 0/19]  eta: 0:00:58  lr: 0.001000  loss: 5.4948 (5.4948)  time: 3.0931  data: 0.8203  max mem: 0
Epoch: [51]  [18/19]  eta: 0:00:03  lr: 0.001000  loss: 4.7285 (4.5453)  time: 3.1700  data: 0.9288  max mem: 0
Epoch: [51] Total time: 0:01:00 (3.1704 s / it)
  [  0/150]  eta: 0:00:59    time: 0.3986  data: 0.1098  max mem: 0
  [ 50/150]  eta: 0:00:40    time: 0.4040  data: 0.1153  max mem: 0
  [100/150]  eta: 0:00:20    time: 0.3883  data: 0.0997  max mem: 0
  [149/150]  eta: 0:00:00    time: 0.4060  data: 0.1173  max mem: 0
 Total time: 0:01:00 (0.4053 s / it)
SDR= 1.350625712076823
Epoch: [52]  [ 0/19]  eta: 0:01:01  lr: 0.001000  loss: 4.1532 (4.1532)  time: 3.2428  data: 0.9744  max mem: 0
Epoch: [52]  [18/19]  eta: 0:00:03  lr: 0.001000  loss: 3.9984 (4.4094)  time: 3.1046  data: 0.8660  max mem: 0
Epoch: [52] Total time: 0:00:58 (3.1047 s / it)
  [  0/150]  eta: 0:01:00    time: 0.4051  data: 0.1165  max mem: 0
  [ 50/150]  eta: 0:00:39    time: 0.3904  data: 0.1018  max mem: 0
  [100/150]  eta: 0:00:19    time: 0.3878  data: 0.0993  max mem: 0
  [149/150]  eta: 0:00:00    time: 0.3882  data: 0.0996  max mem: 0
 Total time: 0:00:59 (0.3966 s / it)
SDR= 1.3505513509114584
Epoch: [53]  [ 0/19]  eta: 0:00:59  lr: 0.001000  loss: 4.3235 (4.3235)  time: 3.1096  data: 0.8417  max mem: 0
Epoch: [53]  [18/19]  eta: 0:00:03  lr: 0.001000  loss: 4.5826 (4.8746)  time: 3.1277  data: 0.8890  max mem: 0
Epoch: [53] Total time: 0:00:59 (3.1278 s / it)
  [  0/150]  eta: 0:01:03    time: 0.4202  data: 0.1316  max mem: 0
  [ 50/150]  eta: 0:00:39    time: 0.3952  data: 0.1067  max mem: 0
  [100/150]  eta: 0:00:19    time: 0.4069  data: 0.1181  max mem: 0
  [149/150]  eta: 0:00:00    time: 0.3981  data: 0.1095  max mem: 0
 Total time: 0:00:59 (0.3948 s / it)
SDR= 1.3661934407552083
Epoch: [54]  [ 0/19]  eta: 0:00:58  lr: 0.001000  loss: 4.6743 (4.6743)  time: 3.1028  data: 0.8351  max mem: 0
Epoch: [54]  [18/19]  eta: 0:00:03  lr: 0.001000  loss: 4.5263 (4.7230)  time: 3.1307  data: 0.8919  max mem: 0
Epoch: [54] Total time: 0:00:59 (3.1308 s / it)
  [  0/150]  eta: 0:01:01    time: 0.4090  data: 0.1195  max mem: 0
  [ 50/150]  eta: 0:00:39    time: 0.4138  data: 0.1252  max mem: 0
  [100/150]  eta: 0:00:19    time: 0.3907  data: 0.1021  max mem: 0
  [149/150]  eta: 0:00:00    time: 0.3882  data: 0.0996  max mem: 0
 Total time: 0:00:59 (0.3945 s / it)
SDR= 1.3766961669921876
Epoch: [55]  [ 0/19]  eta: 0:00:59  lr: 0.001000  loss: 4.0110 (4.0110)  time: 3.1171  data: 0.8497  max mem: 0
Epoch: [55]  [18/19]  eta: 0:00:03  lr: 0.001000  loss: 5.1623 (4.8788)  time: 3.1615  data: 0.9223  max mem: 0
Epoch: [55] Total time: 0:01:00 (3.1617 s / it)
  [  0/150]  eta: 0:00:59    time: 0.3981  data: 0.1095  max mem: 0
  [ 50/150]  eta: 0:00:40    time: 0.4179  data: 0.1294  max mem: 0
  [100/150]  eta: 0:00:20    time: 0.3957  data: 0.1071  max mem: 0
  [149/150]  eta: 0:00:00    time: 0.3977  data: 0.1091  max mem: 0
 Total time: 0:00:59 (0.3983 s / it)
SDR= 1.3643257649739584
Epoch: [56]  [ 0/19]  eta: 0:01:04  lr: 0.001000  loss: 5.0523 (5.0523)  time: 3.3933  data: 1.1260  max mem: 0
Epoch: [56]  [18/19]  eta: 0:00:03  lr: 0.001000  loss: 5.0166 (4.8169)  time: 3.1607  data: 0.9215  max mem: 0
Epoch: [56] Total time: 0:01:00 (3.1608 s / it)
  [  0/150]  eta: 0:01:02    time: 0.4150  data: 0.1263  max mem: 0
  [ 50/150]  eta: 0:00:39    time: 0.3925  data: 0.1039  max mem: 0
  [100/150]  eta: 0:00:19    time: 0.3969  data: 0.1083  max mem: 0
  [149/150]  eta: 0:00:00    time: 0.3887  data: 0.1001  max mem: 0
 Total time: 0:00:58 (0.3930 s / it)
SDR= 1.338707987467448
Epoch: [57]  [ 0/19]  eta: 0:01:01  lr: 0.001000  loss: 4.2757 (4.2757)  time: 3.2178  data: 0.9505  max mem: 0
Epoch: [57]  [18/19]  eta: 0:00:03  lr: 0.001000  loss: 4.1434 (4.4287)  time: 3.1586  data: 0.9201  max mem: 0
Epoch: [57] Total time: 0:01:00 (3.1588 s / it)
  [  0/150]  eta: 0:00:59    time: 0.4000  data: 0.1110  max mem: 0
  [ 50/150]  eta: 0:00:39    time: 0.4007  data: 0.1122  max mem: 0
  [100/150]  eta: 0:00:20    time: 0.3995  data: 0.1109  max mem: 0
  [149/150]  eta: 0:00:00    time: 0.3886  data: 0.0998  max mem: 0
 Total time: 0:00:59 (0.3978 s / it)
SDR= 1.3451359049479166
Epoch: [58]  [ 0/19]  eta: 0:00:58  lr: 0.001000  loss: 3.8025 (3.8025)  time: 3.1022  data: 0.8353  max mem: 0
Epoch: [58]  [18/19]  eta: 0:00:03  lr: 0.001000  loss: 4.0085 (4.0834)  time: 3.1322  data: 0.8932  max mem: 0
Epoch: [58] Total time: 0:00:59 (3.1323 s / it)
  [  0/150]  eta: 0:01:00    time: 0.4032  data: 0.1144  max mem: 0
  [ 50/150]  eta: 0:00:39    time: 0.3885  data: 0.1000  max mem: 0
  [100/150]  eta: 0:00:19    time: 0.3906  data: 0.1020  max mem: 0
  [149/150]  eta: 0:00:00    time: 0.4065  data: 0.1177  max mem: 0
 Total time: 0:00:59 (0.3936 s / it)
SDR= 1.340557861328125
Epoch: [59]  [ 0/19]  eta: 0:01:01  lr: 0.001000  loss: 3.6845 (3.6845)  time: 3.2280  data: 0.9604  max mem: 0
Epoch: [59]  [18/19]  eta: 0:00:03  lr: 0.001000  loss: 3.6370 (3.9128)  time: 3.1294  data: 0.8907  max mem: 0
Epoch: [59] Total time: 0:00:59 (3.1295 s / it)
  [  0/150]  eta: 0:00:59    time: 0.3975  data: 0.1089  max mem: 0
  [ 50/150]  eta: 0:00:39    time: 0.3890  data: 0.1005  max mem: 0
  [100/150]  eta: 0:00:19    time: 0.3914  data: 0.1028  max mem: 0
  [149/150]  eta: 0:00:00    time: 0.3921  data: 0.1034  max mem: 0
 Total time: 0:00:58 (0.3913 s / it)
SDR= 1.3151461791992187
Epoch: [60]  [ 0/19]  eta: 0:01:02  lr: 0.001000  loss: 3.4953 (3.4953)  time: 3.2730  data: 1.0057  max mem: 0
Epoch: [60]  [18/19]  eta: 0:00:03  lr: 0.001000  loss: 3.6468 (3.8494)  time: 3.1334  data: 0.8941  max mem: 0
Epoch: [60] Total time: 0:00:59 (3.1335 s / it)
  [  0/150]  eta: 0:01:02    time: 0.4157  data: 0.1270  max mem: 0
  [ 50/150]  eta: 0:00:40    time: 0.4004  data: 0.1118  max mem: 0
  [100/150]  eta: 0:00:19    time: 0.4031  data: 0.1145  max mem: 0
  [149/150]  eta: 0:00:00    time: 0.3859  data: 0.0974  max mem: 0
 Total time: 0:00:59 (0.3954 s / it)
SDR= 1.3646548461914063
Epoch: [61]  [ 0/19]  eta: 0:00:58  lr: 0.001000  loss: 3.7974 (3.7974)  time: 3.1001  data: 0.8324  max mem: 0
Epoch: [61]  [18/19]  eta: 0:00:03  lr: 0.001000  loss: 3.8483 (3.6654)  time: 3.1570  data: 0.9184  max mem: 0
Epoch: [61] Total time: 0:00:59 (3.1571 s / it)
  [  0/150]  eta: 0:01:03    time: 0.4213  data: 0.1325  max mem: 0
  [ 50/150]  eta: 0:00:39    time: 0.3870  data: 0.0985  max mem: 0
  [100/150]  eta: 0:00:19    time: 0.3978  data: 0.1092  max mem: 0
  [149/150]  eta: 0:00:00    time: 0.3897  data: 0.1011  max mem: 0
 Total time: 0:00:59 (0.3948 s / it)
SDR= 1.351082255045573
Epoch: [62]  [ 0/19]  eta: 0:01:01  lr: 0.001000  loss: 3.2005 (3.2005)  time: 3.2291  data: 0.9614  max mem: 0
Epoch: [62]  [18/19]  eta: 0:00:03  lr: 0.001000  loss: 4.0176 (3.6243)  time: 3.1097  data: 0.8714  max mem: 0
Epoch: [62] Total time: 0:00:59 (3.1099 s / it)
  [  0/150]  eta: 0:01:00    time: 0.4004  data: 0.1116  max mem: 0
  [ 50/150]  eta: 0:00:38    time: 0.3877  data: 0.0992  max mem: 0
  [100/150]  eta: 0:00:19    time: 0.3884  data: 0.0999  max mem: 0
  [149/150]  eta: 0:00:00    time: 0.3890  data: 0.1005  max mem: 0
 Total time: 0:00:58 (0.3890 s / it)
SDR= 1.3262802124023438
Epoch: [63]  [ 0/19]  eta: 0:00:59  lr: 0.001000  loss: 3.4736 (3.4736)  time: 3.1225  data: 0.8554  max mem: 0
Epoch: [63]  [18/19]  eta: 0:00:03  lr: 0.001000  loss: 3.8214 (3.5549)  time: 3.1480  data: 0.9092  max mem: 0
Epoch: [63] Total time: 0:00:59 (3.1481 s / it)
  [  0/150]  eta: 0:01:06    time: 0.4437  data: 0.1546  max mem: 0
  [ 50/150]  eta: 0:00:40    time: 0.4029  data: 0.1142  max mem: 0
  [100/150]  eta: 0:00:19    time: 0.3964  data: 0.1078  max mem: 0
  [149/150]  eta: 0:00:00    time: 0.3921  data: 0.1036  max mem: 0
 Total time: 0:00:59 (0.3967 s / it)
SDR= 1.3301009114583333
Epoch: [64]  [ 0/19]  eta: 0:01:01  lr: 0.001000  loss: 3.1703 (3.1703)  time: 3.2421  data: 0.9743  max mem: 0
Epoch: [64]  [18/19]  eta: 0:00:03  lr: 0.001000  loss: 3.9011 (3.7143)  time: 3.1197  data: 0.8809  max mem: 0
Epoch: [64] Total time: 0:00:59 (3.1198 s / it)
  [  0/150]  eta: 0:00:59    time: 0.3974  data: 0.1089  max mem: 0
  [ 50/150]  eta: 0:00:39    time: 0.3916  data: 0.1030  max mem: 0
  [100/150]  eta: 0:00:19    time: 0.4101  data: 0.1215  max mem: 0
  [149/150]  eta: 0:00:00    time: 0.3951  data: 0.1065  max mem: 0
 Total time: 0:00:59 (0.3965 s / it)
SDR= 1.353160603841146
Epoch: [65]  [ 0/19]  eta: 0:00:58  lr: 0.001000  loss: 3.8938 (3.8938)  time: 3.0948  data: 0.8273  max mem: 0
Epoch: [65]  [18/19]  eta: 0:00:03  lr: 0.001000  loss: 3.5430 (3.5954)  time: 3.1339  data: 0.8950  max mem: 0
Epoch: [65] Total time: 0:00:59 (3.1340 s / it)
  [  0/150]  eta: 0:00:59    time: 0.3998  data: 0.1111  max mem: 0
  [ 50/150]  eta: 0:00:40    time: 0.3980  data: 0.1095  max mem: 0
  [100/150]  eta: 0:00:20    time: 0.4163  data: 0.1276  max mem: 0
  [149/150]  eta: 0:00:00    time: 0.4040  data: 0.1153  max mem: 0
 Total time: 0:01:01 (0.4076 s / it)
SDR= 1.3378285725911458
Epoch: [66]  [ 0/19]  eta: 0:01:04  lr: 0.001000  loss: 4.8970 (4.8970)  time: 3.4039  data: 1.1359  max mem: 0
Epoch: [66]  [18/19]  eta: 0:00:03  lr: 0.001000  loss: 3.6742 (3.7240)  time: 3.1370  data: 0.8979  max mem: 0
Epoch: [66] Total time: 0:00:59 (3.1372 s / it)
  [  0/150]  eta: 0:01:00    time: 0.4002  data: 0.1112  max mem: 0
  [ 50/150]  eta: 0:00:40    time: 0.4011  data: 0.1125  max mem: 0
  [100/150]  eta: 0:00:20    time: 0.4066  data: 0.1180  max mem: 0
  [149/150]  eta: 0:00:00    time: 0.3914  data: 0.1028  max mem: 0
 Total time: 0:01:00 (0.4036 s / it)
SDR= 1.3553456624348958
Epoch: [67]  [ 0/19]  eta: 0:00:59  lr: 0.001000  loss: 4.1444 (4.1444)  time: 3.1154  data: 0.8478  max mem: 0
Epoch: [67]  [18/19]  eta: 0:00:03  lr: 0.001000  loss: 3.8145 (3.5264)  time: 3.1831  data: 0.9442  max mem: 0
Epoch: [67] Total time: 0:01:00 (3.1832 s / it)
  [  0/150]  eta: 0:01:00    time: 0.4066  data: 0.1180  max mem: 0
  [ 50/150]  eta: 0:00:38    time: 0.3901  data: 0.1015  max mem: 0
  [100/150]  eta: 0:00:19    time: 0.3910  data: 0.1022  max mem: 0
  [149/150]  eta: 0:00:00    time: 0.3901  data: 0.1015  max mem: 0
 Total time: 0:00:58 (0.3928 s / it)
SDR= 1.3435791015625
Epoch: [68]  [ 0/19]  eta: 0:01:01  lr: 0.001000  loss: 3.5594 (3.5594)  time: 3.2131  data: 0.9457  max mem: 0
Epoch: [68]  [18/19]  eta: 0:00:03  lr: 0.001000  loss: 4.3682 (3.7892)  time: 3.1337  data: 0.8946  max mem: 0
Epoch: [68] Total time: 0:00:59 (3.1338 s / it)
  [  0/150]  eta: 0:01:02    time: 0.4157  data: 0.1270  max mem: 0
  [ 50/150]  eta: 0:00:39    time: 0.3972  data: 0.1086  max mem: 0
  [100/150]  eta: 0:00:20    time: 0.4254  data: 0.1366  max mem: 0
  [149/150]  eta: 0:00:00    time: 0.4021  data: 0.1134  max mem: 0
 Total time: 0:01:00 (0.4039 s / it)
SDR= 1.3469957478841146
Epoch: [69]  [ 0/19]  eta: 0:01:01  lr: 0.001000  loss: 3.8452 (3.8452)  time: 3.2362  data: 0.9675  max mem: 0
Epoch: [69]  [18/19]  eta: 0:00:03  lr: 0.001000  loss: 4.2755 (3.8966)  time: 3.1272  data: 0.8883  max mem: 0
Epoch: [69] Total time: 0:00:59 (3.1273 s / it)
  [  0/150]  eta: 0:01:00    time: 0.4035  data: 0.1148  max mem: 0
  [ 50/150]  eta: 0:00:39    time: 0.3999  data: 0.1113  max mem: 0
  [100/150]  eta: 0:00:19    time: 0.3885  data: 0.0999  max mem: 0
  [149/150]  eta: 0:00:00    time: 0.3893  data: 0.1008  max mem: 0
 Total time: 0:00:58 (0.3928 s / it)
SDR= 1.3534292602539062
Epoch: [70]  [ 0/19]  eta: 0:00:59  lr: 0.001000  loss: 3.5466 (3.5466)  time: 3.1128  data: 0.8456  max mem: 0
Epoch: [70]  [18/19]  eta: 0:00:03  lr: 0.001000  loss: 3.7405 (3.7541)  time: 3.1493  data: 0.9108  max mem: 0
Epoch: [70] Total time: 0:00:59 (3.1494 s / it)
  [  0/150]  eta: 0:01:00    time: 0.4028  data: 0.1140  max mem: 0
  [ 50/150]  eta: 0:00:39    time: 0.3949  data: 0.1062  max mem: 0
  [100/150]  eta: 0:00:19    time: 0.3975  data: 0.1090  max mem: 0
  [149/150]  eta: 0:00:00    time: 0.3961  data: 0.1075  max mem: 0
 Total time: 0:00:59 (0.3953 s / it)
SDR= 1.326058349609375
Epoch: [71]  [ 0/19]  eta: 0:01:00  lr: 0.001000  loss: 3.6328 (3.6328)  time: 3.1815  data: 0.9141  max mem: 0
Epoch: [71]  [18/19]  eta: 0:00:03  lr: 0.001000  loss: 3.8719 (3.8473)  time: 3.1163  data: 0.8777  max mem: 0
Epoch: [71] Total time: 0:00:59 (3.1164 s / it)
  [  0/150]  eta: 0:00:59    time: 0.3995  data: 0.1109  max mem: 0
  [ 50/150]  eta: 0:00:39    time: 0.4026  data: 0.1141  max mem: 0
  [100/150]  eta: 0:00:19    time: 0.4048  data: 0.1160  max mem: 0
  [149/150]  eta: 0:00:00    time: 0.3911  data: 0.1026  max mem: 0
 Total time: 0:00:59 (0.3971 s / it)
SDR= 1.3670533243815104
Epoch: [72]  [ 0/19]  eta: 0:00:59  lr: 0.001000  loss: 4.2338 (4.2338)  time: 3.1128  data: 0.8455  max mem: 0
Epoch: [72]  [18/19]  eta: 0:00:03  lr: 0.001000  loss: 3.3831 (3.9394)  time: 3.1429  data: 0.9042  max mem: 0
Epoch: [72] Total time: 0:00:59 (3.1430 s / it)
  [  0/150]  eta: 0:01:00    time: 0.4003  data: 0.1115  max mem: 0
  [ 50/150]  eta: 0:00:40    time: 0.4051  data: 0.1165  max mem: 0
  [100/150]  eta: 0:00:19    time: 0.3932  data: 0.1047  max mem: 0
  [149/150]  eta: 0:00:00    time: 0.3923  data: 0.1036  max mem: 0
 Total time: 0:00:59 (0.3945 s / it)
SDR= 1.335807393391927
Epoch: [73]  [ 0/19]  eta: 0:01:02  lr: 0.001000  loss: 3.9641 (3.9641)  time: 3.2647  data: 0.9966  max mem: 0
Epoch: [73]  [18/19]  eta: 0:00:03  lr: 0.001000  loss: 4.6212 (3.9608)  time: 3.1110  data: 0.8724  max mem: 0
Epoch: [73] Total time: 0:00:59 (3.1111 s / it)
  [  0/150]  eta: 0:00:59    time: 0.3984  data: 0.1099  max mem: 0
  [ 50/150]  eta: 0:00:38    time: 0.3898  data: 0.1012  max mem: 0
  [100/150]  eta: 0:00:19    time: 0.3869  data: 0.0983  max mem: 0
  [149/150]  eta: 0:00:00    time: 0.3914  data: 0.1028  max mem: 0
 Total time: 0:00:58 (0.3905 s / it)
SDR= 1.3459470621744791
Epoch: [74]  [ 0/19]  eta: 0:00:58  lr: 0.001000  loss: 3.7703 (3.7703)  time: 3.1044  data: 0.8376  max mem: 0
Epoch: [74]  [18/19]  eta: 0:00:03  lr: 0.001000  loss: 3.6332 (3.9809)  time: 3.1741  data: 0.9355  max mem: 0
Epoch: [74] Total time: 0:01:00 (3.1743 s / it)
  [  0/150]  eta: 0:01:12    time: 0.4828  data: 0.1937  max mem: 0
  [ 50/150]  eta: 0:00:39    time: 0.3884  data: 0.0999  max mem: 0
  [100/150]  eta: 0:00:19    time: 0.3900  data: 0.1015  max mem: 0
  [149/150]  eta: 0:00:00    time: 0.3883  data: 0.0997  max mem: 0
 Total time: 0:00:58 (0.3930 s / it)
SDR= 1.32981689453125
Epoch: [75]  [ 0/19]  eta: 0:01:00  lr: 0.001000  loss: 4.0760 (4.0760)  time: 3.1649  data: 0.8957  max mem: 0
Epoch: [75]  [18/19]  eta: 0:00:03  lr: 0.001000  loss: 3.8150 (3.8992)  time: 3.1443  data: 0.9055  max mem: 0
Epoch: [75] Total time: 0:00:59 (3.1445 s / it)
  [  0/150]  eta: 0:00:59    time: 0.3986  data: 0.1099  max mem: 0
  [ 50/150]  eta: 0:00:39    time: 0.4027  data: 0.1141  max mem: 0
  [100/150]  eta: 0:00:19    time: 0.3947  data: 0.1061  max mem: 0
  [149/150]  eta: 0:00:00    time: 0.3868  data: 0.0982  max mem: 0
 Total time: 0:00:59 (0.3934 s / it)
SDR= 1.3322723388671875
Epoch: [76]  [ 0/19]  eta: 0:01:01  lr: 0.001000  loss: 4.2300 (4.2300)  time: 3.2370  data: 0.9678  max mem: 0
Epoch: [76]  [18/19]  eta: 0:00:03  lr: 0.001000  loss: 3.4801 (3.6633)  time: 3.1341  data: 0.8950  max mem: 0
Epoch: [76] Total time: 0:00:59 (3.1342 s / it)
  [  0/150]  eta: 0:00:59    time: 0.3989  data: 0.1101  max mem: 0
  [ 50/150]  eta: 0:00:39    time: 0.4011  data: 0.1124  max mem: 0
  [100/150]  eta: 0:00:19    time: 0.4107  data: 0.1221  max mem: 0
  [149/150]  eta: 0:00:00    time: 0.3875  data: 0.0989  max mem: 0
 Total time: 0:00:59 (0.3957 s / it)
SDR= 1.3312244669596354
Epoch: [77]  [ 0/19]  eta: 0:01:01  lr: 0.001000  loss: 3.1107 (3.1107)  time: 3.2158  data: 0.9480  max mem: 0
Epoch: [77]  [18/19]  eta: 0:00:03  lr: 0.001000  loss: 3.3215 (3.4172)  time: 3.1590  data: 0.9201  max mem: 0
Epoch: [77] Total time: 0:01:00 (3.1591 s / it)
  [  0/150]  eta: 0:00:59    time: 0.3988  data: 0.1101  max mem: 0
  [ 50/150]  eta: 0:00:39    time: 0.3988  data: 0.1100  max mem: 0
  [100/150]  eta: 0:00:19    time: 0.3869  data: 0.0984  max mem: 0
  [149/150]  eta: 0:00:00    time: 0.3942  data: 0.1056  max mem: 0
 Total time: 0:00:58 (0.3930 s / it)
SDR= 1.3276543172200521
Epoch: [78]  [ 0/19]  eta: 0:00:59  lr: 0.001000  loss: 3.2021 (3.2021)  time: 3.1084  data: 0.8410  max mem: 0
Epoch: [78]  [18/19]  eta: 0:00:03  lr: 0.001000  loss: 3.1472 (3.3070)  time: 3.1194  data: 0.8809  max mem: 0
Epoch: [78] Total time: 0:00:59 (3.1195 s / it)
  [  0/150]  eta: 0:01:02    time: 0.4161  data: 0.1271  max mem: 0
  [ 50/150]  eta: 0:00:39    time: 0.4070  data: 0.1183  max mem: 0
  [100/150]  eta: 0:00:19    time: 0.3860  data: 0.0975  max mem: 0
  [149/150]  eta: 0:00:00    time: 0.3951  data: 0.1065  max mem: 0
 Total time: 0:00:58 (0.3932 s / it)
SDR= 1.321377665201823
Epoch: [79]  [ 0/19]  eta: 0:01:00  lr: 0.001000  loss: 3.3488 (3.3488)  time: 3.1974  data: 0.9302  max mem: 0
Epoch: [79]  [18/19]  eta: 0:00:03  lr: 0.001000  loss: 3.4535 (3.3242)  time: 3.1576  data: 0.9191  max mem: 0
Epoch: [79] Total time: 0:00:59 (3.1577 s / it)
  [  0/150]  eta: 0:01:00    time: 0.4008  data: 0.1121  max mem: 0
  [ 50/150]  eta: 0:00:39    time: 0.3877  data: 0.0992  max mem: 0
  [100/150]  eta: 0:00:19    time: 0.3868  data: 0.0982  max mem: 0
  [149/150]  eta: 0:00:00    time: 0.4040  data: 0.1153  max mem: 0
 Total time: 0:00:59 (0.3936 s / it)
SDR= 1.345919189453125
Epoch: [80]  [ 0/19]  eta: 0:01:00  lr: 0.001000  loss: 3.0690 (3.0690)  time: 3.1742  data: 0.9066  max mem: 0
Epoch: [80]  [18/19]  eta: 0:00:03  lr: 0.001000  loss: 3.0254 (3.2180)  time: 3.1556  data: 0.9168  max mem: 0
Epoch: [80] Total time: 0:00:59 (3.1557 s / it)
  [  0/150]  eta: 0:01:04    time: 0.4297  data: 0.1409  max mem: 0
  [ 50/150]  eta: 0:00:39    time: 0.3934  data: 0.1048  max mem: 0
  [100/150]  eta: 0:00:19    time: 0.3858  data: 0.0973  max mem: 0
  [149/150]  eta: 0:00:00    time: 0.3886  data: 0.1000  max mem: 0
 Total time: 0:00:59 (0.3935 s / it)
SDR= 1.3700875854492187
Epoch: [81]  [ 0/19]  eta: 0:01:00  lr: 0.001000  loss: 2.9003 (2.9003)  time: 3.1715  data: 0.9042  max mem: 0
Epoch: [81]  [18/19]  eta: 0:00:03  lr: 0.001000  loss: 2.8229 (3.0387)  time: 3.1819  data: 0.9428  max mem: 0
Epoch: [81] Total time: 0:01:00 (3.1820 s / it)
  [  0/150]  eta: 0:00:59    time: 0.3967  data: 0.1079  max mem: 0
  [ 50/150]  eta: 0:00:38    time: 0.3872  data: 0.0986  max mem: 0
  [100/150]  eta: 0:00:19    time: 0.3977  data: 0.1091  max mem: 0
  [149/150]  eta: 0:00:00    time: 0.4029  data: 0.1143  max mem: 0
 Total time: 0:00:58 (0.3922 s / it)
SDR= 1.373498026529948
Epoch: [82]  [ 0/19]  eta: 0:00:58  lr: 0.001000  loss: 2.5751 (2.5751)  time: 3.0786  data: 0.8110  max mem: 0
Epoch: [82]  [18/19]  eta: 0:00:03  lr: 0.001000  loss: 3.0479 (3.2866)  time: 3.1537  data: 0.9148  max mem: 0
Epoch: [82] Total time: 0:00:59 (3.1538 s / it)
  [  0/150]  eta: 0:01:02    time: 0.4163  data: 0.1274  max mem: 0
  [ 50/150]  eta: 0:00:39    time: 0.3950  data: 0.1065  max mem: 0
  [100/150]  eta: 0:00:19    time: 0.4063  data: 0.1177  max mem: 0
  [149/150]  eta: 0:00:00    time: 0.4039  data: 0.1153  max mem: 0
 Total time: 0:00:59 (0.3981 s / it)
SDR= 1.3114718627929687
Epoch: [83]  [ 0/19]  eta: 0:00:59  lr: 0.001000  loss: 3.4956 (3.4956)  time: 3.1140  data: 0.8463  max mem: 0
Epoch: [83]  [18/19]  eta: 0:00:03  lr: 0.001000  loss: 2.8647 (3.1762)  time: 3.1504  data: 0.9117  max mem: 0
Epoch: [83] Total time: 0:00:59 (3.1506 s / it)
  [  0/150]  eta: 0:00:59    time: 0.3983  data: 0.1095  max mem: 0
  [ 50/150]  eta: 0:00:39    time: 0.4015  data: 0.1129  max mem: 0
  [100/150]  eta: 0:00:20    time: 0.4028  data: 0.1142  max mem: 0
  [149/150]  eta: 0:00:00    time: 0.3987  data: 0.1100  max mem: 0
 Total time: 0:00:59 (0.3991 s / it)
SDR= 1.3420177205403645
Epoch: [84]  [ 0/19]  eta: 0:01:02  lr: 0.001000  loss: 2.9006 (2.9006)  time: 3.2637  data: 0.9957  max mem: 0
Epoch: [84]  [18/19]  eta: 0:00:03  lr: 0.001000  loss: 3.0597 (2.9243)  time: 3.1508  data: 0.9121  max mem: 0
Epoch: [84] Total time: 0:00:59 (3.1509 s / it)
  [  0/150]  eta: 0:01:02    time: 0.4165  data: 0.1278  max mem: 0
  [ 50/150]  eta: 0:00:39    time: 0.3874  data: 0.0988  max mem: 0
  [100/150]  eta: 0:00:19    time: 0.3921  data: 0.1035  max mem: 0
  [149/150]  eta: 0:00:00    time: 0.3871  data: 0.0985  max mem: 0
 Total time: 0:00:58 (0.3928 s / it)
SDR= 1.3103169759114583
Epoch: [85]  [ 0/19]  eta: 0:01:03  lr: 0.001000  loss: 2.5690 (2.5690)  time: 3.3334  data: 1.0657  max mem: 0
Epoch: [85]  [18/19]  eta: 0:00:03  lr: 0.001000  loss: 2.9205 (2.9971)  time: 3.1407  data: 0.9019  max mem: 0
Epoch: [85] Total time: 0:00:59 (3.1408 s / it)
  [  0/150]  eta: 0:00:59    time: 0.3998  data: 0.1112  max mem: 0
  [ 50/150]  eta: 0:00:39    time: 0.3967  data: 0.1081  max mem: 0
  [100/150]  eta: 0:00:19    time: 0.3871  data: 0.0986  max mem: 0
  [149/150]  eta: 0:00:00    time: 0.3979  data: 0.1093  max mem: 0
 Total time: 0:00:59 (0.3948 s / it)
SDR= 1.336856689453125
Epoch: [86]  [ 0/19]  eta: 0:00:58  lr: 0.001000  loss: 3.8433 (3.8433)  time: 3.1002  data: 0.8331  max mem: 0
Epoch: [86]  [18/19]  eta: 0:00:03  lr: 0.001000  loss: 3.4955 (3.0721)  time: 3.1347  data: 0.8960  max mem: 0
Epoch: [86] Total time: 0:00:59 (3.1349 s / it)
  [  0/150]  eta: 0:00:59    time: 0.3967  data: 0.1079  max mem: 0
  [ 50/150]  eta: 0:00:40    time: 0.3951  data: 0.1065  max mem: 0
  [100/150]  eta: 0:00:19    time: 0.4019  data: 0.1133  max mem: 0
  [149/150]  eta: 0:00:00    time: 0.4068  data: 0.1182  max mem: 0
 Total time: 0:01:00 (0.4018 s / it)
SDR= 1.337562255859375
Epoch: [87]  [ 0/19]  eta: 0:01:01  lr: 0.001000  loss: 2.6529 (2.6529)  time: 3.2296  data: 0.9615  max mem: 0
Epoch: [87]  [18/19]  eta: 0:00:03  lr: 0.001000  loss: 3.3550 (2.9987)  time: 3.1573  data: 0.9187  max mem: 0
Epoch: [87] Total time: 0:00:59 (3.1575 s / it)
  [  0/150]  eta: 0:00:59    time: 0.3986  data: 0.1098  max mem: 0
  [ 50/150]  eta: 0:00:39    time: 0.4036  data: 0.1150  max mem: 0
  [100/150]  eta: 0:00:19    time: 0.3882  data: 0.0996  max mem: 0
  [149/150]  eta: 0:00:00    time: 0.4044  data: 0.1157  max mem: 0
 Total time: 0:00:59 (0.3965 s / it)
SDR= 1.3463852945963541
Epoch: [88]  [ 0/19]  eta: 0:00:59  lr: 0.001000  loss: 2.7783 (2.7783)  time: 3.1096  data: 0.8423  max mem: 0
Epoch: [88]  [18/19]  eta: 0:00:03  lr: 0.001000  loss: 3.1435 (2.9815)  time: 3.1180  data: 0.8795  max mem: 0
Epoch: [88] Total time: 0:00:59 (3.1181 s / it)
  [  0/150]  eta: 0:01:02    time: 0.4150  data: 0.1263  max mem: 0
  [ 50/150]  eta: 0:00:39    time: 0.3926  data: 0.1040  max mem: 0
  [100/150]  eta: 0:00:19    time: 0.3900  data: 0.1015  max mem: 0
  [149/150]  eta: 0:00:00    time: 0.3910  data: 0.1024  max mem: 0
 Total time: 0:00:59 (0.3963 s / it)
SDR= 1.33447021484375
Epoch: [89]  [ 0/19]  eta: 0:01:00  lr: 0.001000  loss: 2.5278 (2.5278)  time: 3.1596  data: 0.8914  max mem: 0
Epoch: [89]  [18/19]  eta: 0:00:03  lr: 0.001000  loss: 2.5425 (2.7909)  time: 3.1086  data: 0.8702  max mem: 0
Epoch: [89] Total time: 0:00:59 (3.1087 s / it)
  [  0/150]  eta: 0:01:00    time: 0.4029  data: 0.1144  max mem: 0
  [ 50/150]  eta: 0:00:38    time: 0.3874  data: 0.0988  max mem: 0
  [100/150]  eta: 0:00:19    time: 0.3880  data: 0.0995  max mem: 0
  [149/150]  eta: 0:00:00    time: 0.3949  data: 0.1063  max mem: 0
 Total time: 0:00:59 (0.3942 s / it)
SDR= 1.3184419759114583
Epoch: [90]  [ 0/19]  eta: 0:00:59  lr: 0.001000  loss: 2.7833 (2.7833)  time: 3.1071  data: 0.8398  max mem: 0
Epoch: [90]  [18/19]  eta: 0:00:03  lr: 0.001000  loss: 2.8899 (2.7330)  time: 3.1453  data: 0.9064  max mem: 0
Epoch: [90] Total time: 0:00:59 (3.1454 s / it)
  [  0/150]  eta: 0:01:02    time: 0.4151  data: 0.1257  max mem: 0
  [ 50/150]  eta: 0:00:40    time: 0.4086  data: 0.1200  max mem: 0
  [100/150]  eta: 0:00:19    time: 0.3853  data: 0.0968  max mem: 0
  [149/150]  eta: 0:00:00    time: 0.4014  data: 0.1126  max mem: 0
 Total time: 0:00:59 (0.3973 s / it)
SDR= 1.3219889322916667
Epoch: [91]  [ 0/19]  eta: 0:01:00  lr: 0.001000  loss: 2.2532 (2.2532)  time: 3.1871  data: 0.9199  max mem: 0
Epoch: [91]  [18/19]  eta: 0:00:03  lr: 0.001000  loss: 2.6814 (2.5670)  time: 3.1380  data: 0.8990  max mem: 0
Epoch: [91] Total time: 0:00:59 (3.1381 s / it)
  [  0/150]  eta: 0:01:01    time: 0.4090  data: 0.1204  max mem: 0
  [ 50/150]  eta: 0:00:39    time: 0.4031  data: 0.1145  max mem: 0
  [100/150]  eta: 0:00:19    time: 0.4009  data: 0.1124  max mem: 0
  [149/150]  eta: 0:00:00    time: 0.3902  data: 0.1015  max mem: 0
 Total time: 0:00:58 (0.3933 s / it)
SDR= 1.3396573893229167
Epoch: [92]  [ 0/19]  eta: 0:01:01  lr: 0.001000  loss: 2.2340 (2.2340)  time: 3.2374  data: 0.9698  max mem: 0
Epoch: [92]  [18/19]  eta: 0:00:03  lr: 0.001000  loss: 2.9240 (2.5697)  time: 3.1483  data: 0.9097  max mem: 0
Epoch: [92] Total time: 0:00:59 (3.1484 s / it)
  [  0/150]  eta: 0:00:59    time: 0.3981  data: 0.1094  max mem: 0
  [ 50/150]  eta: 0:00:38    time: 0.3872  data: 0.0986  max mem: 0
  [100/150]  eta: 0:00:19    time: 0.3991  data: 0.1105  max mem: 0
  [149/150]  eta: 0:00:00    time: 0.3958  data: 0.1071  max mem: 0
 Total time: 0:00:58 (0.3930 s / it)
SDR= 1.3425657145182293
Epoch: [93]  [ 0/19]  eta: 0:00:59  lr: 0.001000  loss: 2.2442 (2.2442)  time: 3.1086  data: 0.8412  max mem: 0
Epoch: [93]  [18/19]  eta: 0:00:03  lr: 0.001000  loss: 2.5563 (2.5725)  time: 3.1329  data: 0.8941  max mem: 0
Epoch: [93] Total time: 0:00:59 (3.1330 s / it)
  [  0/150]  eta: 0:00:59    time: 0.3997  data: 0.1111  max mem: 0
  [ 50/150]  eta: 0:00:39    time: 0.3907  data: 0.1021  max mem: 0
  [100/150]  eta: 0:00:19    time: 0.3893  data: 0.1008  max mem: 0
  [149/150]  eta: 0:00:00    time: 0.3963  data: 0.1078  max mem: 0
 Total time: 0:00:58 (0.3925 s / it)
SDR= 1.3227890014648438
Epoch: [94]  [ 0/19]  eta: 0:01:02  lr: 0.001000  loss: 2.5327 (2.5327)  time: 3.2929  data: 1.0256  max mem: 0
Epoch: [94]  [18/19]  eta: 0:00:03  lr: 0.001000  loss: 2.7774 (2.7388)  time: 3.1366  data: 0.8978  max mem: 0
Epoch: [94] Total time: 0:00:59 (3.1368 s / it)
  [  0/150]  eta: 0:01:02    time: 0.4153  data: 0.1265  max mem: 0
  [ 50/150]  eta: 0:00:39    time: 0.3916  data: 0.1030  max mem: 0
  [100/150]  eta: 0:00:19    time: 0.4095  data: 0.1210  max mem: 0
  [149/150]  eta: 0:00:00    time: 0.3867  data: 0.0983  max mem: 0
 Total time: 0:00:59 (0.3969 s / it)
SDR= 1.334902852376302
Epoch: [95]  [ 0/19]  eta: 0:00:59  lr: 0.001000  loss: 2.8253 (2.8253)  time: 3.1211  data: 0.8543  max mem: 0
Epoch: [95]  [18/19]  eta: 0:00:03  lr: 0.001000  loss: 3.3611 (2.7474)  time: 3.1546  data: 0.9152  max mem: 0
Epoch: [95] Total time: 0:00:59 (3.1547 s / it)
  [  0/150]  eta: 0:01:00    time: 0.4006  data: 0.1120  max mem: 0
  [ 50/150]  eta: 0:00:39    time: 0.3907  data: 0.1022  max mem: 0
  [100/150]  eta: 0:00:19    time: 0.3929  data: 0.1044  max mem: 0
  [149/150]  eta: 0:00:00    time: 0.3889  data: 0.1003  max mem: 0
 Total time: 0:00:59 (0.3961 s / it)
SDR= 1.354791971842448
Epoch: [96]  [ 0/19]  eta: 0:01:00  lr: 0.001000  loss: 2.3896 (2.3896)  time: 3.1869  data: 0.9205  max mem: 0
Epoch: [96]  [18/19]  eta: 0:00:03  lr: 0.001000  loss: 2.8049 (2.8183)  time: 3.1132  data: 0.8746  max mem: 0
Epoch: [96] Total time: 0:00:59 (3.1133 s / it)
  [  0/150]  eta: 0:01:06    time: 0.4428  data: 0.1539  max mem: 0
  [ 50/150]  eta: 0:00:39    time: 0.3933  data: 0.1045  max mem: 0
  [100/150]  eta: 0:00:20    time: 0.4032  data: 0.1146  max mem: 0
  [149/150]  eta: 0:00:00    time: 0.3887  data: 0.1001  max mem: 0
 Total time: 0:00:59 (0.3982 s / it)
SDR= 1.3383781941731772
Epoch: [97]  [ 0/19]  eta: 0:01:01  lr: 0.001000  loss: 2.7006 (2.7006)  time: 3.2338  data: 0.9661  max mem: 0
Epoch: [97]  [18/19]  eta: 0:00:03  lr: 0.001000  loss: 3.1306 (2.8614)  time: 3.1141  data: 0.8752  max mem: 0
Epoch: [97] Total time: 0:00:59 (3.1142 s / it)
  [  0/150]  eta: 0:00:59    time: 0.3981  data: 0.1095  max mem: 0
  [ 50/150]  eta: 0:00:39    time: 0.3952  data: 0.1066  max mem: 0
  [100/150]  eta: 0:00:19    time: 0.4044  data: 0.1157  max mem: 0
  [149/150]  eta: 0:00:00    time: 0.3990  data: 0.1103  max mem: 0
 Total time: 0:00:59 (0.3999 s / it)
SDR= 1.330817667643229
Epoch: [98]  [ 0/19]  eta: 0:01:02  lr: 0.001000  loss: 2.8268 (2.8268)  time: 3.3100  data: 1.0417  max mem: 0
Epoch: [98]  [18/19]  eta: 0:00:03  lr: 0.001000  loss: 3.9059 (2.9822)  time: 3.1437  data: 0.9048  max mem: 0
Epoch: [98] Total time: 0:00:59 (3.1438 s / it)
  [  0/150]  eta: 0:01:02    time: 0.4152  data: 0.1262  max mem: 0
  [ 50/150]  eta: 0:00:40    time: 0.3988  data: 0.1101  max mem: 0
  [100/150]  eta: 0:00:19    time: 0.3880  data: 0.0995  max mem: 0
  [149/150]  eta: 0:00:00    time: 0.3989  data: 0.1102  max mem: 0
 Total time: 0:00:59 (0.3987 s / it)
SDR= 1.3130056762695312
Epoch: [99]  [ 0/19]  eta: 0:01:01  lr: 0.001000  loss: 2.6376 (2.6376)  time: 3.2279  data: 0.9605  max mem: 0
Epoch: [99]  [18/19]  eta: 0:00:03  lr: 0.001000  loss: 2.7797 (2.8543)  time: 3.1316  data: 0.8930  max mem: 0
Epoch: [99] Total time: 0:00:59 (3.1317 s / it)
  [  0/150]  eta: 0:01:02    time: 0.4150  data: 0.1256  max mem: 0
  [ 50/150]  eta: 0:00:39    time: 0.3925  data: 0.1040  max mem: 0
  [100/150]  eta: 0:00:19    time: 0.4005  data: 0.1119  max mem: 0
  [149/150]  eta: 0:00:00    time: 0.3936  data: 0.1050  max mem: 0
 Total time: 0:00:59 (0.3975 s / it)
SDR= 1.3268979899088542
Epoch: [100]  [ 0/19]  eta: 0:00:58  lr: 0.001000  loss: 2.7346 (2.7346)  time: 3.0842  data: 0.8171  max mem: 0
Epoch: [100]  [18/19]  eta: 0:00:03  lr: 0.001000  loss: 2.9158 (2.8933)  time: 3.0853  data: 0.8469  max mem: 0
Epoch: [100] Total time: 0:00:58 (3.0855 s / it)
  [  0/150]  eta: 0:01:00    time: 0.4044  data: 0.1158  max mem: 0
  [ 50/150]  eta: 0:00:40    time: 0.4151  data: 0.1264  max mem: 0
  [100/150]  eta: 0:00:20    time: 0.3958  data: 0.1072  max mem: 0
  [149/150]  eta: 0:00:00    time: 0.3979  data: 0.1091  max mem: 0
 Total time: 0:01:00 (0.4017 s / it)
SDR= 1.3669153849283855
Epoch: [101]  [ 0/19]  eta: 0:00:59  lr: 0.001000  loss: 2.5798 (2.5798)  time: 3.1206  data: 0.8535  max mem: 0
Epoch: [101]  [18/19]  eta: 0:00:03  lr: 0.001000  loss: 3.0752 (2.9837)  time: 3.1366  data: 0.8976  max mem: 0
Epoch: [101] Total time: 0:00:59 (3.1367 s / it)
  [  0/150]  eta: 0:01:00    time: 0.4011  data: 0.1124  max mem: 0
  [ 50/150]  eta: 0:00:39    time: 0.3876  data: 0.0990  max mem: 0
  [100/150]  eta: 0:00:19    time: 0.3865  data: 0.0980  max mem: 0
  [149/150]  eta: 0:00:00    time: 0.3952  data: 0.1066  max mem: 0
 Total time: 0:00:58 (0.3899 s / it)
SDR= 1.3376478068033855
Epoch: [102]  [ 0/19]  eta: 0:01:00  lr: 0.001000  loss: 3.4632 (3.4632)  time: 3.1651  data: 0.8972  max mem: 0
Epoch: [102]  [18/19]  eta: 0:00:03  lr: 0.001000  loss: 3.2878 (3.0890)  time: 3.1302  data: 0.8916  max mem: 0
Epoch: [102] Total time: 0:00:59 (3.1303 s / it)
  [  0/150]  eta: 0:00:59    time: 0.3980  data: 0.1095  max mem: 0
  [ 50/150]  eta: 0:00:39    time: 0.4077  data: 0.1190  max mem: 0
  [100/150]  eta: 0:00:20    time: 0.4118  data: 0.1231  max mem: 0
  [149/150]  eta: 0:00:00    time: 0.4028  data: 0.1140  max mem: 0
 Total time: 0:00:59 (0.3995 s / it)
SDR= 1.3324177042643228
Epoch: [103]  [ 0/19]  eta: 0:00:59  lr: 0.001000  loss: 2.6030 (2.6030)  time: 3.1162  data: 0.8493  max mem: 0
Epoch: [103]  [18/19]  eta: 0:00:03  lr: 0.001000  loss: 3.2098 (3.0267)  time: 3.1638  data: 0.9251  max mem: 0
Epoch: [103] Total time: 0:01:00 (3.1639 s / it)
  [  0/150]  eta: 0:01:01    time: 0.4084  data: 0.1197  max mem: 0
  [ 50/150]  eta: 0:00:39    time: 0.3888  data: 0.1002  max mem: 0
  [100/150]  eta: 0:00:19    time: 0.3882  data: 0.0997  max mem: 0
  [149/150]  eta: 0:00:00    time: 0.3992  data: 0.1105  max mem: 0
 Total time: 0:00:59 (0.3957 s / it)
SDR= 1.33021240234375
Epoch: [104]  [ 0/19]  eta: 0:01:01  lr: 0.001000  loss: 3.7542 (3.7542)  time: 3.2402  data: 0.9720  max mem: 0
Epoch: [104]  [18/19]  eta: 0:00:03  lr: 0.001000  loss: 2.9303 (3.5604)  time: 3.1574  data: 0.9184  max mem: 0
Epoch: [104] Total time: 0:00:59 (3.1575 s / it)
  [  0/150]  eta: 0:01:00    time: 0.4008  data: 0.1121  max mem: 0
  [ 50/150]  eta: 0:00:39    time: 0.3995  data: 0.1108  max mem: 0
  [100/150]  eta: 0:00:19    time: 0.3895  data: 0.1010  max mem: 0
  [149/150]  eta: 0:00:00    time: 0.3982  data: 0.1097  max mem: 0
 Total time: 0:00:59 (0.3959 s / it)
SDR= 1.340648193359375
Epoch: [105]  [ 0/19]  eta: 0:01:01  lr: 0.001000  loss: 3.7407 (3.7407)  time: 3.2486  data: 0.9802  max mem: 0
Epoch: [105]  [18/19]  eta: 0:00:03  lr: 0.001000  loss: 3.8942 (3.6052)  time: 3.1549  data: 0.9161  max mem: 0
Epoch: [105] Total time: 0:00:59 (3.1550 s / it)
  [  0/150]  eta: 0:00:59    time: 0.3993  data: 0.1108  max mem: 0
  [ 50/150]  eta: 0:00:38    time: 0.3874  data: 0.0989  max mem: 0
  [100/150]  eta: 0:00:19    time: 0.4029  data: 0.1144  max mem: 0
  [149/150]  eta: 0:00:00    time: 0.4100  data: 0.1214  max mem: 0
 Total time: 0:00:59 (0.3966 s / it)
SDR= 1.3281905110677084
Epoch: [106]  [ 0/19]  eta: 0:01:01  lr: 0.001000  loss: 2.9344 (2.9344)  time: 3.2256  data: 0.9583  max mem: 0
Epoch: [106]  [18/19]  eta: 0:00:03  lr: 0.001000  loss: 4.1792 (3.7202)  time: 3.1445  data: 0.9058  max mem: 0
Epoch: [106] Total time: 0:00:59 (3.1447 s / it)
  [  0/150]  eta: 0:01:08    time: 0.4598  data: 0.1710  max mem: 0
  [ 50/150]  eta: 0:00:40    time: 0.4070  data: 0.1183  max mem: 0
  [100/150]  eta: 0:00:19    time: 0.3981  data: 0.1094  max mem: 0
  [149/150]  eta: 0:00:00    time: 0.3934  data: 0.1048  max mem: 0
 Total time: 0:00:59 (0.3975 s / it)
SDR= 1.3197341918945313
Epoch: [107]  [ 0/19]  eta: 0:00:59  lr: 0.001000  loss: 3.2172 (3.2172)  time: 3.1213  data: 0.8539  max mem: 0
Epoch: [107]  [18/19]  eta: 0:00:03  lr: 0.001000  loss: 3.8792 (3.8989)  time: 3.1960  data: 0.9567  max mem: 0
Epoch: [107] Total time: 0:01:00 (3.1961 s / it)
  [  0/150]  eta: 0:00:59    time: 0.3995  data: 0.1109  max mem: 0
  [ 50/150]  eta: 0:00:39    time: 0.4010  data: 0.1123  max mem: 0
  [100/150]  eta: 0:00:19    time: 0.4096  data: 0.1209  max mem: 0
  [149/150]  eta: 0:00:00    time: 0.3897  data: 0.1011  max mem: 0
 Total time: 0:00:59 (0.3970 s / it)
SDR= 1.3117349243164063
Epoch: [108]  [ 0/19]  eta: 0:00:59  lr: 0.001000  loss: 3.7521 (3.7521)  time: 3.1109  data: 0.8412  max mem: 0
Epoch: [108]  [18/19]  eta: 0:00:03  lr: 0.001000  loss: 3.3631 (3.7346)  time: 3.1881  data: 0.9489  max mem: 0
Epoch: [108] Total time: 0:01:00 (3.1883 s / it)
  [  0/150]  eta: 0:00:59    time: 0.3999  data: 0.1110  max mem: 0
  [ 50/150]  eta: 0:00:39    time: 0.3975  data: 0.1089  max mem: 0
  [100/150]  eta: 0:00:19    time: 0.3929  data: 0.1042  max mem: 0
  [149/150]  eta: 0:00:00    time: 0.4059  data: 0.1172  max mem: 0
 Total time: 0:00:59 (0.3968 s / it)
SDR= 1.3356934611002604
Epoch: [109]  [ 0/19]  eta: 0:00:59  lr: 0.001000  loss: 3.7540 (3.7540)  time: 3.1148  data: 0.8464  max mem: 0
Epoch: [109]  [18/19]  eta: 0:00:03  lr: 0.001000  loss: 3.5053 (3.4334)  time: 3.1604  data: 0.9208  max mem: 0
Epoch: [109] Total time: 0:01:00 (3.1605 s / it)
  [  0/150]  eta: 0:01:00    time: 0.4045  data: 0.1158  max mem: 0
  [ 50/150]  eta: 0:00:39    time: 0.3885  data: 0.1000  max mem: 0
  [100/150]  eta: 0:00:19    time: 0.4066  data: 0.1179  max mem: 0
  [149/150]  eta: 0:00:00    time: 0.3956  data: 0.1069  max mem: 0
 Total time: 0:00:59 (0.3979 s / it)
SDR= 1.373139851888021
Epoch: [110]  [ 0/19]  eta: 0:01:00  lr: 0.001000  loss: 4.0453 (4.0453)  time: 3.1753  data: 0.9073  max mem: 0
Epoch: [110]  [18/19]  eta: 0:00:03  lr: 0.001000  loss: 3.0707 (3.3906)  time: 3.1491  data: 0.9097  max mem: 0
Epoch: [110] Total time: 0:00:59 (3.1492 s / it)
  [  0/150]  eta: 0:01:02    time: 0.4172  data: 0.1283  max mem: 0
  [ 50/150]  eta: 0:00:39    time: 0.3876  data: 0.0991  max mem: 0
  [100/150]  eta: 0:00:19    time: 0.3896  data: 0.1011  max mem: 0
  [149/150]  eta: 0:00:00    time: 0.3918  data: 0.1032  max mem: 0
 Total time: 0:00:59 (0.3942 s / it)
SDR= 1.3237984212239584
Epoch: [111]  [ 0/19]  eta: 0:00:59  lr: 0.001000  loss: 3.3213 (3.3213)  time: 3.1203  data: 0.8521  max mem: 0
Epoch: [111]  [18/19]  eta: 0:00:03  lr: 0.001000  loss: 3.7308 (3.3935)  time: 3.1378  data: 0.8986  max mem: 0
Epoch: [111] Total time: 0:00:59 (3.1379 s / it)
  [  0/150]  eta: 0:01:02    time: 0.4162  data: 0.1275  max mem: 0
  [ 50/150]  eta: 0:00:39    time: 0.3886  data: 0.1000  max mem: 0
  [100/150]  eta: 0:00:19    time: 0.3964  data: 0.1078  max mem: 0
  [149/150]  eta: 0:00:00    time: 0.3893  data: 0.1007  max mem: 0
 Total time: 0:00:59 (0.3946 s / it)
SDR= 1.3604930623372395
Epoch: [112]  [ 0/19]  eta: 0:00:59  lr: 0.001000  loss: 2.7556 (2.7556)  time: 3.1136  data: 0.8465  max mem: 0
Epoch: [112]  [18/19]  eta: 0:00:03  lr: 0.001000  loss: 3.7487 (3.3594)  time: 3.1450  data: 0.9060  max mem: 0
Epoch: [112] Total time: 0:00:59 (3.1451 s / it)
  [  0/150]  eta: 0:01:02    time: 0.4174  data: 0.1286  max mem: 0
  [ 50/150]  eta: 0:00:39    time: 0.3976  data: 0.1088  max mem: 0
  [100/150]  eta: 0:00:19    time: 0.3951  data: 0.1065  max mem: 0
  [149/150]  eta: 0:00:00    time: 0.3908  data: 0.1021  max mem: 0
 Total time: 0:00:59 (0.3962 s / it)
SDR= 1.3272659301757812
Epoch: [113]  [ 0/19]  eta: 0:00:59  lr: 0.001000  loss: 2.9911 (2.9911)  time: 3.1148  data: 0.8470  max mem: 0
Epoch: [113]  [18/19]  eta: 0:00:03  lr: 0.001000  loss: 2.6211 (3.2349)  time: 3.1138  data: 0.8749  max mem: 0
Epoch: [113] Total time: 0:00:59 (3.1139 s / it)
  [  0/150]  eta: 0:01:02    time: 0.4136  data: 0.1251  max mem: 0
  [ 50/150]  eta: 0:00:39    time: 0.3970  data: 0.1083  max mem: 0
  [100/150]  eta: 0:00:19    time: 0.3904  data: 0.1018  max mem: 0
  [149/150]  eta: 0:00:00    time: 0.4017  data: 0.1130  max mem: 0
 Total time: 0:00:59 (0.3985 s / it)
SDR= 1.3282007853190103
Epoch: [114]  [ 0/19]  eta: 0:01:01  lr: 0.001000  loss: 3.3538 (3.3538)  time: 3.2534  data: 0.9854  max mem: 0
Epoch: [114]  [18/19]  eta: 0:00:03  lr: 0.001000  loss: 3.3579 (3.2938)  time: 3.1663  data: 0.9273  max mem: 0
Epoch: [114] Total time: 0:01:00 (3.1664 s / it)
  [  0/150]  eta: 0:01:06    time: 0.4452  data: 0.1564  max mem: 0
  [ 50/150]  eta: 0:00:39    time: 0.3909  data: 0.1023  max mem: 0
  [100/150]  eta: 0:00:19    time: 0.4047  data: 0.1161  max mem: 0
  [149/150]  eta: 0:00:00    time: 0.3964  data: 0.1076  max mem: 0
 Total time: 0:00:59 (0.3988 s / it)
SDR= 1.332261250813802
Epoch: [115]  [ 0/19]  eta: 0:00:59  lr: 0.001000  loss: 3.4410 (3.4410)  time: 3.1215  data: 0.8530  max mem: 0
Epoch: [115]  [18/19]  eta: 0:00:03  lr: 0.001000  loss: 2.7938 (3.1381)  time: 3.2000  data: 0.9593  max mem: 0
Epoch: [115] Total time: 0:01:00 (3.2002 s / it)
  [  0/150]  eta: 0:01:06    time: 0.4458  data: 0.1536  max mem: 0
  [ 50/150]  eta: 0:00:41    time: 0.4028  data: 0.1139  max mem: 0
  [100/150]  eta: 0:00:20    time: 0.4138  data: 0.1250  max mem: 0
  [149/150]  eta: 0:00:00    time: 0.3976  data: 0.1086  max mem: 0
 Total time: 0:01:00 (0.4051 s / it)
SDR= 1.3526880900065104
Epoch: [116]  [ 0/19]  eta: 0:00:59  lr: 0.001000  loss: 2.8817 (2.8817)  time: 3.1344  data: 0.8649  max mem: 0
Epoch: [116]  [18/19]  eta: 0:00:03  lr: 0.001000  loss: 3.2139 (2.9758)  time: 3.1625  data: 0.9220  max mem: 0
Epoch: [116] Total time: 0:01:00 (3.1626 s / it)
  [  0/150]  eta: 0:00:59    time: 0.3969  data: 0.1082  max mem: 0
  [ 50/150]  eta: 0:00:40    time: 0.4087  data: 0.1199  max mem: 0
  [100/150]  eta: 0:00:20    time: 0.4007  data: 0.1120  max mem: 0
  [149/150]  eta: 0:00:00    time: 0.3911  data: 0.1025  max mem: 0
 Total time: 0:01:00 (0.4018 s / it)
SDR= 1.3349037679036457
Epoch: [117]  [ 0/19]  eta: 0:01:01  lr: 0.001000  loss: 3.3259 (3.3259)  time: 3.2257  data: 0.9575  max mem: 0
Epoch: [117]  [18/19]  eta: 0:00:03  lr: 0.001000  loss: 3.0498 (2.9245)  time: 3.1730  data: 0.9329  max mem: 0
Epoch: [117] Total time: 0:01:00 (3.1732 s / it)
  [  0/150]  eta: 0:01:02    time: 0.4172  data: 0.1285  max mem: 0
  [ 50/150]  eta: 0:00:39    time: 0.3897  data: 0.1011  max mem: 0
  [100/150]  eta: 0:00:19    time: 0.3946  data: 0.1060  max mem: 0
  [149/150]  eta: 0:00:00    time: 0.4041  data: 0.1155  max mem: 0
 Total time: 0:00:59 (0.3961 s / it)
SDR= 1.3379514567057291
Epoch: [118]  [ 0/19]  eta: 0:01:01  lr: 0.001000  loss: 2.8692 (2.8692)  time: 3.2408  data: 0.9727  max mem: 0
Epoch: [118]  [18/19]  eta: 0:00:03  lr: 0.001000  loss: 2.9048 (2.7284)  time: 3.1684  data: 0.9286  max mem: 0
Epoch: [118] Total time: 0:01:00 (3.1685 s / it)
  [  0/150]  eta: 0:01:02    time: 0.4158  data: 0.1267  max mem: 0
  [ 50/150]  eta: 0:00:40    time: 0.4072  data: 0.1185  max mem: 0
  [100/150]  eta: 0:00:20    time: 0.3999  data: 0.1113  max mem: 0
  [149/150]  eta: 0:00:00    time: 0.3909  data: 0.1023  max mem: 0
 Total time: 0:00:59 (0.3986 s / it)
SDR= 1.3421871948242188
Epoch: [119]  [ 0/19]  eta: 0:01:01  lr: 0.001000  loss: 2.1851 (2.1851)  time: 3.2201  data: 0.9516  max mem: 0
Epoch: [119]  [18/19]  eta: 0:00:03  lr: 0.001000  loss: 2.6734 (2.6340)  time: 3.1937  data: 0.9544  max mem: 0
Epoch: [119] Total time: 0:01:00 (3.1938 s / it)
  [  0/150]  eta: 0:00:59    time: 0.3981  data: 0.1096  max mem: 0
  [ 50/150]  eta: 0:00:40    time: 0.4087  data: 0.1200  max mem: 0
  [100/150]  eta: 0:00:20    time: 0.4046  data: 0.1159  max mem: 0
  [149/150]  eta: 0:00:00    time: 0.4228  data: 0.1339  max mem: 0
 Total time: 0:01:01 (0.4080 s / it)
SDR= 1.3230091349283855
Epoch: [120]  [ 0/19]  eta: 0:01:00  lr: 0.001000  loss: 2.4286 (2.4286)  time: 3.2040  data: 0.9347  max mem: 0
Epoch: [120]  [18/19]  eta: 0:00:03  lr: 0.001000  loss: 2.4209 (2.4877)  time: 3.1673  data: 0.9276  max mem: 0
Epoch: [120] Total time: 0:01:00 (3.1674 s / it)
  [  0/150]  eta: 0:01:11    time: 0.4759  data: 0.1865  max mem: 0
  [ 50/150]  eta: 0:00:39    time: 0.3905  data: 0.1019  max mem: 0
  [100/150]  eta: 0:00:19    time: 0.3972  data: 0.1086  max mem: 0
  [149/150]  eta: 0:00:00    time: 0.4020  data: 0.1132  max mem: 0
 Total time: 0:00:59 (0.3980 s / it)
SDR= 1.3195674641927084
Epoch: [121]  [ 0/19]  eta: 0:00:59  lr: 0.001000  loss: 2.2466 (2.2466)  time: 3.1115  data: 0.8430  max mem: 0
Epoch: [121]  [18/19]  eta: 0:00:03  lr: 0.001000  loss: 2.2057 (2.1643)  time: 3.1426  data: 0.9036  max mem: 0
Epoch: [121] Total time: 0:00:59 (3.1427 s / it)
  [  0/150]  eta: 0:01:00    time: 0.4013  data: 0.1127  max mem: 0
  [ 50/150]  eta: 0:00:39    time: 0.4035  data: 0.1149  max mem: 0
  [100/150]  eta: 0:00:19    time: 0.3864  data: 0.0979  max mem: 0
  [149/150]  eta: 0:00:00    time: 0.3988  data: 0.1102  max mem: 0
 Total time: 0:00:58 (0.3923 s / it)
SDR= 1.331270751953125
Epoch: [122]  [ 0/19]  eta: 0:00:58  lr: 0.001000  loss: 1.6080 (1.6080)  time: 3.0796  data: 0.8126  max mem: 0
Epoch: [122]  [18/19]  eta: 0:00:03  lr: 0.001000  loss: 1.9202 (2.0729)  time: 3.0766  data: 0.8380  max mem: 0
Epoch: [122] Total time: 0:00:58 (3.0767 s / it)
  [  0/150]  eta: 0:00:59    time: 0.3990  data: 0.1101  max mem: 0
  [ 50/150]  eta: 0:00:39    time: 0.4002  data: 0.1117  max mem: 0
  [100/150]  eta: 0:00:19    time: 0.3915  data: 0.1030  max mem: 0
  [149/150]  eta: 0:00:00    time: 0.3920  data: 0.1034  max mem: 0
 Total time: 0:00:58 (0.3913 s / it)
SDR= 1.3326127115885418
Epoch: [123]  [ 0/19]  eta: 0:01:00  lr: 0.001000  loss: 2.3360 (2.3360)  time: 3.1880  data: 0.9213  max mem: 0
Epoch: [123]  [18/19]  eta: 0:00:03  lr: 0.001000  loss: 2.3884 (2.1379)  time: 3.0999  data: 0.8615  max mem: 0
Epoch: [123] Total time: 0:00:58 (3.1000 s / it)
  [  0/150]  eta: 0:00:59    time: 0.3978  data: 0.1094  max mem: 0
  [ 50/150]  eta: 0:00:39    time: 0.3877  data: 0.0992  max mem: 0
  [100/150]  eta: 0:00:19    time: 0.3876  data: 0.0990  max mem: 0
  [149/150]  eta: 0:00:00    time: 0.3933  data: 0.1046  max mem: 0
 Total time: 0:00:58 (0.3903 s / it)
SDR= 1.3222662353515624
Epoch: [124]  [ 0/19]  eta: 0:00:58  lr: 0.001000  loss: 2.2199 (2.2199)  time: 3.0999  data: 0.8320  max mem: 0
Epoch: [124]  [18/19]  eta: 0:00:03  lr: 0.001000  loss: 1.9468 (2.1199)  time: 3.1034  data: 0.8645  max mem: 0
Epoch: [124] Total time: 0:00:58 (3.1035 s / it)
  [  0/150]  eta: 0:00:59    time: 0.3963  data: 0.1077  max mem: 0
  [ 50/150]  eta: 0:00:38    time: 0.3867  data: 0.0982  max mem: 0
  [100/150]  eta: 0:00:19    time: 0.3866  data: 0.0981  max mem: 0
  [149/150]  eta: 0:00:00    time: 0.3971  data: 0.1085  max mem: 0
 Total time: 0:00:58 (0.3904 s / it)
SDR= 1.3195418294270833
Epoch: [125]  [ 0/19]  eta: 0:00:59  lr: 0.001000  loss: 2.1421 (2.1421)  time: 3.1202  data: 0.8530  max mem: 0
Epoch: [125]  [18/19]  eta: 0:00:03  lr: 0.001000  loss: 1.8455 (2.0051)  time: 3.1076  data: 0.8687  max mem: 0
Epoch: [125] Total time: 0:00:59 (3.1077 s / it)
  [  0/150]  eta: 0:00:59    time: 0.3981  data: 0.1097  max mem: 0
  [ 50/150]  eta: 0:00:39    time: 0.3908  data: 0.1023  max mem: 0
  [100/150]  eta: 0:00:19    time: 0.3905  data: 0.1020  max mem: 0
  [149/150]  eta: 0:00:00    time: 0.3866  data: 0.0981  max mem: 0
 Total time: 0:00:58 (0.3932 s / it)
SDR= 1.2922542317708334
Epoch: [126]  [ 0/19]  eta: 0:00:58  lr: 0.001000  loss: 2.0174 (2.0174)  time: 3.1043  data: 0.8363  max mem: 0
Epoch: [126]  [18/19]  eta: 0:00:03  lr: 0.001000  loss: 1.7656 (1.9393)  time: 3.1336  data: 0.8946  max mem: 0
Epoch: [126] Total time: 0:00:59 (3.1337 s / it)
  [  0/150]  eta: 0:01:02    time: 0.4167  data: 0.1279  max mem: 0
  [ 50/150]  eta: 0:00:39    time: 0.3887  data: 0.1002  max mem: 0
  [100/150]  eta: 0:00:19    time: 0.3861  data: 0.0976  max mem: 0
  [149/150]  eta: 0:00:00    time: 0.3878  data: 0.0993  max mem: 0
 Total time: 0:00:58 (0.3904 s / it)
SDR= 1.3558078002929688
Epoch: [127]  [ 0/19]  eta: 0:00:58  lr: 0.001000  loss: 2.0285 (2.0285)  time: 3.0990  data: 0.8314  max mem: 0
Epoch: [127]  [18/19]  eta: 0:00:03  lr: 0.001000  loss: 2.0791 (2.0097)  time: 3.1008  data: 0.8621  max mem: 0
Epoch: [127] Total time: 0:00:58 (3.1009 s / it)
  [  0/150]  eta: 0:01:02    time: 0.4181  data: 0.1294  max mem: 0
  [ 50/150]  eta: 0:00:39    time: 0.3910  data: 0.1025  max mem: 0
  [100/150]  eta: 0:00:19    time: 0.3876  data: 0.0991  max mem: 0
  [149/150]  eta: 0:00:00    time: 0.4052  data: 0.1165  max mem: 0
 Total time: 0:00:59 (0.3938 s / it)
SDR= 1.3579277547200521
Epoch: [128]  [ 0/19]  eta: 0:01:00  lr: 0.001000  loss: 1.8909 (1.8909)  time: 3.1675  data: 0.8967  max mem: 0
Epoch: [128]  [18/19]  eta: 0:00:03  lr: 0.001000  loss: 2.2218 (2.0320)  time: 3.0738  data: 0.8347  max mem: 0
Epoch: [128] Total time: 0:00:58 (3.0739 s / it)
  [  0/150]  eta: 0:01:02    time: 0.4155  data: 0.1264  max mem: 0
  [ 50/150]  eta: 0:00:39    time: 0.3987  data: 0.1102  max mem: 0
  [100/150]  eta: 0:00:19    time: 0.3897  data: 0.1011  max mem: 0
  [149/150]  eta: 0:00:00    time: 0.3974  data: 0.1088  max mem: 0
 Total time: 0:00:59 (0.3968 s / it)
SDR= 1.3143038940429688
Epoch: [129]  [ 0/19]  eta: 0:01:00  lr: 0.001000  loss: 1.8388 (1.8388)  time: 3.2082  data: 0.9406  max mem: 0
Epoch: [129]  [18/19]  eta: 0:00:03  lr: 0.001000  loss: 2.0468 (1.9106)  time: 3.1204  data: 0.8816  max mem: 0
Epoch: [129] Total time: 0:00:59 (3.1205 s / it)
  [  0/150]  eta: 0:01:00    time: 0.4002  data: 0.1113  max mem: 0
  [ 50/150]  eta: 0:00:39    time: 0.3894  data: 0.1009  max mem: 0
  [100/150]  eta: 0:00:19    time: 0.4024  data: 0.1138  max mem: 0
  [149/150]  eta: 0:00:00    time: 0.3948  data: 0.1062  max mem: 0
 Total time: 0:00:59 (0.3976 s / it)
SDR= 1.3290931193033855
Epoch: [130]  [ 0/19]  eta: 0:01:01  lr: 0.001000  loss: 1.3978 (1.3978)  time: 3.2409  data: 0.9729  max mem: 0
Epoch: [130]  [18/19]  eta: 0:00:03  lr: 0.001000  loss: 1.7504 (1.7697)  time: 3.1312  data: 0.8924  max mem: 0
Epoch: [130] Total time: 0:00:59 (3.1313 s / it)
  [  0/150]  eta: 0:01:14    time: 0.4959  data: 0.2071  max mem: 0
  [ 50/150]  eta: 0:00:39    time: 0.3958  data: 0.1071  max mem: 0
  [100/150]  eta: 0:00:19    time: 0.3877  data: 0.0990  max mem: 0
  [149/150]  eta: 0:00:00    time: 0.3881  data: 0.0994  max mem: 0
 Total time: 0:00:59 (0.3940 s / it)
SDR= 1.319811503092448
Epoch: [131]  [ 0/19]  eta: 0:00:59  lr: 0.001000  loss: 1.5311 (1.5311)  time: 3.1357  data: 0.8672  max mem: 0
Epoch: [131]  [18/19]  eta: 0:00:03  lr: 0.001000  loss: 1.6175 (1.7256)  time: 3.1731  data: 0.9344  max mem: 0
Epoch: [131] Total time: 0:01:00 (3.1732 s / it)
  [  0/150]  eta: 0:00:59    time: 0.3987  data: 0.1101  max mem: 0
  [ 50/150]  eta: 0:00:39    time: 0.3878  data: 0.0993  max mem: 0
  [100/150]  eta: 0:00:19    time: 0.3880  data: 0.0994  max mem: 0
  [149/150]  eta: 0:00:00    time: 0.4095  data: 0.1208  max mem: 0
 Total time: 0:00:59 (0.3954 s / it)
SDR= 1.349584452311198
Epoch: [132]  [ 0/19]  eta: 0:01:01  lr: 0.001000  loss: 1.4508 (1.4508)  time: 3.2382  data: 0.9706  max mem: 0
Epoch: [132]  [18/19]  eta: 0:00:03  lr: 0.001000  loss: 1.3599 (1.5804)  time: 3.1242  data: 0.8852  max mem: 0
Epoch: [132] Total time: 0:00:59 (3.1243 s / it)
  [  0/150]  eta: 0:00:59    time: 0.3989  data: 0.1103  max mem: 0
  [ 50/150]  eta: 0:00:39    time: 0.3918  data: 0.1032  max mem: 0
  [100/150]  eta: 0:00:19    time: 0.4055  data: 0.1169  max mem: 0
  [149/150]  eta: 0:00:00    time: 0.4028  data: 0.1140  max mem: 0
 Total time: 0:00:59 (0.3998 s / it)
SDR= 1.3109085083007812
Epoch: [133]  [ 0/19]  eta: 0:00:58  lr: 0.001000  loss: 1.3964 (1.3964)  time: 3.0954  data: 0.8283  max mem: 0
Epoch: [133]  [18/19]  eta: 0:00:03  lr: 0.001000  loss: 1.5962 (1.5270)  time: 3.1572  data: 0.9177  max mem: 0
Epoch: [133] Total time: 0:00:59 (3.1573 s / it)
  [  0/150]  eta: 0:01:03    time: 0.4210  data: 0.1322  max mem: 0
  [ 50/150]  eta: 0:00:39    time: 0.3943  data: 0.1057  max mem: 0
  [100/150]  eta: 0:00:19    time: 0.4064  data: 0.1178  max mem: 0
  [149/150]  eta: 0:00:00    time: 0.4008  data: 0.1120  max mem: 0
 Total time: 0:00:59 (0.3974 s / it)
SDR= 1.304801228841146
Epoch: [134]  [ 0/19]  eta: 0:01:01  lr: 0.001000  loss: 1.4426 (1.4426)  time: 3.2316  data: 0.9634  max mem: 0
Epoch: [134]  [18/19]  eta: 0:00:03  lr: 0.001000  loss: 1.7213 (1.5439)  time: 3.1633  data: 0.9241  max mem: 0
Epoch: [134] Total time: 0:01:00 (3.1634 s / it)
  [  0/150]  eta: 0:00:59    time: 0.3991  data: 0.1104  max mem: 0
  [ 50/150]  eta: 0:00:39    time: 0.3881  data: 0.0995  max mem: 0
  [100/150]  eta: 0:00:19    time: 0.3893  data: 0.1007  max mem: 0
  [149/150]  eta: 0:00:00    time: 0.4046  data: 0.1160  max mem: 0
 Total time: 0:00:59 (0.3973 s / it)
SDR= 1.3279170735677084
Epoch: [135]  [ 0/19]  eta: 0:00:59  lr: 0.001000  loss: 1.2964 (1.2964)  time: 3.1065  data: 0.8389  max mem: 0
Epoch: [135]  [18/19]  eta: 0:00:03  lr: 0.001000  loss: 2.0231 (1.6421)  time: 3.1437  data: 0.9050  max mem: 0
Epoch: [135] Total time: 0:00:59 (3.1438 s / it)
  [  0/150]  eta: 0:01:00    time: 0.4018  data: 0.1127  max mem: 0
  [ 50/150]  eta: 0:00:40    time: 0.3995  data: 0.1108  max mem: 0
  [100/150]  eta: 0:00:19    time: 0.3903  data: 0.1017  max mem: 0
  [149/150]  eta: 0:00:00    time: 0.4055  data: 0.1169  max mem: 0
 Total time: 0:00:59 (0.3999 s / it)
SDR= 1.316025390625
Epoch: [136]  [ 0/19]  eta: 0:00:58  lr: 0.001000  loss: 1.6309 (1.6309)  time: 3.1010  data: 0.8336  max mem: 0
Epoch: [136]  [18/19]  eta: 0:00:03  lr: 0.001000  loss: 1.6970 (1.6978)  time: 3.1598  data: 0.9207  max mem: 0
Epoch: [136] Total time: 0:01:00 (3.1599 s / it)
  [  0/150]  eta: 0:01:06    time: 0.4414  data: 0.1526  max mem: 0
  [ 50/150]  eta: 0:00:39    time: 0.3878  data: 0.0992  max mem: 0
  [100/150]  eta: 0:00:19    time: 0.3877  data: 0.0991  max mem: 0
  [149/150]  eta: 0:00:00    time: 0.3936  data: 0.1050  max mem: 0
 Total time: 0:00:58 (0.3914 s / it)
SDR= 1.3092448933919272
Epoch: [137]  [ 0/19]  eta: 0:01:04  lr: 0.001000  loss: 1.4690 (1.4690)  time: 3.4187  data: 1.1509  max mem: 0
Epoch: [137]  [18/19]  eta: 0:00:03  lr: 0.001000  loss: 2.0063 (1.6832)  time: 3.1554  data: 0.9167  max mem: 0
Epoch: [137] Total time: 0:00:59 (3.1555 s / it)
  [  0/150]  eta: 0:01:00    time: 0.4003  data: 0.1116  max mem: 0
  [ 50/150]  eta: 0:00:39    time: 0.3970  data: 0.1084  max mem: 0
  [100/150]  eta: 0:00:19    time: 0.3878  data: 0.0992  max mem: 0
  [149/150]  eta: 0:00:00    time: 0.4095  data: 0.1207  max mem: 0
 Total time: 0:00:59 (0.3957 s / it)
SDR= 1.3321288045247395
Epoch: [138]  [ 0/19]  eta: 0:01:02  lr: 0.001000  loss: 1.6881 (1.6881)  time: 3.2695  data: 1.0018  max mem: 0
Epoch: [138]  [18/19]  eta: 0:00:03  lr: 0.001000  loss: 1.6519 (1.6611)  time: 3.1397  data: 0.9009  max mem: 0
Epoch: [138] Total time: 0:00:59 (3.1398 s / it)
  [  0/150]  eta: 0:00:59    time: 0.3986  data: 0.1099  max mem: 0
  [ 50/150]  eta: 0:00:38    time: 0.3884  data: 0.0997  max mem: 0
  [100/150]  eta: 0:00:19    time: 0.3880  data: 0.0994  max mem: 0
  [149/150]  eta: 0:00:00    time: 0.3870  data: 0.0983  max mem: 0
 Total time: 0:00:58 (0.3884 s / it)
SDR= 1.3226755777994792
Epoch: [139]  [ 0/19]  eta: 0:01:02  lr: 0.001000  loss: 1.3482 (1.3482)  time: 3.2694  data: 1.0020  max mem: 0
Epoch: [139]  [18/19]  eta: 0:00:03  lr: 0.001000  loss: 1.9482 (1.6989)  time: 3.1476  data: 0.9086  max mem: 0
Epoch: [139] Total time: 0:00:59 (3.1477 s / it)
  [  0/150]  eta: 0:01:00    time: 0.4024  data: 0.1137  max mem: 0
  [ 50/150]  eta: 0:00:38    time: 0.3871  data: 0.0984  max mem: 0
  [100/150]  eta: 0:00:19    time: 0.4087  data: 0.1199  max mem: 0
  [149/150]  eta: 0:00:00    time: 0.3966  data: 0.1079  max mem: 0
 Total time: 0:00:59 (0.3959 s / it)
SDR= 1.3228174845377605
Epoch: [140]  [ 0/19]  eta: 0:00:59  lr: 0.001000  loss: 2.0660 (2.0660)  time: 3.1074  data: 0.8402  max mem: 0
Epoch: [140]  [18/19]  eta: 0:00:03  lr: 0.001000  loss: 1.7782 (1.8825)  time: 3.1266  data: 0.8880  max mem: 0
Epoch: [140] Total time: 0:00:59 (3.1267 s / it)
  [  0/150]  eta: 0:01:02    time: 0.4180  data: 0.1291  max mem: 0
  [ 50/150]  eta: 0:00:38    time: 0.3872  data: 0.0986  max mem: 0
  [100/150]  eta: 0:00:19    time: 0.3853  data: 0.0968  max mem: 0
  [149/150]  eta: 0:00:00    time: 0.3952  data: 0.1065  max mem: 0
 Total time: 0:00:58 (0.3883 s / it)
SDR= 1.3170252482096354
Epoch: [141]  [ 0/19]  eta: 0:00:59  lr: 0.001000  loss: 1.7115 (1.7115)  time: 3.1431  data: 0.8754  max mem: 0
Epoch: [141]  [18/19]  eta: 0:00:03  lr: 0.001000  loss: 2.0666 (2.0384)  time: 3.1613  data: 0.9225  max mem: 0
Epoch: [141] Total time: 0:01:00 (3.1614 s / it)
  [  0/150]  eta: 0:01:05    time: 0.4349  data: 0.1460  max mem: 0
  [ 50/150]  eta: 0:00:39    time: 0.3925  data: 0.1038  max mem: 0
  [100/150]  eta: 0:00:19    time: 0.3963  data: 0.1076  max mem: 0
  [149/150]  eta: 0:00:00    time: 0.3882  data: 0.0995  max mem: 0
 Total time: 0:00:58 (0.3918 s / it)
SDR= 1.3334688313802083
Epoch: [142]  [ 0/19]  eta: 0:00:59  lr: 0.001000  loss: 2.1624 (2.1624)  time: 3.1062  data: 0.8391  max mem: 0
Epoch: [142]  [18/19]  eta: 0:00:03  lr: 0.001000  loss: 1.8980 (2.1721)  time: 3.1201  data: 0.8817  max mem: 0
Epoch: [142] Total time: 0:00:59 (3.1202 s / it)
  [  0/150]  eta: 0:01:00    time: 0.4008  data: 0.1121  max mem: 0
  [ 50/150]  eta: 0:00:39    time: 0.3973  data: 0.1087  max mem: 0
  [100/150]  eta: 0:00:19    time: 0.3943  data: 0.1056  max mem: 0
  [149/150]  eta: 0:00:00    time: 0.3878  data: 0.0990  max mem: 0
 Total time: 0:00:59 (0.3962 s / it)
SDR= 1.3316317749023439
Epoch: [143]  [ 0/19]  eta: 0:00:59  lr: 0.001000  loss: 2.2658 (2.2658)  time: 3.1116  data: 0.8445  max mem: 0
Epoch: [143]  [18/19]  eta: 0:00:03  lr: 0.001000  loss: 2.1875 (2.2489)  time: 3.0878  data: 0.8494  max mem: 0
Epoch: [143] Total time: 0:00:58 (3.0879 s / it)
  [  0/150]  eta: 0:01:02    time: 0.4168  data: 0.1281  max mem: 0
  [ 50/150]  eta: 0:00:39    time: 0.3897  data: 0.1011  max mem: 0
  [100/150]  eta: 0:00:19    time: 0.3919  data: 0.1032  max mem: 0
  [149/150]  eta: 0:00:00    time: 0.3934  data: 0.1047  max mem: 0
 Total time: 0:00:59 (0.3937 s / it)
SDR= 1.3263906860351562
Epoch: [144]  [ 0/19]  eta: 0:01:01  lr: 0.001000  loss: 1.8493 (1.8493)  time: 3.2390  data: 0.9715  max mem: 0
Epoch: [144]  [18/19]  eta: 0:00:03  lr: 0.001000  loss: 2.4419 (2.2860)  time: 3.1388  data: 0.9001  max mem: 0
Epoch: [144] Total time: 0:00:59 (3.1389 s / it)
  [  0/150]  eta: 0:01:00    time: 0.4002  data: 0.1115  max mem: 0
  [ 50/150]  eta: 0:00:39    time: 0.3976  data: 0.1089  max mem: 0
  [100/150]  eta: 0:00:19    time: 0.3882  data: 0.0996  max mem: 0
  [149/150]  eta: 0:00:00    time: 0.4029  data: 0.1142  max mem: 0
 Total time: 0:00:59 (0.3938 s / it)
SDR= 1.3099265543619791
Epoch: [145]  [ 0/19]  eta: 0:00:59  lr: 0.001000  loss: 2.6474 (2.6474)  time: 3.1128  data: 0.8459  max mem: 0
Epoch: [145]  [18/19]  eta: 0:00:03  lr: 0.001000  loss: 2.4994 (2.4353)  time: 3.1667  data: 0.9280  max mem: 0
Epoch: [145] Total time: 0:01:00 (3.1668 s / it)
  [  0/150]  eta: 0:01:02    time: 0.4181  data: 0.1291  max mem: 0
  [ 50/150]  eta: 0:00:39    time: 0.3968  data: 0.1082  max mem: 0
  [100/150]  eta: 0:00:19    time: 0.4038  data: 0.1151  max mem: 0
  [149/150]  eta: 0:00:00    time: 0.3925  data: 0.1038  max mem: 0
 Total time: 0:00:59 (0.3964 s / it)
SDR= 1.3169420369466145
Epoch: [146]  [ 0/19]  eta: 0:00:59  lr: 0.001000  loss: 1.9279 (1.9279)  time: 3.1147  data: 0.8473  max mem: 0
Epoch: [146]  [18/19]  eta: 0:00:03  lr: 0.001000  loss: 2.7239 (2.4681)  time: 3.1265  data: 0.8881  max mem: 0
Epoch: [146] Total time: 0:00:59 (3.1267 s / it)
  [  0/150]  eta: 0:01:04    time: 0.4296  data: 0.1405  max mem: 0
  [ 50/150]  eta: 0:00:40    time: 0.4117  data: 0.1228  max mem: 0
  [100/150]  eta: 0:00:20    time: 0.4116  data: 0.1226  max mem: 0
  [149/150]  eta: 0:00:00    time: 0.4043  data: 0.1155  max mem: 0
 Total time: 0:01:00 (0.4024 s / it)
SDR= 1.3142041015625
Epoch: [147]  [ 0/19]  eta: 0:01:02  lr: 0.001000  loss: 2.8787 (2.8787)  time: 3.2650  data: 0.9955  max mem: 0
Epoch: [147]  [18/19]  eta: 0:00:03  lr: 0.001000  loss: 2.7989 (2.7292)  time: 3.1824  data: 0.9419  max mem: 0
Epoch: [147] Total time: 0:01:00 (3.1825 s / it)
  [  0/150]  eta: 0:01:00    time: 0.4003  data: 0.1115  max mem: 0
  [ 50/150]  eta: 0:00:39    time: 0.4069  data: 0.1183  max mem: 0
  [100/150]  eta: 0:00:19    time: 0.3988  data: 0.1102  max mem: 0
  [149/150]  eta: 0:00:00    time: 0.3973  data: 0.1086  max mem: 0
 Total time: 0:00:59 (0.3988 s / it)
SDR= 1.3361388142903645
Epoch: [148]  [ 0/19]  eta: 0:01:00  lr: 0.001000  loss: 2.8598 (2.8598)  time: 3.2057  data: 0.9391  max mem: 0
Epoch: [148]  [18/19]  eta: 0:00:03  lr: 0.001000  loss: 2.6749 (2.9269)  time: 3.1645  data: 0.9249  max mem: 0
Epoch: [148] Total time: 0:01:00 (3.1647 s / it)
  [  0/150]  eta: 0:00:59    time: 0.3979  data: 0.1093  max mem: 0
  [ 50/150]  eta: 0:00:39    time: 0.3945  data: 0.1058  max mem: 0
  [100/150]  eta: 0:00:19    time: 0.4015  data: 0.1129  max mem: 0
  [149/150]  eta: 0:00:00    time: 0.3953  data: 0.1066  max mem: 0
 Total time: 0:00:59 (0.3950 s / it)
SDR= 1.3448047892252604
Epoch: [149]  [ 0/19]  eta: 0:00:59  lr: 0.001000  loss: 2.6580 (2.6580)  time: 3.1214  data: 0.8533  max mem: 0
Epoch: [149]  [18/19]  eta: 0:00:03  lr: 0.001000  loss: 3.5064 (3.0294)  time: 3.1347  data: 0.8960  max mem: 0
Epoch: [149] Total time: 0:00:59 (3.1349 s / it)
  [  0/150]  eta: 0:01:02    time: 0.4162  data: 0.1273  max mem: 0
  [ 50/150]  eta: 0:00:40    time: 0.3971  data: 0.1084  max mem: 0
  [100/150]  eta: 0:00:19    time: 0.4012  data: 0.1125  max mem: 0
  [149/150]  eta: 0:00:00    time: 0.3988  data: 0.1101  max mem: 0
 Total time: 0:00:59 (0.3973 s / it)
SDR= 1.31828125
Epoch: [150]  [ 0/19]  eta: 0:01:00  lr: 0.001000  loss: 3.2654 (3.2654)  time: 3.1590  data: 0.8918  max mem: 0
Epoch: [150]  [18/19]  eta: 0:00:03  lr: 0.001000  loss: 3.0652 (3.3394)  time: 3.1329  data: 0.8944  max mem: 0
Epoch: [150] Total time: 0:00:59 (3.1331 s / it)
  [  0/150]  eta: 0:00:59    time: 0.3998  data: 0.1110  max mem: 0
  [ 50/150]  eta: 0:00:38    time: 0.3884  data: 0.0997  max mem: 0
  [100/150]  eta: 0:00:19    time: 0.4053  data: 0.1166  max mem: 0
  [149/150]  eta: 0:00:00    time: 0.4018  data: 0.1130  max mem: 0
 Total time: 0:00:58 (0.3924 s / it)
SDR= 1.334368387858073
Epoch: [151]  [ 0/19]  eta: 0:01:00  lr: 0.001000  loss: 2.8870 (2.8870)  time: 3.1593  data: 0.8924  max mem: 0
Epoch: [151]  [18/19]  eta: 0:00:03  lr: 0.001000  loss: 3.4118 (3.2875)  time: 3.1440  data: 0.9054  max mem: 0
Epoch: [151] Total time: 0:00:59 (3.1441 s / it)
  [  0/150]  eta: 0:01:00    time: 0.4050  data: 0.1163  max mem: 0
  [ 50/150]  eta: 0:00:38    time: 0.3882  data: 0.0995  max mem: 0
  [100/150]  eta: 0:00:19    time: 0.3938  data: 0.1052  max mem: 0
  [149/150]  eta: 0:00:00    time: 0.3940  data: 0.1054  max mem: 0
 Total time: 0:00:58 (0.3909 s / it)
SDR= 1.3609293619791667
Epoch: [152]  [ 0/19]  eta: 0:01:01  lr: 0.001000  loss: 2.8374 (2.8374)  time: 3.2280  data: 0.9602  max mem: 0
Epoch: [152]  [18/19]  eta: 0:00:03  lr: 0.001000  loss: 3.0436 (3.0602)  time: 3.1848  data: 0.9460  max mem: 0
Epoch: [152] Total time: 0:01:00 (3.1849 s / it)
  [  0/150]  eta: 0:01:00    time: 0.4025  data: 0.1138  max mem: 0
  [ 50/150]  eta: 0:00:39    time: 0.3912  data: 0.1026  max mem: 0
  [100/150]  eta: 0:00:19    time: 0.4100  data: 0.1213  max mem: 0
  [149/150]  eta: 0:00:00    time: 0.3970  data: 0.1083  max mem: 0
 Total time: 0:00:59 (0.3970 s / it)
SDR= 1.3255591837565104
Epoch: [153]  [ 0/19]  eta: 0:01:00  lr: 0.001000  loss: 2.7795 (2.7795)  time: 3.2055  data: 0.9375  max mem: 0
Epoch: [153]  [18/19]  eta: 0:00:03  lr: 0.001000  loss: 2.8843 (2.9496)  time: 3.1169  data: 0.8779  max mem: 0
Epoch: [153] Total time: 0:00:59 (3.1170 s / it)
  [  0/150]  eta: 0:00:59    time: 0.3993  data: 0.1108  max mem: 0
  [ 50/150]  eta: 0:00:40    time: 0.4031  data: 0.1144  max mem: 0
  [100/150]  eta: 0:00:20    time: 0.4052  data: 0.1166  max mem: 0
  [149/150]  eta: 0:00:00    time: 0.3908  data: 0.1021  max mem: 0
 Total time: 0:00:59 (0.3998 s / it)
SDR= 1.3396058146158853
Epoch: [154]  [ 0/19]  eta: 0:00:59  lr: 0.001000  loss: 2.3035 (2.3035)  time: 3.1145  data: 0.8471  max mem: 0
Epoch: [154]  [18/19]  eta: 0:00:03  lr: 0.001000  loss: 2.9401 (2.8653)  time: 3.1097  data: 0.8712  max mem: 0
Epoch: [154] Total time: 0:00:59 (3.1099 s / it)
  [  0/150]  eta: 0:01:05    time: 0.4390  data: 0.1502  max mem: 0
  [ 50/150]  eta: 0:00:40    time: 0.3924  data: 0.1038  max mem: 0
  [100/150]  eta: 0:00:20    time: 0.4097  data: 0.1209  max mem: 0
  [149/150]  eta: 0:00:00    time: 0.3999  data: 0.1113  max mem: 0
 Total time: 0:00:59 (0.3999 s / it)
SDR= 1.3231863403320312
Epoch: [155]  [ 0/19]  eta: 0:00:58  lr: 0.001000  loss: 2.9620 (2.9620)  time: 3.1010  data: 0.8331  max mem: 0
Epoch: [155]  [18/19]  eta: 0:00:03  lr: 0.001000  loss: 2.5961 (2.8938)  time: 3.1200  data: 0.8813  max mem: 0
Epoch: [155] Total time: 0:00:59 (3.1201 s / it)
  [  0/150]  eta: 0:01:02    time: 0.4144  data: 0.1255  max mem: 0
  [ 50/150]  eta: 0:00:39    time: 0.3884  data: 0.0997  max mem: 0
  [100/150]  eta: 0:00:19    time: 0.3896  data: 0.1010  max mem: 0
  [149/150]  eta: 0:00:00    time: 0.3950  data: 0.1064  max mem: 0
 Total time: 0:00:58 (0.3921 s / it)
SDR= 1.3532369995117188
Epoch: [156]  [ 0/19]  eta: 0:01:00  lr: 0.001000  loss: 2.8176 (2.8176)  time: 3.1852  data: 0.9180  max mem: 0
Epoch: [156]  [18/19]  eta: 0:00:03  lr: 0.001000  loss: 2.9047 (2.8853)  time: 3.1118  data: 0.8733  max mem: 0
Epoch: [156] Total time: 0:00:59 (3.1119 s / it)
  [  0/150]  eta: 0:00:59    time: 0.3996  data: 0.1110  max mem: 0
  [ 50/150]  eta: 0:00:40    time: 0.3953  data: 0.1067  max mem: 0
  [100/150]  eta: 0:00:19    time: 0.3942  data: 0.1055  max mem: 0
  [149/150]  eta: 0:00:00    time: 0.3921  data: 0.1034  max mem: 0
 Total time: 0:00:59 (0.3952 s / it)
SDR= 1.3442533365885416
Epoch: [157]  [ 0/19]  eta: 0:00:59  lr: 0.001000  loss: 2.9677 (2.9677)  time: 3.1106  data: 0.8412  max mem: 0
Epoch: [157]  [18/19]  eta: 0:00:03  lr: 0.001000  loss: 2.6408 (2.9142)  time: 3.1059  data: 0.8673  max mem: 0
Epoch: [157] Total time: 0:00:59 (3.1060 s / it)
  [  0/150]  eta: 0:00:59    time: 0.3981  data: 0.1095  max mem: 0
  [ 50/150]  eta: 0:00:39    time: 0.3938  data: 0.1052  max mem: 0
  [100/150]  eta: 0:00:19    time: 0.4016  data: 0.1129  max mem: 0
  [149/150]  eta: 0:00:00    time: 0.3962  data: 0.1075  max mem: 0
 Total time: 0:00:59 (0.3956 s / it)
SDR= 1.2923779296875
Epoch: [158]  [ 0/19]  eta: 0:00:58  lr: 0.001000  loss: 2.6851 (2.6851)  time: 3.0969  data: 0.8301  max mem: 0
Epoch: [158]  [18/19]  eta: 0:00:03  lr: 0.001000  loss: 2.7236 (2.7268)  time: 3.1556  data: 0.9169  max mem: 0
Epoch: [158] Total time: 0:00:59 (3.1557 s / it)
  [  0/150]  eta: 0:00:59    time: 0.3974  data: 0.1087  max mem: 0
  [ 50/150]  eta: 0:00:39    time: 0.3888  data: 0.1002  max mem: 0
  [100/150]  eta: 0:00:19    time: 0.3953  data: 0.1065  max mem: 0
  [149/150]  eta: 0:00:00    time: 0.3980  data: 0.1093  max mem: 0
 Total time: 0:00:59 (0.3959 s / it)
SDR= 1.317461954752604
Epoch: [159]  [ 0/19]  eta: 0:01:00  lr: 0.001000  loss: 2.7214 (2.7214)  time: 3.1633  data: 0.8960  max mem: 0
Epoch: [159]  [18/19]  eta: 0:00:03  lr: 0.001000  loss: 2.8119 (2.6888)  time: 3.1132  data: 0.8748  max mem: 0
Epoch: [159] Total time: 0:00:59 (3.1134 s / it)
  [  0/150]  eta: 0:01:04    time: 0.4267  data: 0.1380  max mem: 0
  [ 50/150]  eta: 0:00:39    time: 0.3890  data: 0.1003  max mem: 0
  [100/150]  eta: 0:00:19    time: 0.3965  data: 0.1077  max mem: 0
  [149/150]  eta: 0:00:00    time: 0.3980  data: 0.1092  max mem: 0
 Total time: 0:00:59 (0.3986 s / it)
SDR= 1.3342324829101562
Epoch: [160]  [ 0/19]  eta: 0:01:01  lr: 0.001000  loss: 2.1844 (2.1844)  time: 3.2363  data: 0.9695  max mem: 0
Epoch: [160]  [18/19]  eta: 0:00:03  lr: 0.001000  loss: 2.5830 (2.5788)  time: 3.1484  data: 0.9097  max mem: 0
Epoch: [160] Total time: 0:00:59 (3.1485 s / it)
  [  0/150]  eta: 0:01:02    time: 0.4157  data: 0.1270  max mem: 0
  [ 50/150]  eta: 0:00:39    time: 0.3870  data: 0.0984  max mem: 0
  [100/150]  eta: 0:00:19    time: 0.3955  data: 0.1068  max mem: 0
  [149/150]  eta: 0:00:00    time: 0.4021  data: 0.1133  max mem: 0
 Total time: 0:00:59 (0.3952 s / it)
SDR= 1.3222725423177084
Epoch: [161]  [ 0/19]  eta: 0:00:59  lr: 0.001000  loss: 2.5280 (2.5280)  time: 3.1175  data: 0.8495  max mem: 0
Epoch: [161]  [18/19]  eta: 0:00:03  lr: 0.001000  loss: 2.6410 (2.5717)  time: 3.1535  data: 0.9148  max mem: 0
Epoch: [161] Total time: 0:00:59 (3.1536 s / it)
  [  0/150]  eta: 0:00:59    time: 0.3997  data: 0.1107  max mem: 0
  [ 50/150]  eta: 0:00:38    time: 0.3889  data: 0.1003  max mem: 0
  [100/150]  eta: 0:00:19    time: 0.3976  data: 0.1090  max mem: 0
  [149/150]  eta: 0:00:00    time: 0.3886  data: 0.0999  max mem: 0
 Total time: 0:00:58 (0.3912 s / it)
SDR= 1.355059814453125
Epoch: [162]  [ 0/19]  eta: 0:01:03  lr: 0.001000  loss: 2.1519 (2.1519)  time: 3.3215  data: 1.0540  max mem: 0
Epoch: [162]  [18/19]  eta: 0:00:03  lr: 0.001000  loss: 2.6337 (2.4494)  time: 3.1802  data: 0.9416  max mem: 0
Epoch: [162] Total time: 0:01:00 (3.1803 s / it)
  [  0/150]  eta: 0:00:59    time: 0.3999  data: 0.1112  max mem: 0
  [ 50/150]  eta: 0:00:39    time: 0.4012  data: 0.1125  max mem: 0
  [100/150]  eta: 0:00:19    time: 0.3957  data: 0.1070  max mem: 0
  [149/150]  eta: 0:00:00    time: 0.3883  data: 0.0997  max mem: 0
 Total time: 0:00:59 (0.3951 s / it)
SDR= 1.3235811360677083
Epoch: [163]  [ 0/19]  eta: 0:00:58  lr: 0.001000  loss: 2.3074 (2.3074)  time: 3.0995  data: 0.8319  max mem: 0
Epoch: [163]  [18/19]  eta: 0:00:03  lr: 0.001000  loss: 2.3285 (2.2141)  time: 3.1167  data: 0.8781  max mem: 0
Epoch: [163] Total time: 0:00:59 (3.1168 s / it)
  [  0/150]  eta: 0:01:03    time: 0.4205  data: 0.1317  max mem: 0
  [ 50/150]  eta: 0:00:39    time: 0.3894  data: 0.1007  max mem: 0
  [100/150]  eta: 0:00:19    time: 0.3943  data: 0.1057  max mem: 0
  [149/150]  eta: 0:00:00    time: 0.3943  data: 0.1056  max mem: 0
 Total time: 0:00:58 (0.3933 s / it)
SDR= 1.3318135579427084
Epoch: [164]  [ 0/19]  eta: 0:01:04  lr: 0.001000  loss: 1.7445 (1.7445)  time: 3.4190  data: 1.1515  max mem: 0
Epoch: [164]  [18/19]  eta: 0:00:03  lr: 0.001000  loss: 1.7143 (1.9483)  time: 3.1363  data: 0.8976  max mem: 0
Epoch: [164] Total time: 0:00:59 (3.1364 s / it)
  [  0/150]  eta: 0:00:59    time: 0.3997  data: 0.1109  max mem: 0
  [ 50/150]  eta: 0:00:40    time: 0.4027  data: 0.1140  max mem: 0
  [100/150]  eta: 0:00:19    time: 0.3882  data: 0.0996  max mem: 0
  [149/150]  eta: 0:00:00    time: 0.4036  data: 0.1148  max mem: 0
 Total time: 0:00:59 (0.3990 s / it)
SDR= 1.3448563639322917
Epoch: [165]  [ 0/19]  eta: 0:01:02  lr: 0.001000  loss: 2.0467 (2.0467)  time: 3.2982  data: 1.0304  max mem: 0
Epoch: [165]  [18/19]  eta: 0:00:03  lr: 0.001000  loss: 1.8326 (1.8190)  time: 3.1279  data: 0.8889  max mem: 0
Epoch: [165] Total time: 0:00:59 (3.1281 s / it)
  [  0/150]  eta: 0:00:59    time: 0.3982  data: 0.1095  max mem: 0
  [ 50/150]  eta: 0:00:41    time: 0.3980  data: 0.1094  max mem: 0
  [100/150]  eta: 0:00:20    time: 0.3931  data: 0.1045  max mem: 0
  [149/150]  eta: 0:00:00    time: 0.3944  data: 0.1058  max mem: 0
 Total time: 0:01:00 (0.4003 s / it)
SDR= 1.3092523193359376
Epoch: [166]  [ 0/19]  eta: 0:00:59  lr: 0.001000  loss: 1.4779 (1.4779)  time: 3.1318  data: 0.8639  max mem: 0
Epoch: [166]  [18/19]  eta: 0:00:03  lr: 0.001000  loss: 1.8398 (1.7125)  time: 3.1275  data: 0.8884  max mem: 0
Epoch: [166] Total time: 0:00:59 (3.1277 s / it)
  [  0/150]  eta: 0:00:59    time: 0.3987  data: 0.1099  max mem: 0
  [ 50/150]  eta: 0:00:39    time: 0.4075  data: 0.1187  max mem: 0
  [100/150]  eta: 0:00:19    time: 0.3894  data: 0.1008  max mem: 0
  [149/150]  eta: 0:00:00    time: 0.3869  data: 0.0983  max mem: 0
 Total time: 0:00:59 (0.3951 s / it)
SDR= 1.3217758178710937
Epoch: [167]  [ 0/19]  eta: 0:01:02  lr: 0.001000  loss: 1.5195 (1.5195)  time: 3.2763  data: 1.0079  max mem: 0
Epoch: [167]  [18/19]  eta: 0:00:03  lr: 0.001000  loss: 1.7335 (1.7387)  time: 3.1385  data: 0.8995  max mem: 0
Epoch: [167] Total time: 0:00:59 (3.1386 s / it)
  [  0/150]  eta: 0:00:59    time: 0.3990  data: 0.1100  max mem: 0
  [ 50/150]  eta: 0:00:39    time: 0.4028  data: 0.1141  max mem: 0
  [100/150]  eta: 0:00:19    time: 0.3980  data: 0.1092  max mem: 0
  [149/150]  eta: 0:00:00    time: 0.3897  data: 0.1010  max mem: 0
 Total time: 0:00:59 (0.3937 s / it)
SDR= 1.3280881754557292
Epoch: [168]  [ 0/19]  eta: 0:00:59  lr: 0.001000  loss: 1.9550 (1.9550)  time: 3.1178  data: 0.8501  max mem: 0
Epoch: [168]  [18/19]  eta: 0:00:03  lr: 0.001000  loss: 1.7196 (1.7538)  time: 3.1114  data: 0.8726  max mem: 0
Epoch: [168] Total time: 0:00:59 (3.1115 s / it)
  [  0/150]  eta: 0:00:59    time: 0.3970  data: 0.1085  max mem: 0
  [ 50/150]  eta: 0:00:39    time: 0.3960  data: 0.1072  max mem: 0
  [100/150]  eta: 0:00:19    time: 0.3864  data: 0.0978  max mem: 0
  [149/150]  eta: 0:00:00    time: 0.3885  data: 0.0998  max mem: 0
 Total time: 0:00:58 (0.3921 s / it)
SDR= 1.3105423990885416
Epoch: [169]  [ 0/19]  eta: 0:00:59  lr: 0.001000  loss: 1.4741 (1.4741)  time: 3.1234  data: 0.8565  max mem: 0
Epoch: [169]  [18/19]  eta: 0:00:03  lr: 0.001000  loss: 1.8290 (1.7358)  time: 3.1302  data: 0.8917  max mem: 0
Epoch: [169] Total time: 0:00:59 (3.1303 s / it)
  [  0/150]  eta: 0:01:00    time: 0.4011  data: 0.1122  max mem: 0
  [ 50/150]  eta: 0:00:39    time: 0.3945  data: 0.1058  max mem: 0
  [100/150]  eta: 0:00:19    time: 0.4000  data: 0.1113  max mem: 0
  [149/150]  eta: 0:00:00    time: 0.4021  data: 0.1134  max mem: 0
 Total time: 0:00:59 (0.3993 s / it)
SDR= 1.2906381225585937
Epoch: [170]  [ 0/19]  eta: 0:01:01  lr: 0.000100  loss: 1.7829 (1.7829)  time: 3.2163  data: 0.9489  max mem: 0
Epoch: [170]  [18/19]  eta: 0:00:03  lr: 0.000100  loss: 1.0368 (1.2625)  time: 3.1186  data: 0.8797  max mem: 0
Epoch: [170] Total time: 0:00:59 (3.1187 s / it)
  [  0/150]  eta: 0:00:59    time: 0.3955  data: 0.1070  max mem: 0
  [ 50/150]  eta: 0:00:40    time: 0.3886  data: 0.0999  max mem: 0
  [100/150]  eta: 0:00:19    time: 0.4001  data: 0.1114  max mem: 0
  [149/150]  eta: 0:00:00    time: 0.3955  data: 0.1068  max mem: 0
 Total time: 0:00:59 (0.3972 s / it)
SDR= 1.314705301920573
Epoch: [171]  [ 0/19]  eta: 0:01:00  lr: 0.000100  loss: 0.9981 (0.9981)  time: 3.1644  data: 0.8969  max mem: 0
Epoch: [171]  [18/19]  eta: 0:00:03  lr: 0.000100  loss: 0.8650 (0.8247)  time: 3.1055  data: 0.8668  max mem: 0
Epoch: [171] Total time: 0:00:59 (3.1056 s / it)
  [  0/150]  eta: 0:00:59    time: 0.3990  data: 0.1100  max mem: 0
  [ 50/150]  eta: 0:00:38    time: 0.3878  data: 0.0992  max mem: 0
  [100/150]  eta: 0:00:19    time: 0.3882  data: 0.0996  max mem: 0
  [149/150]  eta: 0:00:00    time: 0.4030  data: 0.1143  max mem: 0
 Total time: 0:00:58 (0.3919 s / it)
SDR= 1.308389892578125
Epoch: [172]  [ 0/19]  eta: 0:01:02  lr: 0.000100  loss: 0.6885 (0.6885)  time: 3.3056  data: 1.0377  max mem: 0
Epoch: [172]  [18/19]  eta: 0:00:03  lr: 0.000100  loss: 0.6282 (0.6705)  time: 3.1467  data: 0.9081  max mem: 0
Epoch: [172] Total time: 0:00:59 (3.1468 s / it)
  [  0/150]  eta: 0:00:59    time: 0.3968  data: 0.1083  max mem: 0
  [ 50/150]  eta: 0:00:40    time: 0.3895  data: 0.1009  max mem: 0
  [100/150]  eta: 0:00:19    time: 0.3922  data: 0.1036  max mem: 0
  [149/150]  eta: 0:00:00    time: 0.3996  data: 0.1109  max mem: 0
 Total time: 0:00:59 (0.3975 s / it)
SDR= 1.2949613444010417
Epoch: [173]  [ 0/19]  eta: 0:00:59  lr: 0.000100  loss: 0.5958 (0.5958)  time: 3.1114  data: 0.8440  max mem: 0
Epoch: [173]  [18/19]  eta: 0:00:03  lr: 0.000100  loss: 0.6105 (0.6005)  time: 3.1585  data: 0.9193  max mem: 0
Epoch: [173] Total time: 0:01:00 (3.1586 s / it)
  [  0/150]  eta: 0:00:59    time: 0.3993  data: 0.1107  max mem: 0
  [ 50/150]  eta: 0:00:39    time: 0.3939  data: 0.1052  max mem: 0
  [100/150]  eta: 0:00:19    time: 0.3974  data: 0.1086  max mem: 0
  [149/150]  eta: 0:00:00    time: 0.3887  data: 0.1000  max mem: 0
 Total time: 0:00:58 (0.3922 s / it)
SDR= 1.3100728352864583
Epoch: [174]  [ 0/19]  eta: 0:01:03  lr: 0.000100  loss: 0.5594 (0.5594)  time: 3.3316  data: 1.0644  max mem: 0
Epoch: [174]  [18/19]  eta: 0:00:03  lr: 0.000100  loss: 0.5628 (0.5552)  time: 3.1096  data: 0.8710  max mem: 0
Epoch: [174] Total time: 0:00:59 (3.1097 s / it)
  [  0/150]  eta: 0:00:59    time: 0.3970  data: 0.1084  max mem: 0
  [ 50/150]  eta: 0:00:39    time: 0.3879  data: 0.0992  max mem: 0
  [100/150]  eta: 0:00:19    time: 0.3875  data: 0.0989  max mem: 0
  [149/150]  eta: 0:00:00    time: 0.4033  data: 0.1145  max mem: 0
 Total time: 0:00:59 (0.3952 s / it)
SDR= 1.3083319091796874
Epoch: [175]  [ 0/19]  eta: 0:01:02  lr: 0.000100  loss: 0.5264 (0.5264)  time: 3.2854  data: 1.0182  max mem: 0
Epoch: [175]  [18/19]  eta: 0:00:03  lr: 0.000100  loss: 0.5366 (0.5219)  time: 3.1189  data: 0.8803  max mem: 0
Epoch: [175] Total time: 0:00:59 (3.1190 s / it)
  [  0/150]  eta: 0:01:03    time: 0.4209  data: 0.1318  max mem: 0
  [ 50/150]  eta: 0:00:39    time: 0.4048  data: 0.1160  max mem: 0
  [100/150]  eta: 0:00:20    time: 0.4037  data: 0.1150  max mem: 0
  [149/150]  eta: 0:00:00    time: 0.3895  data: 0.1008  max mem: 0
 Total time: 0:01:00 (0.4000 s / it)
SDR= 1.3114080810546875
Epoch: [176]  [ 0/19]  eta: 0:00:59  lr: 0.000100  loss: 0.5014 (0.5014)  time: 3.1177  data: 0.8501  max mem: 0
Epoch: [176]  [18/19]  eta: 0:00:03  lr: 0.000100  loss: 0.4799 (0.4933)  time: 3.1211  data: 0.8826  max mem: 0
Epoch: [176] Total time: 0:00:59 (3.1213 s / it)
  [  0/150]  eta: 0:00:59    time: 0.3994  data: 0.1104  max mem: 0
  [ 50/150]  eta: 0:00:39    time: 0.3955  data: 0.1068  max mem: 0
  [100/150]  eta: 0:00:19    time: 0.4025  data: 0.1138  max mem: 0
  [149/150]  eta: 0:00:00    time: 0.3889  data: 0.1002  max mem: 0
 Total time: 0:00:59 (0.3984 s / it)
SDR= 1.309793701171875
Epoch: [177]  [ 0/19]  eta: 0:00:59  lr: 0.000100  loss: 0.4652 (0.4652)  time: 3.1141  data: 0.8466  max mem: 0
Epoch: [177]  [18/19]  eta: 0:00:03  lr: 0.000100  loss: 0.4637 (0.4770)  time: 3.1421  data: 0.9033  max mem: 0
Epoch: [177] Total time: 0:00:59 (3.1422 s / it)
  [  0/150]  eta: 0:01:02    time: 0.4162  data: 0.1272  max mem: 0
  [ 50/150]  eta: 0:00:41    time: 0.4060  data: 0.1172  max mem: 0
  [100/150]  eta: 0:00:20    time: 0.3963  data: 0.1076  max mem: 0
  [149/150]  eta: 0:00:00    time: 0.3880  data: 0.0993  max mem: 0
 Total time: 0:00:59 (0.3998 s / it)
SDR= 1.3119647216796875
Epoch: [178]  [ 0/19]  eta: 0:01:01  lr: 0.000100  loss: 0.5472 (0.5472)  time: 3.2154  data: 0.9487  max mem: 0
Epoch: [178]  [18/19]  eta: 0:00:03  lr: 0.000100  loss: 0.4633 (0.4711)  time: 3.1367  data: 0.8980  max mem: 0
Epoch: [178] Total time: 0:00:59 (3.1368 s / it)
  [  0/150]  eta: 0:01:00    time: 0.4007  data: 0.1120  max mem: 0
  [ 50/150]  eta: 0:00:38    time: 0.3883  data: 0.0996  max mem: 0
  [100/150]  eta: 0:00:19    time: 0.3898  data: 0.1012  max mem: 0
  [149/150]  eta: 0:00:00    time: 0.3987  data: 0.1100  max mem: 0
 Total time: 0:00:58 (0.3930 s / it)
SDR= 1.3105804443359375
Epoch: [179]  [ 0/19]  eta: 0:01:01  lr: 0.000100  loss: 0.4742 (0.4742)  time: 3.2297  data: 0.9625  max mem: 0
Epoch: [179]  [18/19]  eta: 0:00:03  lr: 0.000100  loss: 0.4584 (0.4610)  time: 3.1518  data: 0.9131  max mem: 0
Epoch: [179] Total time: 0:00:59 (3.1520 s / it)
  [  0/150]  eta: 0:01:00    time: 0.4015  data: 0.1122  max mem: 0
  [ 50/150]  eta: 0:00:39    time: 0.3985  data: 0.1099  max mem: 0
  [100/150]  eta: 0:00:19    time: 0.3862  data: 0.0976  max mem: 0
  [149/150]  eta: 0:00:00    time: 0.4025  data: 0.1137  max mem: 0
 Total time: 0:00:58 (0.3927 s / it)
SDR= 1.3100022379557292
Epoch: [180]  [ 0/19]  eta: 0:01:01  lr: 0.000100  loss: 0.4147 (0.4147)  time: 3.2216  data: 0.9549  max mem: 0
Epoch: [180]  [18/19]  eta: 0:00:03  lr: 0.000100  loss: 0.4511 (0.4425)  time: 3.1183  data: 0.8795  max mem: 0
Epoch: [180] Total time: 0:00:59 (3.1184 s / it)
  [  0/150]  eta: 0:00:59    time: 0.3980  data: 0.1094  max mem: 0
  [ 50/150]  eta: 0:00:39    time: 0.3967  data: 0.1080  max mem: 0
  [100/150]  eta: 0:00:19    time: 0.3997  data: 0.1111  max mem: 0
  [149/150]  eta: 0:00:00    time: 0.4016  data: 0.1128  max mem: 0
 Total time: 0:00:59 (0.3966 s / it)
SDR= 1.3096626790364583
Epoch: [181]  [ 0/19]  eta: 0:01:04  lr: 0.000100  loss: 0.3976 (0.3976)  time: 3.3839  data: 1.1163  max mem: 0
Epoch: [181]  [18/19]  eta: 0:00:03  lr: 0.000100  loss: 0.4498 (0.4452)  time: 3.1325  data: 0.8939  max mem: 0
Epoch: [181] Total time: 0:00:59 (3.1326 s / it)
  [  0/150]  eta: 0:01:00    time: 0.4003  data: 0.1105  max mem: 0
  [ 50/150]  eta: 0:00:38    time: 0.3880  data: 0.0994  max mem: 0
  [100/150]  eta: 0:00:19    time: 0.3961  data: 0.1074  max mem: 0
  [149/150]  eta: 0:00:00    time: 0.3984  data: 0.1097  max mem: 0
 Total time: 0:00:58 (0.3914 s / it)
SDR= 1.3112948608398438
Epoch: [182]  [ 0/19]  eta: 0:01:00  lr: 0.000100  loss: 0.4754 (0.4754)  time: 3.1982  data: 0.9312  max mem: 0
Epoch: [182]  [18/19]  eta: 0:00:03  lr: 0.000100  loss: 0.4356 (0.4373)  time: 3.1199  data: 0.8809  max mem: 0
Epoch: [182] Total time: 0:00:59 (3.1200 s / it)
  [  0/150]  eta: 0:00:59    time: 0.3979  data: 0.1092  max mem: 0
  [ 50/150]  eta: 0:00:39    time: 0.3997  data: 0.1110  max mem: 0
  [100/150]  eta: 0:00:19    time: 0.3985  data: 0.1099  max mem: 0
  [149/150]  eta: 0:00:00    time: 0.3886  data: 0.0999  max mem: 0
 Total time: 0:00:59 (0.3978 s / it)
SDR= 1.3134708658854166
Epoch: [183]  [ 0/19]  eta: 0:01:01  lr: 0.000100  loss: 0.4940 (0.4940)  time: 3.2386  data: 0.9709  max mem: 0
Epoch: [183]  [18/19]  eta: 0:00:03  lr: 0.000100  loss: 0.4869 (0.4292)  time: 3.1419  data: 0.9032  max mem: 0
Epoch: [183] Total time: 0:00:59 (3.1421 s / it)
  [  0/150]  eta: 0:01:07    time: 0.4486  data: 0.1597  max mem: 0
  [ 50/150]  eta: 0:00:39    time: 0.3868  data: 0.0981  max mem: 0
  [100/150]  eta: 0:00:19    time: 0.4187  data: 0.1299  max mem: 0
  [149/150]  eta: 0:00:00    time: 0.3979  data: 0.1093  max mem: 0
 Total time: 0:00:59 (0.3979 s / it)
SDR= 1.3133897908528647
Epoch: [184]  [ 0/19]  eta: 0:00:58  lr: 0.000100  loss: 0.4373 (0.4373)  time: 3.0989  data: 0.8320  max mem: 0
Epoch: [184]  [18/19]  eta: 0:00:03  lr: 0.000100  loss: 0.4238 (0.4262)  time: 3.0916  data: 0.8530  max mem: 0
Epoch: [184] Total time: 0:00:58 (3.0917 s / it)
  [  0/150]  eta: 0:01:03    time: 0.4234  data: 0.1347  max mem: 0
  [ 50/150]  eta: 0:00:39    time: 0.3951  data: 0.1065  max mem: 0
  [100/150]  eta: 0:00:19    time: 0.4051  data: 0.1163  max mem: 0
  [149/150]  eta: 0:00:00    time: 0.4037  data: 0.1149  max mem: 0
 Total time: 0:00:59 (0.3975 s / it)
SDR= 1.3106572469075521
Epoch: [185]  [ 0/19]  eta: 0:00:58  lr: 0.000100  loss: 0.4216 (0.4216)  time: 3.1026  data: 0.8350  max mem: 0
Epoch: [185]  [18/19]  eta: 0:00:03  lr: 0.000100  loss: 0.4450 (0.4306)  time: 3.0992  data: 0.8601  max mem: 0
Epoch: [185] Total time: 0:00:58 (3.0994 s / it)
  [  0/150]  eta: 0:01:00    time: 0.4030  data: 0.1142  max mem: 0
  [ 50/150]  eta: 0:00:39    time: 0.4022  data: 0.1135  max mem: 0
  [100/150]  eta: 0:00:19    time: 0.3974  data: 0.1087  max mem: 0
  [149/150]  eta: 0:00:00    time: 0.4114  data: 0.1226  max mem: 0
 Total time: 0:00:59 (0.3973 s / it)
SDR= 1.3089787801106771
Epoch: [186]  [ 0/19]  eta: 0:01:05  lr: 0.000100  loss: 0.4160 (0.4160)  time: 3.4352  data: 1.1681  max mem: 0
Epoch: [186]  [18/19]  eta: 0:00:03  lr: 0.000100  loss: 0.4166 (0.4162)  time: 3.1146  data: 0.8759  max mem: 0
Epoch: [186] Total time: 0:00:59 (3.1148 s / it)
  [  0/150]  eta: 0:00:59    time: 0.3979  data: 0.1093  max mem: 0
  [ 50/150]  eta: 0:00:40    time: 0.4066  data: 0.1179  max mem: 0
  [100/150]  eta: 0:00:20    time: 0.3997  data: 0.1111  max mem: 0
  [149/150]  eta: 0:00:00    time: 0.3880  data: 0.0994  max mem: 0
 Total time: 0:00:59 (0.3988 s / it)
SDR= 1.3120689900716145
Epoch: [187]  [ 0/19]  eta: 0:01:01  lr: 0.000100  loss: 0.3875 (0.3875)  time: 3.2311  data: 0.9633  max mem: 0
Epoch: [187]  [18/19]  eta: 0:00:03  lr: 0.000100  loss: 0.4271 (0.4080)  time: 3.1297  data: 0.8910  max mem: 0
Epoch: [187] Total time: 0:00:59 (3.1298 s / it)
  [  0/150]  eta: 0:01:01    time: 0.4113  data: 0.1227  max mem: 0
  [ 50/150]  eta: 0:00:39    time: 0.3915  data: 0.1028  max mem: 0
  [100/150]  eta: 0:00:19    time: 0.3872  data: 0.0986  max mem: 0
  [149/150]  eta: 0:00:00    time: 0.3893  data: 0.1007  max mem: 0
 Total time: 0:00:58 (0.3899 s / it)
SDR= 1.309575703938802
Epoch: [188]  [ 0/19]  eta: 0:00:59  lr: 0.000100  loss: 0.4114 (0.4114)  time: 3.1067  data: 0.8392  max mem: 0
Epoch: [188]  [18/19]  eta: 0:00:03  lr: 0.000100  loss: 0.5828 (0.4091)  time: 3.1034  data: 0.8647  max mem: 0
Epoch: [188] Total time: 0:00:58 (3.1035 s / it)
  [  0/150]  eta: 0:01:01    time: 0.4088  data: 0.1201  max mem: 0
  [ 50/150]  eta: 0:00:39    time: 0.3929  data: 0.1042  max mem: 0
  [100/150]  eta: 0:00:19    time: 0.3937  data: 0.1050  max mem: 0
  [149/150]  eta: 0:00:00    time: 0.3985  data: 0.1097  max mem: 0
 Total time: 0:00:58 (0.3925 s / it)
SDR= 1.3094577026367187
Epoch: [189]  [ 0/19]  eta: 0:00:59  lr: 0.000100  loss: 0.3949 (0.3949)  time: 3.1252  data: 0.8571  max mem: 0
Epoch: [189]  [18/19]  eta: 0:00:03  lr: 0.000100  loss: 0.4068 (0.4047)  time: 3.1323  data: 0.8933  max mem: 0
Epoch: [189] Total time: 0:00:59 (3.1324 s / it)
  [  0/150]  eta: 0:00:59    time: 0.3994  data: 0.1108  max mem: 0
  [ 50/150]  eta: 0:00:39    time: 0.3973  data: 0.1087  max mem: 0
  [100/150]  eta: 0:00:19    time: 0.3906  data: 0.1020  max mem: 0
  [149/150]  eta: 0:00:00    time: 0.3947  data: 0.1061  max mem: 0
 Total time: 0:00:59 (0.3935 s / it)
SDR= 1.309426066080729
Epoch: [190]  [ 0/19]  eta: 0:01:02  lr: 0.000100  loss: 0.4867 (0.4867)  time: 3.3048  data: 1.0374  max mem: 0
Epoch: [190]  [18/19]  eta: 0:00:03  lr: 0.000100  loss: 0.3772 (0.4035)  time: 3.1422  data: 0.9034  max mem: 0
Epoch: [190] Total time: 0:00:59 (3.1423 s / it)
  [  0/150]  eta: 0:01:00    time: 0.4013  data: 0.1127  max mem: 0
  [ 50/150]  eta: 0:00:39    time: 0.3974  data: 0.1088  max mem: 0
  [100/150]  eta: 0:00:19    time: 0.3985  data: 0.1099  max mem: 0
  [149/150]  eta: 0:00:00    time: 0.3896  data: 0.1010  max mem: 0
 Total time: 0:00:59 (0.3949 s / it)
SDR= 1.3108484903971354
Epoch: [191]  [ 0/19]  eta: 0:00:58  lr: 0.000100  loss: 0.3879 (0.3879)  time: 3.0953  data: 0.8272  max mem: 0
Epoch: [191]  [18/19]  eta: 0:00:03  lr: 0.000100  loss: 0.3878 (0.3974)  time: 3.1283  data: 0.8896  max mem: 0
Epoch: [191] Total time: 0:00:59 (3.1284 s / it)
  [  0/150]  eta: 0:01:03    time: 0.4260  data: 0.1373  max mem: 0
  [ 50/150]  eta: 0:00:39    time: 0.3941  data: 0.1055  max mem: 0
  [100/150]  eta: 0:00:20    time: 0.4187  data: 0.1300  max mem: 0
  [149/150]  eta: 0:00:00    time: 0.3965  data: 0.1079  max mem: 0
 Total time: 0:01:00 (0.4024 s / it)
SDR= 1.3085043334960937
Epoch: [192]  [ 0/19]  eta: 0:01:03  lr: 0.000100  loss: 0.4063 (0.4063)  time: 3.3362  data: 1.0688  max mem: 0
Epoch: [192]  [18/19]  eta: 0:00:03  lr: 0.000100  loss: 0.3882 (0.3996)  time: 3.1659  data: 0.9267  max mem: 0
Epoch: [192] Total time: 0:01:00 (3.1661 s / it)
  [  0/150]  eta: 0:00:59    time: 0.3975  data: 0.1089  max mem: 0
  [ 50/150]  eta: 0:00:39    time: 0.3955  data: 0.1068  max mem: 0
  [100/150]  eta: 0:00:19    time: 0.3930  data: 0.1045  max mem: 0
  [149/150]  eta: 0:00:00    time: 0.3908  data: 0.1022  max mem: 0
 Total time: 0:00:59 (0.3936 s / it)
SDR= 1.3085556030273438
Epoch: [193]  [ 0/19]  eta: 0:01:03  lr: 0.000100  loss: 0.3680 (0.3680)  time: 3.3208  data: 1.0533  max mem: 0
Epoch: [193]  [18/19]  eta: 0:00:03  lr: 0.000100  loss: 0.4139 (0.4025)  time: 3.1237  data: 0.8851  max mem: 0
Epoch: [193] Total time: 0:00:59 (3.1238 s / it)
  [  0/150]  eta: 0:00:59    time: 0.3990  data: 0.1103  max mem: 0
  [ 50/150]  eta: 0:00:38    time: 0.3872  data: 0.0986  max mem: 0
  [100/150]  eta: 0:00:19    time: 0.3881  data: 0.0995  max mem: 0
  [149/150]  eta: 0:00:00    time: 0.3881  data: 0.0995  max mem: 0
 Total time: 0:00:58 (0.3910 s / it)
SDR= 1.3095035807291666
Epoch: [194]  [ 0/19]  eta: 0:00:58  lr: 0.000100  loss: 0.3859 (0.3859)  time: 3.0979  data: 0.8304  max mem: 0
Epoch: [194]  [18/19]  eta: 0:00:03  lr: 0.000100  loss: 0.4045 (0.3898)  time: 3.1459  data: 0.9071  max mem: 0
Epoch: [194] Total time: 0:00:59 (3.1460 s / it)
  [  0/150]  eta: 0:01:02    time: 0.4149  data: 0.1263  max mem: 0
  [ 50/150]  eta: 0:00:39    time: 0.3903  data: 0.1017  max mem: 0
  [100/150]  eta: 0:00:19    time: 0.3876  data: 0.0990  max mem: 0
  [149/150]  eta: 0:00:00    time: 0.3870  data: 0.0984  max mem: 0
 Total time: 0:00:59 (0.3951 s / it)
SDR= 1.3090650431315105
Epoch: [195]  [ 0/19]  eta: 0:00:58  lr: 0.000100  loss: 0.4170 (0.4170)  time: 3.1014  data: 0.8339  max mem: 0
Epoch: [195]  [18/19]  eta: 0:00:03  lr: 0.000100  loss: 0.3948 (0.3996)  time: 3.1385  data: 0.8995  max mem: 0
Epoch: [195] Total time: 0:00:59 (3.1386 s / it)
  [  0/150]  eta: 0:01:01    time: 0.4125  data: 0.1241  max mem: 0
  [ 50/150]  eta: 0:00:39    time: 0.3892  data: 0.1006  max mem: 0
  [100/150]  eta: 0:00:19    time: 0.4126  data: 0.1240  max mem: 0
  [149/150]  eta: 0:00:00    time: 0.4117  data: 0.1230  max mem: 0
 Total time: 0:01:00 (0.4006 s / it)
SDR= 1.310130818684896
Epoch: [196]  [ 0/19]  eta: 0:01:01  lr: 0.000100  loss: 0.4036 (0.4036)  time: 3.2547  data: 0.9871  max mem: 0
Epoch: [196]  [18/19]  eta: 0:00:03  lr: 0.000100  loss: 0.4116 (0.3928)  time: 3.1268  data: 0.8882  max mem: 0
Epoch: [196] Total time: 0:00:59 (3.1270 s / it)
  [  0/150]  eta: 0:00:59    time: 0.3994  data: 0.1109  max mem: 0
  [ 50/150]  eta: 0:00:39    time: 0.3875  data: 0.0989  max mem: 0
  [100/150]  eta: 0:00:19    time: 0.3873  data: 0.0987  max mem: 0
  [149/150]  eta: 0:00:00    time: 0.3966  data: 0.1080  max mem: 0
 Total time: 0:00:59 (0.3939 s / it)
SDR= 1.3100914510091146
Epoch: [197]  [ 0/19]  eta: 0:00:59  lr: 0.000100  loss: 0.3743 (0.3743)  time: 3.1110  data: 0.8433  max mem: 0
Epoch: [197]  [18/19]  eta: 0:00:03  lr: 0.000100  loss: 0.3900 (0.3883)  time: 3.1365  data: 0.8970  max mem: 0
Epoch: [197] Total time: 0:00:59 (3.1366 s / it)
  [  0/150]  eta: 0:00:59    time: 0.3985  data: 0.1100  max mem: 0
  [ 50/150]  eta: 0:00:40    time: 0.4131  data: 0.1244  max mem: 0
  [100/150]  eta: 0:00:20    time: 0.3991  data: 0.1104  max mem: 0
  [149/150]  eta: 0:00:00    time: 0.3882  data: 0.0996  max mem: 0
 Total time: 0:01:00 (0.4011 s / it)
SDR= 1.312603963216146
Epoch: [198]  [ 0/19]  eta: 0:00:59  lr: 0.000100  loss: 0.4017 (0.4017)  time: 3.1291  data: 0.8603  max mem: 0
Epoch: [198]  [18/19]  eta: 0:00:03  lr: 0.000100  loss: 0.4105 (0.3842)  time: 3.1425  data: 0.9022  max mem: 0
Epoch: [198] Total time: 0:00:59 (3.1426 s / it)
  [  0/150]  eta: 0:01:00    time: 0.4000  data: 0.1112  max mem: 0
  [ 50/150]  eta: 0:00:39    time: 0.4034  data: 0.1147  max mem: 0
  [100/150]  eta: 0:00:19    time: 0.3872  data: 0.0986  max mem: 0
  [149/150]  eta: 0:00:00    time: 0.3872  data: 0.0986  max mem: 0
 Total time: 0:00:58 (0.3908 s / it)
SDR= 1.3094546508789062
Epoch: [199]  [ 0/19]  eta: 0:00:58  lr: 0.000100  loss: 0.3793 (0.3793)  time: 3.1033  data: 0.8358  max mem: 0
Epoch: [199]  [18/19]  eta: 0:00:03  lr: 0.000100  loss: 0.4142 (0.3842)  time: 3.1546  data: 0.9144  max mem: 0
Epoch: [199] Total time: 0:00:59 (3.1547 s / it)
  [  0/150]  eta: 0:00:59    time: 0.3999  data: 0.1110  max mem: 0
  [ 50/150]  eta: 0:00:40    time: 0.4043  data: 0.1157  max mem: 0
  [100/150]  eta: 0:00:20    time: 0.4101  data: 0.1214  max mem: 0
  [149/150]  eta: 0:00:00    time: 0.3910  data: 0.1023  max mem: 0
 Total time: 0:01:00 (0.4022 s / it)
SDR= 1.3092994181315105
Epoch: [200]  [ 0/19]  eta: 0:01:03  lr: 0.000010  loss: 0.4031 (0.4031)  time: 3.3433  data: 1.0754  max mem: 0
Epoch: [200]  [18/19]  eta: 0:00:03  lr: 0.000010  loss: 0.3680 (0.3837)  time: 3.1601  data: 0.9207  max mem: 0
Epoch: [200] Total time: 0:01:00 (3.1602 s / it)
  [  0/150]  eta: 0:00:59    time: 0.3976  data: 0.1088  max mem: 0
  [ 50/150]  eta: 0:00:39    time: 0.3942  data: 0.1057  max mem: 0
  [100/150]  eta: 0:00:19    time: 0.3945  data: 0.1059  max mem: 0
  [149/150]  eta: 0:00:00    time: 0.3884  data: 0.0998  max mem: 0
 Total time: 0:00:59 (0.3949 s / it)
SDR= 1.3091881306966147
Epoch: [201]  [ 0/19]  eta: 0:00:59  lr: 0.000010  loss: 0.3766 (0.3766)  time: 3.1084  data: 0.8409  max mem: 0
Epoch: [201]  [18/19]  eta: 0:00:03  lr: 0.000010  loss: 0.3506 (0.3680)  time: 3.1030  data: 0.8643  max mem: 0
Epoch: [201] Total time: 0:00:58 (3.1031 s / it)
  [  0/150]  eta: 0:01:04    time: 0.4304  data: 0.1415  max mem: 0
  [ 50/150]  eta: 0:00:39    time: 0.4012  data: 0.1125  max mem: 0
  [100/150]  eta: 0:00:19    time: 0.3944  data: 0.1057  max mem: 0
  [149/150]  eta: 0:00:00    time: 0.3966  data: 0.1080  max mem: 0
 Total time: 0:00:59 (0.3949 s / it)
SDR= 1.309779052734375
Epoch: [202]  [ 0/19]  eta: 0:00:59  lr: 0.000010  loss: 0.3398 (0.3398)  time: 3.1128  data: 0.8456  max mem: 0
Epoch: [202]  [18/19]  eta: 0:00:03  lr: 0.000010  loss: 0.3931 (0.3712)  time: 3.1261  data: 0.8863  max mem: 0
Epoch: [202] Total time: 0:00:59 (3.1262 s / it)
  [  0/150]  eta: 0:01:02    time: 0.4148  data: 0.1259  max mem: 0
  [ 50/150]  eta: 0:00:39    time: 0.4066  data: 0.1180  max mem: 0
  [100/150]  eta: 0:00:19    time: 0.4102  data: 0.1216  max mem: 0
  [149/150]  eta: 0:00:00    time: 0.3882  data: 0.0996  max mem: 0
 Total time: 0:00:59 (0.3975 s / it)
SDR= 1.3104994710286457
Epoch: [203]  [ 0/19]  eta: 0:00:58  lr: 0.000010  loss: 0.3387 (0.3387)  time: 3.1041  data: 0.8364  max mem: 0
Epoch: [203]  [18/19]  eta: 0:00:03  lr: 0.000010  loss: 0.4167 (0.3647)  time: 3.1532  data: 0.9143  max mem: 0
Epoch: [203] Total time: 0:00:59 (3.1533 s / it)
  [  0/150]  eta: 0:00:59    time: 0.3986  data: 0.1099  max mem: 0
  [ 50/150]  eta: 0:00:38    time: 0.3876  data: 0.0990  max mem: 0
  [100/150]  eta: 0:00:19    time: 0.3914  data: 0.1028  max mem: 0
  [149/150]  eta: 0:00:00    time: 0.3898  data: 0.1012  max mem: 0
 Total time: 0:00:58 (0.3909 s / it)
SDR= 1.3117788696289063
Epoch: [204]  [ 0/19]  eta: 0:01:01  lr: 0.000010  loss: 0.3482 (0.3482)  time: 3.2255  data: 0.9574  max mem: 0
Epoch: [204]  [18/19]  eta: 0:00:03  lr: 0.000010  loss: 0.3652 (0.3706)  time: 3.1891  data: 0.9493  max mem: 0
Epoch: [204] Total time: 0:01:00 (3.1892 s / it)
  [  0/150]  eta: 0:01:00    time: 0.4017  data: 0.1131  max mem: 0
  [ 50/150]  eta: 0:00:39    time: 0.3881  data: 0.0996  max mem: 0
  [100/150]  eta: 0:00:19    time: 0.3961  data: 0.1075  max mem: 0
  [149/150]  eta: 0:00:00    time: 0.4102  data: 0.1215  max mem: 0
 Total time: 0:00:59 (0.3979 s / it)
SDR= 1.3091378784179688
Epoch: [205]  [ 0/19]  eta: 0:01:01  lr: 0.000010  loss: 0.4701 (0.4701)  time: 3.2288  data: 0.9607  max mem: 0
Epoch: [205]  [18/19]  eta: 0:00:03  lr: 0.000010  loss: 0.4072 (0.3784)  time: 3.1437  data: 0.9046  max mem: 0
Epoch: [205] Total time: 0:00:59 (3.1438 s / it)
  [  0/150]  eta: 0:00:59    time: 0.3981  data: 0.1096  max mem: 0
  [ 50/150]  eta: 0:00:39    time: 0.3975  data: 0.1089  max mem: 0
  [100/150]  eta: 0:00:19    time: 0.3884  data: 0.0999  max mem: 0
  [149/150]  eta: 0:00:00    time: 0.3950  data: 0.1065  max mem: 0
 Total time: 0:00:58 (0.3909 s / it)
SDR= 1.3104250081380209
Epoch: [206]  [ 0/19]  eta: 0:00:59  lr: 0.000010  loss: 0.3832 (0.3832)  time: 3.1099  data: 0.8430  max mem: 0
Epoch: [206]  [18/19]  eta: 0:00:03  lr: 0.000010  loss: 0.3869 (0.3733)  time: 3.0829  data: 0.8440  max mem: 0
Epoch: [206] Total time: 0:00:58 (3.0831 s / it)
  [  0/150]  eta: 0:01:00    time: 0.4010  data: 0.1123  max mem: 0
  [ 50/150]  eta: 0:00:39    time: 0.4006  data: 0.1120  max mem: 0
  [100/150]  eta: 0:00:19    time: 0.4007  data: 0.1121  max mem: 0
  [149/150]  eta: 0:00:00    time: 0.3978  data: 0.1092  max mem: 0
 Total time: 0:00:59 (0.3968 s / it)
SDR= 1.3103578694661457
Epoch: [207]  [ 0/19]  eta: 0:01:02  lr: 0.000010  loss: 0.3517 (0.3517)  time: 3.2782  data: 1.0108  max mem: 0
Epoch: [207]  [18/19]  eta: 0:00:03  lr: 0.000010  loss: 0.3415 (0.3694)  time: 3.1416  data: 0.9026  max mem: 0
Epoch: [207] Total time: 0:00:59 (3.1418 s / it)
  [  0/150]  eta: 0:01:00    time: 0.4025  data: 0.1140  max mem: 0
  [ 50/150]  eta: 0:00:38    time: 0.3885  data: 0.0999  max mem: 0
  [100/150]  eta: 0:00:19    time: 0.3918  data: 0.1032  max mem: 0
  [149/150]  eta: 0:00:00    time: 0.3930  data: 0.1044  max mem: 0
 Total time: 0:00:58 (0.3922 s / it)
SDR= 1.3089373779296876
Epoch: [208]  [ 0/19]  eta: 0:00:58  lr: 0.000010  loss: 0.3537 (0.3537)  time: 3.1001  data: 0.8332  max mem: 0
Epoch: [208]  [18/19]  eta: 0:00:03  lr: 0.000010  loss: 0.3686 (0.3807)  time: 3.0898  data: 0.8512  max mem: 0
Epoch: [208] Total time: 0:00:58 (3.0899 s / it)
  [  0/150]  eta: 0:01:00    time: 0.4031  data: 0.1144  max mem: 0
  [ 50/150]  eta: 0:00:38    time: 0.3890  data: 0.1004  max mem: 0
  [100/150]  eta: 0:00:19    time: 0.3981  data: 0.1094  max mem: 0
  [149/150]  eta: 0:00:00    time: 0.4102  data: 0.1214  max mem: 0
 Total time: 0:01:00 (0.4016 s / it)
SDR= 1.309820048014323
Epoch: [209]  [ 0/19]  eta: 0:00:58  lr: 0.000010  loss: 0.3782 (0.3782)  time: 3.1034  data: 0.8356  max mem: 0
Epoch: [209]  [18/19]  eta: 0:00:03  lr: 0.000010  loss: 0.4568 (0.3791)  time: 3.1237  data: 0.8849  max mem: 0
Epoch: [209] Total time: 0:00:59 (3.1238 s / it)
  [  0/150]  eta: 0:00:59    time: 0.3997  data: 0.1110  max mem: 0
  [ 50/150]  eta: 0:00:39    time: 0.3891  data: 0.1006  max mem: 0
  [100/150]  eta: 0:00:19    time: 0.3942  data: 0.1056  max mem: 0
  [149/150]  eta: 0:00:00    time: 0.3977  data: 0.1088  max mem: 0
 Total time: 0:00:59 (0.3993 s / it)
SDR= 1.3077059936523439
Epoch: [210]  [ 0/19]  eta: 0:00:59  lr: 0.000010  loss: 0.3536 (0.3536)  time: 3.1094  data: 0.8424  max mem: 0
Epoch: [210]  [18/19]  eta: 0:00:03  lr: 0.000010  loss: 0.4038 (0.3806)  time: 3.0955  data: 0.8567  max mem: 0
Epoch: [210] Total time: 0:00:58 (3.0956 s / it)
  [  0/150]  eta: 0:00:59    time: 0.3982  data: 0.1094  max mem: 0
  [ 50/150]  eta: 0:00:39    time: 0.3969  data: 0.1083  max mem: 0
  [100/150]  eta: 0:00:19    time: 0.4028  data: 0.1142  max mem: 0
  [149/150]  eta: 0:00:00    time: 0.3958  data: 0.1072  max mem: 0
 Total time: 0:00:59 (0.3955 s / it)
SDR= 1.3114009602864583
Epoch: [211]  [ 0/19]  eta: 0:01:01  lr: 0.000010  loss: 0.3759 (0.3759)  time: 3.2206  data: 0.9526  max mem: 0
Epoch: [211]  [18/19]  eta: 0:00:03  lr: 0.000010  loss: 0.3694 (0.3706)  time: 3.1195  data: 0.8804  max mem: 0
Epoch: [211] Total time: 0:00:59 (3.1196 s / it)
  [  0/150]  eta: 0:01:00    time: 0.4018  data: 0.1131  max mem: 0
  [ 50/150]  eta: 0:00:40    time: 0.4010  data: 0.1121  max mem: 0
  [100/150]  eta: 0:00:20    time: 0.4145  data: 0.1259  max mem: 0
  [149/150]  eta: 0:00:00    time: 0.3944  data: 0.1057  max mem: 0
 Total time: 0:01:00 (0.4026 s / it)
SDR= 1.3117317708333334
Epoch: [212]  [ 0/19]  eta: 0:01:00  lr: 0.000010  loss: 0.3405 (0.3405)  time: 3.2093  data: 0.9415  max mem: 0
Epoch: [212]  [18/19]  eta: 0:00:03  lr: 0.000010  loss: 0.3800 (0.3650)  time: 3.1297  data: 0.8910  max mem: 0
Epoch: [212] Total time: 0:00:59 (3.1298 s / it)
  [  0/150]  eta: 0:00:59    time: 0.3991  data: 0.1101  max mem: 0
  [ 50/150]  eta: 0:00:39    time: 0.3919  data: 0.1033  max mem: 0
  [100/150]  eta: 0:00:19    time: 0.3920  data: 0.1034  max mem: 0
  [149/150]  eta: 0:00:00    time: 0.3991  data: 0.1104  max mem: 0
 Total time: 0:00:59 (0.3970 s / it)
SDR= 1.3115582275390625
Epoch: [213]  [ 0/19]  eta: 0:01:00  lr: 0.000010  loss: 0.3477 (0.3477)  time: 3.1706  data: 0.9024  max mem: 0
Epoch: [213]  [18/19]  eta: 0:00:03  lr: 0.000010  loss: 0.3556 (0.3723)  time: 3.1425  data: 0.9033  max mem: 0
Epoch: [213] Total time: 0:00:59 (3.1426 s / it)
  [  0/150]  eta: 0:00:59    time: 0.3997  data: 0.1109  max mem: 0
  [ 50/150]  eta: 0:00:39    time: 0.4004  data: 0.1118  max mem: 0
  [100/150]  eta: 0:00:19    time: 0.3922  data: 0.1036  max mem: 0
  [149/150]  eta: 0:00:00    time: 0.3967  data: 0.1081  max mem: 0
 Total time: 0:00:58 (0.3926 s / it)
SDR= 1.310714111328125
Epoch: [214]  [ 0/19]  eta: 0:00:59  lr: 0.000010  loss: 0.3802 (0.3802)  time: 3.1359  data: 0.8663  max mem: 0
Epoch: [214]  [18/19]  eta: 0:00:03  lr: 0.000010  loss: 0.3503 (0.3723)  time: 3.1274  data: 0.8872  max mem: 0
Epoch: [214] Total time: 0:00:59 (3.1275 s / it)
  [  0/150]  eta: 0:00:59    time: 0.3997  data: 0.1111  max mem: 0
  [ 50/150]  eta: 0:00:39    time: 0.3923  data: 0.1036  max mem: 0
  [100/150]  eta: 0:00:19    time: 0.3965  data: 0.1078  max mem: 0
  [149/150]  eta: 0:00:00    time: 0.4015  data: 0.1128  max mem: 0
 Total time: 0:00:59 (0.3968 s / it)
SDR= 1.3111963907877604
Epoch: [215]  [ 0/19]  eta: 0:00:59  lr: 0.000010  loss: 0.3504 (0.3504)  time: 3.1260  data: 0.8583  max mem: 0
Epoch: [215]  [18/19]  eta: 0:00:03  lr: 0.000010  loss: 0.3798 (0.3805)  time: 3.1077  data: 0.8687  max mem: 0
Epoch: [215] Total time: 0:00:59 (3.1078 s / it)
  [  0/150]  eta: 0:01:00    time: 0.4000  data: 0.1114  max mem: 0
  [ 50/150]  eta: 0:00:39    time: 0.4003  data: 0.1117  max mem: 0
  [100/150]  eta: 0:00:19    time: 0.3964  data: 0.1078  max mem: 0
  [149/150]  eta: 0:00:00    time: 0.4066  data: 0.1178  max mem: 0
 Total time: 0:00:59 (0.3972 s / it)
SDR= 1.3105910237630207
Epoch: [216]  [ 0/19]  eta: 0:01:00  lr: 0.000010  loss: 0.3587 (0.3587)  time: 3.1932  data: 0.9254  max mem: 0
Epoch: [216]  [18/19]  eta: 0:00:03  lr: 0.000010  loss: 0.3425 (0.3780)  time: 3.1348  data: 0.8960  max mem: 0
Epoch: [216] Total time: 0:00:59 (3.1349 s / it)
  [  0/150]  eta: 0:01:00    time: 0.4015  data: 0.1127  max mem: 0
  [ 50/150]  eta: 0:00:39    time: 0.3998  data: 0.1111  max mem: 0
  [100/150]  eta: 0:00:19    time: 0.3880  data: 0.0994  max mem: 0
  [149/150]  eta: 0:00:00    time: 0.3927  data: 0.1040  max mem: 0
 Total time: 0:00:58 (0.3906 s / it)
SDR= 1.3123223876953125
Epoch: [217]  [ 0/19]  eta: 0:00:59  lr: 0.000010  loss: 0.3894 (0.3894)  time: 3.1115  data: 0.8436  max mem: 0
Epoch: [217]  [18/19]  eta: 0:00:03  lr: 0.000010  loss: 0.3515 (0.3722)  time: 3.1225  data: 0.8835  max mem: 0
Epoch: [217] Total time: 0:00:59 (3.1226 s / it)
  [  0/150]  eta: 0:01:02    time: 0.4158  data: 0.1270  max mem: 0
  [ 50/150]  eta: 0:00:39    time: 0.3866  data: 0.0981  max mem: 0
  [100/150]  eta: 0:00:19    time: 0.3936  data: 0.1050  max mem: 0
  [149/150]  eta: 0:00:00    time: 0.3962  data: 0.1076  max mem: 0
 Total time: 0:00:58 (0.3927 s / it)
SDR= 1.3120242309570314
Epoch: [218]  [ 0/19]  eta: 0:01:01  lr: 0.000010  loss: 0.3724 (0.3724)  time: 3.2301  data: 0.9626  max mem: 0
Epoch: [218]  [18/19]  eta: 0:00:03  lr: 0.000010  loss: 0.3427 (0.3651)  time: 3.0990  data: 0.8602  max mem: 0
Epoch: [218] Total time: 0:00:58 (3.0991 s / it)
  [  0/150]  eta: 0:01:01    time: 0.4083  data: 0.1196  max mem: 0
  [ 50/150]  eta: 0:00:39    time: 0.4010  data: 0.1123  max mem: 0
  [100/150]  eta: 0:00:20    time: 0.4380  data: 0.1492  max mem: 0
  [149/150]  eta: 0:00:00    time: 0.4008  data: 0.1121  max mem: 0
 Total time: 0:01:00 (0.4055 s / it)
SDR= 1.3130251057942708
Epoch: [219]  [ 0/19]  eta: 0:00:59  lr: 0.000010  loss: 0.3395 (0.3395)  time: 3.1152  data: 0.8465  max mem: 0
Epoch: [219]  [18/19]  eta: 0:00:03  lr: 0.000010  loss: 0.4175 (0.3706)  time: 3.1974  data: 0.9566  max mem: 0
Epoch: [219] Total time: 0:01:00 (3.1975 s / it)
  [  0/150]  eta: 0:01:00    time: 0.4024  data: 0.1136  max mem: 0
  [ 50/150]  eta: 0:00:41    time: 0.4030  data: 0.1143  max mem: 0
  [100/150]  eta: 0:00:20    time: 0.3879  data: 0.0993  max mem: 0
  [149/150]  eta: 0:00:00    time: 0.3942  data: 0.1056  max mem: 0
 Total time: 0:00:59 (0.3985 s / it)
SDR= 1.3104781087239583
Epoch: [220]  [ 0/19]  eta: 0:01:01  lr: 0.000010  loss: 0.3940 (0.3940)  time: 3.2241  data: 0.9559  max mem: 0
Epoch: [220]  [18/19]  eta: 0:00:03  lr: 0.000010  loss: 0.3665 (0.3683)  time: 3.1565  data: 0.9179  max mem: 0
Epoch: [220] Total time: 0:00:59 (3.1566 s / it)
  [  0/150]  eta: 0:00:59    time: 0.3979  data: 0.1093  max mem: 0
  [ 50/150]  eta: 0:00:39    time: 0.3953  data: 0.1068  max mem: 0
  [100/150]  eta: 0:00:19    time: 0.3904  data: 0.1018  max mem: 0
  [149/150]  eta: 0:00:00    time: 0.3875  data: 0.0989  max mem: 0
 Total time: 0:00:58 (0.3908 s / it)
SDR= 1.3119791666666667
Epoch: [221]  [ 0/19]  eta: 0:01:02  lr: 0.000010  loss: 0.3554 (0.3554)  time: 3.2997  data: 1.0311  max mem: 0
Epoch: [221]  [18/19]  eta: 0:00:03  lr: 0.000010  loss: 0.3748 (0.3694)  time: 3.1652  data: 0.9263  max mem: 0
Epoch: [221] Total time: 0:01:00 (3.1654 s / it)
  [  0/150]  eta: 0:01:02    time: 0.4164  data: 0.1276  max mem: 0
  [ 50/150]  eta: 0:00:40    time: 0.3982  data: 0.1096  max mem: 0
  [100/150]  eta: 0:00:20    time: 0.3982  data: 0.1096  max mem: 0
  [149/150]  eta: 0:00:00    time: 0.3966  data: 0.1080  max mem: 0
 Total time: 0:01:00 (0.4004 s / it)
SDR= 1.310592041015625
Epoch: [222]  [ 0/19]  eta: 0:01:03  lr: 0.000010  loss: 0.3506 (0.3506)  time: 3.3253  data: 1.0568  max mem: 0
Epoch: [222]  [18/19]  eta: 0:00:03  lr: 0.000010  loss: 0.3881 (0.3702)  time: 3.1852  data: 0.9463  max mem: 0
Epoch: [222] Total time: 0:01:00 (3.1854 s / it)
  [  0/150]  eta: 0:01:01    time: 0.4109  data: 0.1219  max mem: 0
  [ 50/150]  eta: 0:00:40    time: 0.4026  data: 0.1140  max mem: 0
  [100/150]  eta: 0:00:19    time: 0.3917  data: 0.1032  max mem: 0
  [149/150]  eta: 0:00:00    time: 0.4080  data: 0.1193  max mem: 0
 Total time: 0:00:59 (0.3963 s / it)
SDR= 1.3108831787109374
Epoch: [223]  [ 0/19]  eta: 0:00:59  lr: 0.000010  loss: 0.3652 (0.3652)  time: 3.1283  data: 0.8611  max mem: 0
Epoch: [223]  [18/19]  eta: 0:00:03  lr: 0.000010  loss: 0.3957 (0.3677)  time: 3.1531  data: 0.9142  max mem: 0
Epoch: [223] Total time: 0:00:59 (3.1532 s / it)
  [  0/150]  eta: 0:01:00    time: 0.4057  data: 0.1171  max mem: 0
  [ 50/150]  eta: 0:00:39    time: 0.3995  data: 0.1109  max mem: 0
  [100/150]  eta: 0:00:19    time: 0.3885  data: 0.1000  max mem: 0
  [149/150]  eta: 0:00:00    time: 0.4003  data: 0.1116  max mem: 0
 Total time: 0:00:58 (0.3922 s / it)
SDR= 1.3097604370117188
Epoch: [224]  [ 0/19]  eta: 0:01:00  lr: 0.000010  loss: 0.3419 (0.3419)  time: 3.1637  data: 0.8961  max mem: 0
Epoch: [224]  [18/19]  eta: 0:00:03  lr: 0.000010  loss: 0.3430 (0.3651)  time: 3.1326  data: 0.8935  max mem: 0
Epoch: [224] Total time: 0:00:59 (3.1327 s / it)
  [  0/150]  eta: 0:01:00    time: 0.4032  data: 0.1145  max mem: 0
  [ 50/150]  eta: 0:00:39    time: 0.3870  data: 0.0984  max mem: 0
  [100/150]  eta: 0:00:19    time: 0.3913  data: 0.1027  max mem: 0
  [149/150]  eta: 0:00:00    time: 0.3936  data: 0.1050  max mem: 0
 Total time: 0:00:58 (0.3926 s / it)
SDR= 1.3104854329427083
Epoch: [225]  [ 0/19]  eta: 0:00:59  lr: 0.000010  loss: 0.3578 (0.3578)  time: 3.1255  data: 0.8580  max mem: 0
Epoch: [225]  [18/19]  eta: 0:00:03  lr: 0.000010  loss: 0.3364 (0.3670)  time: 3.1763  data: 0.9375  max mem: 0
Epoch: [225] Total time: 0:01:00 (3.1764 s / it)
  [  0/150]  eta: 0:00:59    time: 0.3999  data: 0.1113  max mem: 0
  [ 50/150]  eta: 0:00:40    time: 0.3936  data: 0.1049  max mem: 0
  [100/150]  eta: 0:00:19    time: 0.3891  data: 0.1006  max mem: 0
  [149/150]  eta: 0:00:00    time: 0.3992  data: 0.1106  max mem: 0
 Total time: 0:00:59 (0.3967 s / it)
SDR= 1.3112484741210937
Epoch: [226]  [ 0/19]  eta: 0:00:59  lr: 0.000010  loss: 0.4208 (0.4208)  time: 3.1074  data: 0.8396  max mem: 0
Epoch: [226]  [18/19]  eta: 0:00:03  lr: 0.000010  loss: 0.3479 (0.3654)  time: 3.1189  data: 0.8802  max mem: 0
Epoch: [226] Total time: 0:00:59 (3.1190 s / it)
  [  0/150]  eta: 0:00:59    time: 0.3991  data: 0.1103  max mem: 0
  [ 50/150]  eta: 0:00:39    time: 0.4027  data: 0.1141  max mem: 0
  [100/150]  eta: 0:00:19    time: 0.3884  data: 0.0999  max mem: 0
  [149/150]  eta: 0:00:00    time: 0.4009  data: 0.1122  max mem: 0
 Total time: 0:00:59 (0.3991 s / it)
SDR= 1.3095154825846353
Epoch: [227]  [ 0/19]  eta: 0:00:58  lr: 0.000010  loss: 0.3478 (0.3478)  time: 3.1032  data: 0.8355  max mem: 0
Epoch: [227]  [18/19]  eta: 0:00:03  lr: 0.000010  loss: 0.3577 (0.3644)  time: 3.1297  data: 0.8911  max mem: 0
Epoch: [227] Total time: 0:00:59 (3.1299 s / it)
  [  0/150]  eta: 0:01:02    time: 0.4176  data: 0.1285  max mem: 0
  [ 50/150]  eta: 0:00:39    time: 0.3988  data: 0.1101  max mem: 0
  [100/150]  eta: 0:00:19    time: 0.3965  data: 0.1079  max mem: 0
  [149/150]  eta: 0:00:00    time: 0.3927  data: 0.1042  max mem: 0
 Total time: 0:00:59 (0.3973 s / it)
SDR= 1.3104901123046875
Epoch: [228]  [ 0/19]  eta: 0:01:06  lr: 0.000010  loss: 0.3662 (0.3662)  time: 3.4813  data: 1.2142  max mem: 0
Epoch: [228]  [18/19]  eta: 0:00:03  lr: 0.000010  loss: 0.4569 (0.3708)  time: 3.1238  data: 0.8850  max mem: 0
Epoch: [228] Total time: 0:00:59 (3.1239 s / it)
  [  0/150]  eta: 0:00:59    time: 0.3985  data: 0.1097  max mem: 0
  [ 50/150]  eta: 0:00:39    time: 0.3871  data: 0.0986  max mem: 0
  [100/150]  eta: 0:00:19    time: 0.3861  data: 0.0976  max mem: 0
  [149/150]  eta: 0:00:00    time: 0.3877  data: 0.0992  max mem: 0
 Total time: 0:00:58 (0.3906 s / it)
SDR= 1.3094156901041667
Epoch: [229]  [ 0/19]  eta: 0:00:58  lr: 0.000010  loss: 0.3476 (0.3476)  time: 3.0975  data: 0.8300  max mem: 0
Epoch: [229]  [18/19]  eta: 0:00:03  lr: 0.000010  loss: 0.3576 (0.3696)  time: 3.0890  data: 0.8502  max mem: 0
Epoch: [229] Total time: 0:00:58 (3.0891 s / it)
  [  0/150]  eta: 0:01:00    time: 0.4004  data: 0.1119  max mem: 0
  [ 50/150]  eta: 0:00:39    time: 0.3994  data: 0.1109  max mem: 0
  [100/150]  eta: 0:00:19    time: 0.3942  data: 0.1056  max mem: 0
  [149/150]  eta: 0:00:00    time: 0.3933  data: 0.1047  max mem: 0
 Total time: 0:00:59 (0.3943 s / it)
SDR= 1.3089927164713542
Epoch: [230]  [ 0/19]  eta: 0:01:02  lr: 0.000010  loss: 0.3582 (0.3582)  time: 3.2912  data: 1.0221  max mem: 0
Epoch: [230]  [18/19]  eta: 0:00:03  lr: 0.000010  loss: 0.3599 (0.3714)  time: 3.0984  data: 0.8591  max mem: 0
Epoch: [230] Total time: 0:00:58 (3.0985 s / it)
  [  0/150]  eta: 0:00:59    time: 0.3968  data: 0.1083  max mem: 0
  [ 50/150]  eta: 0:00:39    time: 0.3865  data: 0.0980  max mem: 0
  [100/150]  eta: 0:00:19    time: 0.3866  data: 0.0981  max mem: 0
  [149/150]  eta: 0:00:00    time: 0.3932  data: 0.1045  max mem: 0
 Total time: 0:00:58 (0.3907 s / it)
SDR= 1.3103457641601564
Epoch: [231]  [ 0/19]  eta: 0:01:01  lr: 0.000010  loss: 0.3258 (0.3258)  time: 3.2396  data: 0.9725  max mem: 0
Epoch: [231]  [18/19]  eta: 0:00:03  lr: 0.000010  loss: 0.3596 (0.3602)  time: 3.1225  data: 0.8838  max mem: 0
Epoch: [231] Total time: 0:00:59 (3.1226 s / it)
  [  0/150]  eta: 0:00:59    time: 0.3995  data: 0.1110  max mem: 0
  [ 50/150]  eta: 0:00:38    time: 0.3915  data: 0.1031  max mem: 0
  [100/150]  eta: 0:00:19    time: 0.3869  data: 0.0983  max mem: 0
  [149/150]  eta: 0:00:00    time: 0.3862  data: 0.0978  max mem: 0
 Total time: 0:00:58 (0.3879 s / it)
SDR= 1.3094244384765625
Epoch: [232]  [ 0/19]  eta: 0:00:58  lr: 0.000010  loss: 0.3563 (0.3563)  time: 3.1021  data: 0.8341  max mem: 0
Epoch: [232]  [18/19]  eta: 0:00:03  lr: 0.000010  loss: 0.3830 (0.3654)  time: 3.0894  data: 0.8507  max mem: 0
Epoch: [232] Total time: 0:00:58 (3.0895 s / it)
  [  0/150]  eta: 0:00:59    time: 0.3973  data: 0.1087  max mem: 0
  [ 50/150]  eta: 0:00:39    time: 0.4020  data: 0.1134  max mem: 0
  [100/150]  eta: 0:00:19    time: 0.3981  data: 0.1094  max mem: 0
  [149/150]  eta: 0:00:00    time: 0.3905  data: 0.1019  max mem: 0
 Total time: 0:00:59 (0.3959 s / it)
SDR= 1.3095339965820312
Epoch: [233]  [ 0/19]  eta: 0:01:01  lr: 0.000010  loss: 0.3559 (0.3559)  time: 3.2233  data: 0.9543  max mem: 0
Epoch: [233]  [18/19]  eta: 0:00:03  lr: 0.000010  loss: 0.3898 (0.3641)  time: 3.0941  data: 0.8546  max mem: 0
Epoch: [233] Total time: 0:00:58 (3.0942 s / it)
  [  0/150]  eta: 0:00:59    time: 0.3990  data: 0.1103  max mem: 0
  [ 50/150]  eta: 0:00:38    time: 0.3879  data: 0.0993  max mem: 0
  [100/150]  eta: 0:00:19    time: 0.3986  data: 0.1100  max mem: 0
  [149/150]  eta: 0:00:00    time: 0.3926  data: 0.1039  max mem: 0
 Total time: 0:00:58 (0.3902 s / it)
SDR= 1.3103224690755209
Epoch: [234]  [ 0/19]  eta: 0:01:01  lr: 0.000010  loss: 0.3513 (0.3513)  time: 3.2263  data: 0.9582  max mem: 0
Epoch: [234]  [18/19]  eta: 0:00:03  lr: 0.000010  loss: 0.3774 (0.3633)  time: 3.0914  data: 0.8518  max mem: 0
Epoch: [234] Total time: 0:00:58 (3.0915 s / it)
  [  0/150]  eta: 0:00:59    time: 0.3984  data: 0.1098  max mem: 0
  [ 50/150]  eta: 0:00:38    time: 0.3882  data: 0.0997  max mem: 0
  [100/150]  eta: 0:00:19    time: 0.3877  data: 0.0991  max mem: 0
  [149/150]  eta: 0:00:00    time: 0.3858  data: 0.0973  max mem: 0
 Total time: 0:00:58 (0.3877 s / it)
SDR= 1.3123023478190103
Epoch: [235]  [ 0/19]  eta: 0:00:58  lr: 0.000010  loss: 0.3775 (0.3775)  time: 3.0744  data: 0.8068  max mem: 0
Epoch: [235]  [18/19]  eta: 0:00:03  lr: 0.000010  loss: 0.6041 (0.3730)  time: 3.1032  data: 0.8646  max mem: 0
Epoch: [235] Total time: 0:00:58 (3.1033 s / it)
  [  0/150]  eta: 0:00:59    time: 0.3975  data: 0.1086  max mem: 0
  [ 50/150]  eta: 0:00:38    time: 0.3889  data: 0.1003  max mem: 0
  [100/150]  eta: 0:00:19    time: 0.3948  data: 0.1062  max mem: 0
  [149/150]  eta: 0:00:00    time: 0.3837  data: 0.0952  max mem: 0
 Total time: 0:00:58 (0.3896 s / it)
SDR= 1.3109893798828125
Epoch: [236]  [ 0/19]  eta: 0:00:59  lr: 0.000010  loss: 0.3319 (0.3319)  time: 3.1510  data: 0.8838  max mem: 0
Epoch: [236]  [18/19]  eta: 0:00:03  lr: 0.000010  loss: 0.3828 (0.3680)  time: 3.1153  data: 0.8761  max mem: 0
Epoch: [236] Total time: 0:00:59 (3.1154 s / it)
  [  0/150]  eta: 0:00:59    time: 0.3972  data: 0.1086  max mem: 0
  [ 50/150]  eta: 0:00:39    time: 0.3946  data: 0.1060  max mem: 0
  [100/150]  eta: 0:00:19    time: 0.4043  data: 0.1155  max mem: 0
  [149/150]  eta: 0:00:00    time: 0.3997  data: 0.1110  max mem: 0
 Total time: 0:01:00 (0.4001 s / it)
SDR= 1.3096627807617187
Epoch: [237]  [ 0/19]  eta: 0:01:01  lr: 0.000010  loss: 0.3727 (0.3727)  time: 3.2538  data: 0.9844  max mem: 0
Epoch: [237]  [18/19]  eta: 0:00:03  lr: 0.000010  loss: 0.3828 (0.3718)  time: 3.1662  data: 0.9261  max mem: 0
Epoch: [237] Total time: 0:01:00 (3.1663 s / it)
  [  0/150]  eta: 0:00:59    time: 0.3995  data: 0.1109  max mem: 0
  [ 50/150]  eta: 0:00:38    time: 0.3874  data: 0.0988  max mem: 0
  [100/150]  eta: 0:00:19    time: 0.4018  data: 0.1133  max mem: 0
  [149/150]  eta: 0:00:00    time: 0.4107  data: 0.1219  max mem: 0
 Total time: 0:00:59 (0.3967 s / it)
SDR= 1.3113782755533854
Epoch: [238]  [ 0/19]  eta: 0:00:59  lr: 0.000010  loss: 0.3608 (0.3608)  time: 3.1097  data: 0.8419  max mem: 0
Epoch: [238]  [18/19]  eta: 0:00:03  lr: 0.000010  loss: 0.3585 (0.3643)  time: 3.1292  data: 0.8904  max mem: 0
Epoch: [238] Total time: 0:00:59 (3.1293 s / it)
  [  0/150]  eta: 0:00:59    time: 0.3979  data: 0.1092  max mem: 0
  [ 50/150]  eta: 0:00:39    time: 0.3995  data: 0.1109  max mem: 0
  [100/150]  eta: 0:00:19    time: 0.3886  data: 0.1000  max mem: 0
  [149/150]  eta: 0:00:00    time: 0.3874  data: 0.0988  max mem: 0
 Total time: 0:00:58 (0.3931 s / it)
SDR= 1.3096277872721354
Epoch: [239]  [ 0/19]  eta: 0:00:59  lr: 0.000010  loss: 0.4074 (0.4074)  time: 3.1205  data: 0.8530  max mem: 0
Epoch: [239]  [18/19]  eta: 0:00:03  lr: 0.000010  loss: 0.4042 (0.3645)  time: 3.1215  data: 0.8828  max mem: 0
Epoch: [239] Total time: 0:00:59 (3.1217 s / it)
  [  0/150]  eta: 0:01:02    time: 0.4159  data: 0.1271  max mem: 0
  [ 50/150]  eta: 0:00:39    time: 0.4052  data: 0.1166  max mem: 0
  [100/150]  eta: 0:00:19    time: 0.3967  data: 0.1081  max mem: 0
  [149/150]  eta: 0:00:00    time: 0.4059  data: 0.1171  max mem: 0
 Total time: 0:01:00 (0.4020 s / it)
SDR= 1.310369160970052
Epoch: [240]  [ 0/19]  eta: 0:01:00  lr: 0.000010  loss: 0.4339 (0.4339)  time: 3.2049  data: 0.9372  max mem: 0
Epoch: [240]  [18/19]  eta: 0:00:03  lr: 0.000010  loss: 0.3965 (0.3660)  time: 3.0918  data: 0.8530  max mem: 0
Epoch: [240] Total time: 0:00:58 (3.0920 s / it)
  [  0/150]  eta: 0:00:59    time: 0.3992  data: 0.1106  max mem: 0
  [ 50/150]  eta: 0:00:38    time: 0.3884  data: 0.0998  max mem: 0
  [100/150]  eta: 0:00:19    time: 0.3898  data: 0.1012  max mem: 0
  [149/150]  eta: 0:00:00    time: 0.3871  data: 0.0986  max mem: 0
 Total time: 0:00:58 (0.3912 s / it)
SDR= 1.3110358683268228
Epoch: [241]  [ 0/19]  eta: 0:00:59  lr: 0.000010  loss: 0.3965 (0.3965)  time: 3.1087  data: 0.8409  max mem: 0
Epoch: [241]  [18/19]  eta: 0:00:03  lr: 0.000010  loss: 0.3379 (0.3630)  time: 3.1054  data: 0.8666  max mem: 0
Epoch: [241] Total time: 0:00:59 (3.1055 s / it)
  [  0/150]  eta: 0:01:03    time: 0.4201  data: 0.1314  max mem: 0
  [ 50/150]  eta: 0:00:40    time: 0.3936  data: 0.1051  max mem: 0
  [100/150]  eta: 0:00:19    time: 0.3883  data: 0.0997  max mem: 0
  [149/150]  eta: 0:00:00    time: 0.3936  data: 0.1050  max mem: 0
 Total time: 0:00:59 (0.3962 s / it)
SDR= 1.3101126098632812
Epoch: [242]  [ 0/19]  eta: 0:01:00  lr: 0.000010  loss: 0.4285 (0.4285)  time: 3.1786  data: 0.9112  max mem: 0
Epoch: [242]  [18/19]  eta: 0:00:03  lr: 0.000010  loss: 0.3875 (0.3729)  time: 3.1347  data: 0.8955  max mem: 0
Epoch: [242] Total time: 0:00:59 (3.1348 s / it)
  [  0/150]  eta: 0:00:59    time: 0.3989  data: 0.1101  max mem: 0
  [ 50/150]  eta: 0:00:39    time: 0.3986  data: 0.1101  max mem: 0
  [100/150]  eta: 0:00:19    time: 0.3876  data: 0.0990  max mem: 0
  [149/150]  eta: 0:00:00    time: 0.3937  data: 0.1051  max mem: 0
 Total time: 0:00:58 (0.3929 s / it)
SDR= 1.3112643432617188
Epoch: [243]  [ 0/19]  eta: 0:01:00  lr: 0.000010  loss: 0.3556 (0.3556)  time: 3.1668  data: 0.8995  max mem: 0
Epoch: [243]  [18/19]  eta: 0:00:03  lr: 0.000010  loss: 0.3614 (0.3631)  time: 3.1268  data: 0.8878  max mem: 0
Epoch: [243] Total time: 0:00:59 (3.1270 s / it)
  [  0/150]  eta: 0:00:59    time: 0.3975  data: 0.1090  max mem: 0
  [ 50/150]  eta: 0:00:39    time: 0.3897  data: 0.1012  max mem: 0
  [100/150]  eta: 0:00:19    time: 0.4009  data: 0.1124  max mem: 0
  [149/150]  eta: 0:00:00    time: 0.3986  data: 0.1100  max mem: 0
 Total time: 0:00:59 (0.3945 s / it)
SDR= 1.3098031616210937
Epoch: [244]  [ 0/19]  eta: 0:00:58  lr: 0.000010  loss: 0.3975 (0.3975)  time: 3.0928  data: 0.8244  max mem: 0
Epoch: [244]  [18/19]  eta: 0:00:03  lr: 0.000010  loss: 0.3713 (0.3639)  time: 3.1198  data: 0.8811  max mem: 0
Epoch: [244] Total time: 0:00:59 (3.1199 s / it)
  [  0/150]  eta: 0:01:01    time: 0.4133  data: 0.1245  max mem: 0
  [ 50/150]  eta: 0:00:39    time: 0.3932  data: 0.1047  max mem: 0
  [100/150]  eta: 0:00:19    time: 0.3928  data: 0.1042  max mem: 0
  [149/150]  eta: 0:00:00    time: 0.4039  data: 0.1153  max mem: 0
 Total time: 0:00:59 (0.3966 s / it)
SDR= 1.3095660400390625
Epoch: [245]  [ 0/19]  eta: 0:00:59  lr: 0.000010  loss: 0.3501 (0.3501)  time: 3.1064  data: 0.8388  max mem: 0
Epoch: [245]  [18/19]  eta: 0:00:03  lr: 0.000010  loss: 0.4111 (0.3642)  time: 3.1392  data: 0.9003  max mem: 0
Epoch: [245] Total time: 0:00:59 (3.1393 s / it)
  [  0/150]  eta: 0:01:00    time: 0.4031  data: 0.1144  max mem: 0
  [ 50/150]  eta: 0:00:39    time: 0.3949  data: 0.1062  max mem: 0
  [100/150]  eta: 0:00:19    time: 0.3953  data: 0.1067  max mem: 0
  [149/150]  eta: 0:00:00    time: 0.3892  data: 0.1007  max mem: 0
 Total time: 0:00:59 (0.3959 s / it)
SDR= 1.3088181559244791
Epoch: [246]  [ 0/19]  eta: 0:00:58  lr: 0.000010  loss: 0.3831 (0.3831)  time: 3.0992  data: 0.8316  max mem: 0
Epoch: [246]  [18/19]  eta: 0:00:03  lr: 0.000010  loss: 0.5488 (0.3759)  time: 3.0822  data: 0.8434  max mem: 0
Epoch: [246] Total time: 0:00:58 (3.0823 s / it)
  [  0/150]  eta: 0:01:00    time: 0.4015  data: 0.1125  max mem: 0
  [ 50/150]  eta: 0:00:39    time: 0.4067  data: 0.1180  max mem: 0
  [100/150]  eta: 0:00:20    time: 0.4060  data: 0.1174  max mem: 0
  [149/150]  eta: 0:00:00    time: 0.3896  data: 0.1010  max mem: 0
 Total time: 0:01:00 (0.4012 s / it)
SDR= 1.3104681396484374
Epoch: [247]  [ 0/19]  eta: 0:01:00  lr: 0.000010  loss: 0.3331 (0.3331)  time: 3.1737  data: 0.9064  max mem: 0
Epoch: [247]  [18/19]  eta: 0:00:03  lr: 0.000010  loss: 0.3830 (0.3596)  time: 3.1508  data: 0.9116  max mem: 0
Epoch: [247] Total time: 0:00:59 (3.1510 s / it)
  [  0/150]  eta: 0:01:02    time: 0.4167  data: 0.1281  max mem: 0
  [ 50/150]  eta: 0:00:39    time: 0.3967  data: 0.1081  max mem: 0
  [100/150]  eta: 0:00:19    time: 0.3872  data: 0.0987  max mem: 0
  [149/150]  eta: 0:00:00    time: 0.4042  data: 0.1155  max mem: 0
 Total time: 0:00:59 (0.3957 s / it)
SDR= 1.310187784830729
Epoch: [248]  [ 0/19]  eta: 0:00:58  lr: 0.000010  loss: 0.3578 (0.3578)  time: 3.0921  data: 0.8230  max mem: 0
Epoch: [248]  [18/19]  eta: 0:00:03  lr: 0.000010  loss: 0.4914 (0.3693)  time: 3.1327  data: 0.8940  max mem: 0
Epoch: [248] Total time: 0:00:59 (3.1328 s / it)
  [  0/150]  eta: 0:00:59    time: 0.3984  data: 0.1094  max mem: 0
  [ 50/150]  eta: 0:00:39    time: 0.3889  data: 0.1003  max mem: 0
  [100/150]  eta: 0:00:19    time: 0.4032  data: 0.1145  max mem: 0
  [149/150]  eta: 0:00:00    time: 0.3941  data: 0.1054  max mem: 0
 Total time: 0:00:59 (0.3944 s / it)
SDR= 1.3095093790690104
Epoch: [249]  [ 0/19]  eta: 0:01:01  lr: 0.000010  loss: 0.3512 (0.3512)  time: 3.2298  data: 0.9626  max mem: 0
Epoch: [249]  [18/19]  eta: 0:00:03  lr: 0.000010  loss: 0.4011 (0.3656)  time: 3.1266  data: 0.8876  max mem: 0
Epoch: [249] Total time: 0:00:59 (3.1267 s / it)
  [  0/150]  eta: 0:01:00    time: 0.4018  data: 0.1132  max mem: 0
  [ 50/150]  eta: 0:00:40    time: 0.4050  data: 0.1163  max mem: 0
  [100/150]  eta: 0:00:20    time: 0.4002  data: 0.1116  max mem: 0
  [149/150]  eta: 0:00:00    time: 0.3874  data: 0.0988  max mem: 0
 Total time: 0:00:59 (0.3978 s / it)
SDR= 1.3097066243489583
Epoch: [250]  [ 0/19]  eta: 0:00:58  lr: 0.000010  loss: 0.3619 (0.3619)  time: 3.1010  data: 0.8335  max mem: 0
Epoch: [250]  [18/19]  eta: 0:00:03  lr: 0.000010  loss: 0.3867 (0.3636)  time: 3.0916  data: 0.8527  max mem: 0
Epoch: [250] Total time: 0:00:58 (3.0917 s / it)
  [  0/150]  eta: 0:01:00    time: 0.4042  data: 0.1156  max mem: 0
  [ 50/150]  eta: 0:00:39    time: 0.3898  data: 0.1012  max mem: 0
  [100/150]  eta: 0:00:19    time: 0.3886  data: 0.1001  max mem: 0
  [149/150]  eta: 0:00:00    time: 0.4014  data: 0.1128  max mem: 0
 Total time: 0:00:59 (0.3960 s / it)
SDR= 1.3098462931315105
Epoch: [251]  [ 0/19]  eta: 0:00:58  lr: 0.000010  loss: 0.3524 (0.3524)  time: 3.0920  data: 0.8239  max mem: 0
Epoch: [251]  [18/19]  eta: 0:00:03  lr: 0.000010  loss: 0.3997 (0.3682)  time: 3.1240  data: 0.8851  max mem: 0
Epoch: [251] Total time: 0:00:59 (3.1241 s / it)
  [  0/150]  eta: 0:00:59    time: 0.3989  data: 0.1099  max mem: 0
  [ 50/150]  eta: 0:00:39    time: 0.3887  data: 0.1001  max mem: 0
  [100/150]  eta: 0:00:19    time: 0.3898  data: 0.1013  max mem: 0
  [149/150]  eta: 0:00:00    time: 0.3905  data: 0.1018  max mem: 0
 Total time: 0:00:59 (0.3948 s / it)
SDR= 1.3103700764973958
Epoch: [252]  [ 0/19]  eta: 0:00:58  lr: 0.000010  loss: 0.3373 (0.3373)  time: 3.0973  data: 0.8298  max mem: 0
Epoch: [252]  [18/19]  eta: 0:00:03  lr: 0.000010  loss: 0.3720 (0.3577)  time: 3.1057  data: 0.8669  max mem: 0
Epoch: [252] Total time: 0:00:59 (3.1058 s / it)
  [  0/150]  eta: 0:01:02    time: 0.4166  data: 0.1278  max mem: 0
  [ 50/150]  eta: 0:00:39    time: 0.3906  data: 0.1020  max mem: 0
  [100/150]  eta: 0:00:19    time: 0.3880  data: 0.0994  max mem: 0
  [149/150]  eta: 0:00:00    time: 0.4072  data: 0.1184  max mem: 0
 Total time: 0:00:59 (0.3981 s / it)
SDR= 1.3112166341145832
Epoch: [253]  [ 0/19]  eta: 0:00:59  lr: 0.000010  loss: 0.3686 (0.3686)  time: 3.1115  data: 0.8436  max mem: 0
Epoch: [253]  [18/19]  eta: 0:00:03  lr: 0.000010  loss: 0.3639 (0.3635)  time: 3.1304  data: 0.8913  max mem: 0
Epoch: [253] Total time: 0:00:59 (3.1305 s / it)
  [  0/150]  eta: 0:01:03    time: 0.4259  data: 0.1369  max mem: 0
  [ 50/150]  eta: 0:00:40    time: 0.4131  data: 0.1245  max mem: 0
  [100/150]  eta: 0:00:20    time: 0.3917  data: 0.1032  max mem: 0
  [149/150]  eta: 0:00:00    time: 0.3939  data: 0.1054  max mem: 0
 Total time: 0:01:00 (0.4022 s / it)
SDR= 1.31048095703125
Epoch: [254]  [ 0/19]  eta: 0:00:59  lr: 0.000010  loss: 0.3447 (0.3447)  time: 3.1187  data: 0.8512  max mem: 0
Epoch: [254]  [18/19]  eta: 0:00:03  lr: 0.000010  loss: 0.4678 (0.3670)  time: 3.1314  data: 0.8925  max mem: 0
Epoch: [254] Total time: 0:00:59 (3.1315 s / it)
  [  0/150]  eta: 0:00:59    time: 0.3995  data: 0.1107  max mem: 0
  [ 50/150]  eta: 0:00:40    time: 0.3949  data: 0.1063  max mem: 0
  [100/150]  eta: 0:00:19    time: 0.4090  data: 0.1203  max mem: 0
  [149/150]  eta: 0:00:00    time: 0.3935  data: 0.1048  max mem: 0
 Total time: 0:00:59 (0.3999 s / it)
SDR= 1.3094332885742188
Epoch: [255]  [ 0/19]  eta: 0:01:01  lr: 0.000010  loss: 0.3576 (0.3576)  time: 3.2377  data: 0.9702  max mem: 0
Epoch: [255]  [18/19]  eta: 0:00:03  lr: 0.000010  loss: 0.4841 (0.3670)  time: 3.1540  data: 0.9151  max mem: 0
Epoch: [255] Total time: 0:00:59 (3.1541 s / it)
  [  0/150]  eta: 0:01:02    time: 0.4148  data: 0.1261  max mem: 0
  [ 50/150]  eta: 0:00:39    time: 0.3968  data: 0.1082  max mem: 0
  [100/150]  eta: 0:00:19    time: 0.4043  data: 0.1157  max mem: 0
  [149/150]  eta: 0:00:00    time: 0.3957  data: 0.1069  max mem: 0
 Total time: 0:00:59 (0.3977 s / it)
SDR= 1.3091044108072916
Epoch: [256]  [ 0/19]  eta: 0:01:01  lr: 0.000010  loss: 0.3662 (0.3662)  time: 3.2124  data: 0.9453  max mem: 0
Epoch: [256]  [18/19]  eta: 0:00:03  lr: 0.000010  loss: 0.3943 (0.3671)  time: 3.1178  data: 0.8789  max mem: 0
Epoch: [256] Total time: 0:00:59 (3.1179 s / it)
  [  0/150]  eta: 0:00:59    time: 0.3985  data: 0.1099  max mem: 0
  [ 50/150]  eta: 0:00:39    time: 0.3920  data: 0.1033  max mem: 0
  [100/150]  eta: 0:00:20    time: 0.4126  data: 0.1239  max mem: 0
  [149/150]  eta: 0:00:00    time: 0.3920  data: 0.1033  max mem: 0
 Total time: 0:01:00 (0.4007 s / it)
SDR= 1.3102406819661458
Epoch: [257]  [ 0/19]  eta: 0:01:01  lr: 0.000010  loss: 0.3330 (0.3330)  time: 3.2553  data: 0.9874  max mem: 0
Epoch: [257]  [18/19]  eta: 0:00:03  lr: 0.000010  loss: 0.3704 (0.3658)  time: 3.2254  data: 0.9862  max mem: 0
Epoch: [257] Total time: 0:01:01 (3.2255 s / it)
  [  0/150]  eta: 0:01:00    time: 0.4006  data: 0.1119  max mem: 0
  [ 50/150]  eta: 0:00:40    time: 0.4123  data: 0.1236  max mem: 0
  [100/150]  eta: 0:00:20    time: 0.3986  data: 0.1099  max mem: 0
  [149/150]  eta: 0:00:00    time: 0.3901  data: 0.1014  max mem: 0
 Total time: 0:01:00 (0.4010 s / it)
SDR= 1.3121111043294271
Epoch: [258]  [ 0/19]  eta: 0:01:03  lr: 0.000010  loss: 0.3584 (0.3584)  time: 3.3626  data: 1.0948  max mem: 0
Epoch: [258]  [18/19]  eta: 0:00:03  lr: 0.000010  loss: 0.4272 (0.3661)  time: 3.1678  data: 0.9286  max mem: 0
Epoch: [258] Total time: 0:01:00 (3.1679 s / it)
  [  0/150]  eta: 0:01:00    time: 0.4015  data: 0.1130  max mem: 0
  [ 50/150]  eta: 0:00:39    time: 0.3995  data: 0.1109  max mem: 0
  [100/150]  eta: 0:00:20    time: 0.4041  data: 0.1154  max mem: 0
  [149/150]  eta: 0:00:00    time: 0.3898  data: 0.1012  max mem: 0
 Total time: 0:01:00 (0.4007 s / it)
SDR= 1.3090146891276042
Epoch: [259]  [ 0/19]  eta: 0:00:59  lr: 0.000010  loss: 0.3777 (0.3777)  time: 3.1092  data: 0.8415  max mem: 0
Epoch: [259]  [18/19]  eta: 0:00:03  lr: 0.000010  loss: 0.4293 (0.3583)  time: 3.1520  data: 0.9133  max mem: 0
Epoch: [259] Total time: 0:00:59 (3.1522 s / it)
  [  0/150]  eta: 0:01:00    time: 0.4051  data: 0.1165  max mem: 0
  [ 50/150]  eta: 0:00:39    time: 0.3961  data: 0.1075  max mem: 0
  [100/150]  eta: 0:00:19    time: 0.3949  data: 0.1063  max mem: 0
  [149/150]  eta: 0:00:00    time: 0.3901  data: 0.1014  max mem: 0
 Total time: 0:00:59 (0.3945 s / it)
SDR= 1.3125515747070313
Epoch: [260]  [ 0/19]  eta: 0:00:59  lr: 0.000010  loss: 0.3427 (0.3427)  time: 3.1150  data: 0.8464  max mem: 0
Epoch: [260]  [18/19]  eta: 0:00:03  lr: 0.000010  loss: 0.4449 (0.3683)  time: 3.1491  data: 0.9103  max mem: 0
Epoch: [260] Total time: 0:00:59 (3.1492 s / it)
  [  0/150]  eta: 0:01:00    time: 0.4019  data: 0.1132  max mem: 0
  [ 50/150]  eta: 0:00:39    time: 0.3905  data: 0.1018  max mem: 0
  [100/150]  eta: 0:00:20    time: 0.3903  data: 0.1017  max mem: 0
  [149/150]  eta: 0:00:00    time: 0.4113  data: 0.1225  max mem: 0
 Total time: 0:01:00 (0.4020 s / it)
SDR= 1.3118857828776043
Epoch: [261]  [ 0/19]  eta: 0:01:01  lr: 0.000010  loss: 0.3504 (0.3504)  time: 3.2412  data: 0.9737  max mem: 0
Epoch: [261]  [18/19]  eta: 0:00:03  lr: 0.000010  loss: 0.3853 (0.3589)  time: 3.1720  data: 0.9333  max mem: 0
Epoch: [261] Total time: 0:01:00 (3.1721 s / it)
  [  0/150]  eta: 0:01:00    time: 0.4009  data: 0.1122  max mem: 0
  [ 50/150]  eta: 0:00:39    time: 0.3959  data: 0.1071  max mem: 0
  [100/150]  eta: 0:00:19    time: 0.4016  data: 0.1129  max mem: 0
  [149/150]  eta: 0:00:00    time: 0.4005  data: 0.1120  max mem: 0
 Total time: 0:01:00 (0.4004 s / it)
SDR= 1.3090744018554688
Epoch: [262]  [ 0/19]  eta: 0:00:59  lr: 0.000010  loss: 0.3529 (0.3529)  time: 3.1290  data: 0.8620  max mem: 0
Epoch: [262]  [18/19]  eta: 0:00:03  lr: 0.000010  loss: 0.3366 (0.3563)  time: 3.1513  data: 0.9123  max mem: 0
Epoch: [262] Total time: 0:00:59 (3.1514 s / it)
  [  0/150]  eta: 0:01:00    time: 0.4015  data: 0.1128  max mem: 0
  [ 50/150]  eta: 0:00:40    time: 0.4096  data: 0.1209  max mem: 0
  [100/150]  eta: 0:00:20    time: 0.4018  data: 0.1132  max mem: 0
  [149/150]  eta: 0:00:00    time: 0.3943  data: 0.1053  max mem: 0
 Total time: 0:01:00 (0.4004 s / it)
SDR= 1.310506591796875
Epoch: [263]  [ 0/19]  eta: 0:00:59  lr: 0.000010  loss: 0.3400 (0.3400)  time: 3.1332  data: 0.8660  max mem: 0
Epoch: [263]  [18/19]  eta: 0:00:03  lr: 0.000010  loss: 0.4091 (0.3590)  time: 3.1432  data: 0.9043  max mem: 0
Epoch: [263] Total time: 0:00:59 (3.1433 s / it)
  [  0/150]  eta: 0:00:59    time: 0.3985  data: 0.1096  max mem: 0
  [ 50/150]  eta: 0:00:40    time: 0.4053  data: 0.1167  max mem: 0
  [100/150]  eta: 0:00:20    time: 0.4016  data: 0.1129  max mem: 0
  [149/150]  eta: 0:00:00    time: 0.3930  data: 0.1043  max mem: 0
 Total time: 0:01:00 (0.4016 s / it)
SDR= 1.3121513875325521
Epoch: [264]  [ 0/19]  eta: 0:00:59  lr: 0.000010  loss: 0.3406 (0.3406)  time: 3.1211  data: 0.8535  max mem: 0
Epoch: [264]  [18/19]  eta: 0:00:03  lr: 0.000010  loss: 0.3895 (0.3684)  time: 3.2018  data: 0.9623  max mem: 0
Epoch: [264] Total time: 0:01:00 (3.2019 s / it)
  [  0/150]  eta: 0:01:02    time: 0.4165  data: 0.1273  max mem: 0
  [ 50/150]  eta: 0:00:39    time: 0.3909  data: 0.1023  max mem: 0
  [100/150]  eta: 0:00:19    time: 0.4022  data: 0.1136  max mem: 0
  [149/150]  eta: 0:00:00    time: 0.3950  data: 0.1062  max mem: 0
 Total time: 0:00:59 (0.3948 s / it)
SDR= 1.3111683146158855
Epoch: [265]  [ 0/19]  eta: 0:01:01  lr: 0.000010  loss: 0.3529 (0.3529)  time: 3.2374  data: 0.9697  max mem: 0
Epoch: [265]  [18/19]  eta: 0:00:03  lr: 0.000010  loss: 0.3669 (0.3650)  time: 3.1898  data: 0.9506  max mem: 0
Epoch: [265] Total time: 0:01:00 (3.1899 s / it)
  [  0/150]  eta: 0:01:04    time: 0.4326  data: 0.1440  max mem: 0
  [ 50/150]  eta: 0:00:39    time: 0.3961  data: 0.1075  max mem: 0
  [100/150]  eta: 0:00:19    time: 0.3928  data: 0.1042  max mem: 0
  [149/150]  eta: 0:00:00    time: 0.3886  data: 0.1000  max mem: 0
 Total time: 0:00:59 (0.3955 s / it)
SDR= 1.3113114420572918
Epoch: [266]  [ 0/19]  eta: 0:00:58  lr: 0.000010  loss: 0.3390 (0.3390)  time: 3.0952  data: 0.8276  max mem: 0
Epoch: [266]  [18/19]  eta: 0:00:03  lr: 0.000010  loss: 0.3358 (0.3589)  time: 3.1365  data: 0.8974  max mem: 0
Epoch: [266] Total time: 0:00:59 (3.1366 s / it)
  [  0/150]  eta: 0:01:02    time: 0.4196  data: 0.1305  max mem: 0
  [ 50/150]  eta: 0:00:39    time: 0.3962  data: 0.1076  max mem: 0
  [100/150]  eta: 0:00:20    time: 0.3952  data: 0.1066  max mem: 0
  [149/150]  eta: 0:00:00    time: 0.3996  data: 0.1109  max mem: 0
 Total time: 0:01:00 (0.4002 s / it)
SDR= 1.3104674275716146
Epoch: [267]  [ 0/19]  eta: 0:01:01  lr: 0.000010  loss: 0.3625 (0.3625)  time: 3.2313  data: 0.9638  max mem: 0
Epoch: [267]  [18/19]  eta: 0:00:03  lr: 0.000010  loss: 0.3587 (0.3629)  time: 3.1781  data: 0.9388  max mem: 0
Epoch: [267] Total time: 0:01:00 (3.1782 s / it)
  [  0/150]  eta: 0:01:02    time: 0.4171  data: 0.1283  max mem: 0
  [ 50/150]  eta: 0:00:39    time: 0.3936  data: 0.1049  max mem: 0
  [100/150]  eta: 0:00:20    time: 0.4011  data: 0.1124  max mem: 0
  [149/150]  eta: 0:00:00    time: 0.4022  data: 0.1134  max mem: 0
 Total time: 0:00:59 (0.4000 s / it)
SDR= 1.3111827596028647
Epoch: [268]  [ 0/19]  eta: 0:00:59  lr: 0.000010  loss: 0.3514 (0.3514)  time: 3.1149  data: 0.8473  max mem: 0
Epoch: [268]  [18/19]  eta: 0:00:03  lr: 0.000010  loss: 0.3651 (0.3698)  time: 3.1835  data: 0.9445  max mem: 0
Epoch: [268] Total time: 0:01:00 (3.1836 s / it)
  [  0/150]  eta: 0:01:02    time: 0.4162  data: 0.1276  max mem: 0
  [ 50/150]  eta: 0:00:40    time: 0.3964  data: 0.1077  max mem: 0
  [100/150]  eta: 0:00:20    time: 0.3943  data: 0.1057  max mem: 0
  [149/150]  eta: 0:00:00    time: 0.3959  data: 0.1072  max mem: 0
 Total time: 0:01:00 (0.4022 s / it)
SDR= 1.3108899943033854
Epoch: [269]  [ 0/19]  eta: 0:01:02  lr: 0.000010  loss: 0.3865 (0.3865)  time: 3.2760  data: 1.0081  max mem: 0
Epoch: [269]  [18/19]  eta: 0:00:03  lr: 0.000010  loss: 0.3693 (0.3584)  time: 3.1770  data: 0.9383  max mem: 0
Epoch: [269] Total time: 0:01:00 (3.1771 s / it)
  [  0/150]  eta: 0:01:02    time: 0.4191  data: 0.1305  max mem: 0
  [ 50/150]  eta: 0:00:40    time: 0.4022  data: 0.1135  max mem: 0
  [100/150]  eta: 0:00:20    time: 0.3914  data: 0.1028  max mem: 0
  [149/150]  eta: 0:00:00    time: 0.3972  data: 0.1085  max mem: 0
 Total time: 0:01:00 (0.4009 s / it)
SDR= 1.3112774658203126
Epoch: [270]  [ 0/19]  eta: 0:01:01  lr: 0.000010  loss: 0.3690 (0.3690)  time: 3.2456  data: 0.9772  max mem: 0
Epoch: [270]  [18/19]  eta: 0:00:03  lr: 0.000010  loss: 0.3778 (0.3616)  time: 3.1911  data: 0.9520  max mem: 0
Epoch: [270] Total time: 0:01:00 (3.1913 s / it)
  [  0/150]  eta: 0:00:59    time: 0.4000  data: 0.1113  max mem: 0
  [ 50/150]  eta: 0:00:39    time: 0.3899  data: 0.1013  max mem: 0
  [100/150]  eta: 0:00:19    time: 0.4064  data: 0.1177  max mem: 0
  [149/150]  eta: 0:00:00    time: 0.3888  data: 0.1002  max mem: 0
 Total time: 0:00:59 (0.3981 s / it)
SDR= 1.3099319458007812
Epoch: [271]  [ 0/19]  eta: 0:00:59  lr: 0.000010  loss: 0.3957 (0.3957)  time: 3.1206  data: 0.8536  max mem: 0
Epoch: [271]  [18/19]  eta: 0:00:03  lr: 0.000010  loss: 0.4029 (0.3685)  time: 3.1265  data: 0.8871  max mem: 0
Epoch: [271] Total time: 0:00:59 (3.1266 s / it)
  [  0/150]  eta: 0:00:59    time: 0.3968  data: 0.1079  max mem: 0
  [ 50/150]  eta: 0:00:39    time: 0.3951  data: 0.1065  max mem: 0
  [100/150]  eta: 0:00:20    time: 0.3988  data: 0.1101  max mem: 0
  [149/150]  eta: 0:00:00    time: 0.4070  data: 0.1183  max mem: 0
 Total time: 0:01:00 (0.4047 s / it)
SDR= 1.310700887044271
Epoch: [272]  [ 0/19]  eta: 0:00:59  lr: 0.000010  loss: 0.3788 (0.3788)  time: 3.1268  data: 0.8597  max mem: 0
Epoch: [272]  [18/19]  eta: 0:00:03  lr: 0.000010  loss: 0.5027 (0.3643)  time: 3.1694  data: 0.9299  max mem: 0
Epoch: [272] Total time: 0:01:00 (3.1695 s / it)
  [  0/150]  eta: 0:00:59    time: 0.3965  data: 0.1080  max mem: 0
  [ 50/150]  eta: 0:00:40    time: 0.4114  data: 0.1227  max mem: 0
  [100/150]  eta: 0:00:20    time: 0.3927  data: 0.1041  max mem: 0
  [149/150]  eta: 0:00:00    time: 0.3888  data: 0.1002  max mem: 0
 Total time: 0:00:59 (0.3988 s / it)
SDR= 1.3098793538411457
Epoch: [273]  [ 0/19]  eta: 0:00:59  lr: 0.000010  loss: 0.3386 (0.3386)  time: 3.1150  data: 0.8477  max mem: 0
Epoch: [273]  [18/19]  eta: 0:00:03  lr: 0.000010  loss: 0.4182 (0.3538)  time: 3.1494  data: 0.9105  max mem: 0
Epoch: [273] Total time: 0:00:59 (3.1496 s / it)
  [  0/150]  eta: 0:01:00    time: 0.4014  data: 0.1127  max mem: 0
  [ 50/150]  eta: 0:00:39    time: 0.3918  data: 0.1032  max mem: 0
  [100/150]  eta: 0:00:19    time: 0.3962  data: 0.1075  max mem: 0
  [149/150]  eta: 0:00:00    time: 0.4214  data: 0.1326  max mem: 0
 Total time: 0:00:59 (0.3973 s / it)
SDR= 1.309996134440104
Epoch: [274]  [ 0/19]  eta: 0:01:01  lr: 0.000010  loss: 0.3759 (0.3759)  time: 3.2298  data: 0.9614  max mem: 0
Epoch: [274]  [18/19]  eta: 0:00:03  lr: 0.000010  loss: 0.4701 (0.3584)  time: 3.1418  data: 0.9020  max mem: 0
Epoch: [274] Total time: 0:00:59 (3.1419 s / it)
  [  0/150]  eta: 0:01:00    time: 0.4010  data: 0.1124  max mem: 0
  [ 50/150]  eta: 0:00:40    time: 0.4077  data: 0.1190  max mem: 0
  [100/150]  eta: 0:00:20    time: 0.3966  data: 0.1079  max mem: 0
  [149/150]  eta: 0:00:00    time: 0.3948  data: 0.1061  max mem: 0
 Total time: 0:00:59 (0.3980 s / it)
SDR= 1.308718465169271
Epoch: [275]  [ 0/19]  eta: 0:00:59  lr: 0.000010  loss: 0.3270 (0.3270)  time: 3.1174  data: 0.8481  max mem: 0
Epoch: [275]  [18/19]  eta: 0:00:03  lr: 0.000010  loss: 0.3480 (0.3620)  time: 3.2040  data: 0.9647  max mem: 0
Epoch: [275] Total time: 0:01:00 (3.2041 s / it)
  [  0/150]  eta: 0:00:59    time: 0.3998  data: 0.1109  max mem: 0
  [ 50/150]  eta: 0:00:39    time: 0.3906  data: 0.1020  max mem: 0
  [100/150]  eta: 0:00:19    time: 0.3990  data: 0.1104  max mem: 0
  [149/150]  eta: 0:00:00    time: 0.4006  data: 0.1118  max mem: 0
 Total time: 0:00:59 (0.3958 s / it)
SDR= 1.3105335489908854
Epoch: [276]  [ 0/19]  eta: 0:00:58  lr: 0.000010  loss: 0.3458 (0.3458)  time: 3.0942  data: 0.8253  max mem: 0
Epoch: [276]  [18/19]  eta: 0:00:03  lr: 0.000010  loss: 0.3977 (0.3548)  time: 3.1235  data: 0.8844  max mem: 0
Epoch: [276] Total time: 0:00:59 (3.1236 s / it)
  [  0/150]  eta: 0:01:00    time: 0.4010  data: 0.1124  max mem: 0
  [ 50/150]  eta: 0:00:39    time: 0.3888  data: 0.1001  max mem: 0
  [100/150]  eta: 0:00:19    time: 0.3956  data: 0.1070  max mem: 0
  [149/150]  eta: 0:00:00    time: 0.3984  data: 0.1098  max mem: 0
 Total time: 0:00:59 (0.3974 s / it)
SDR= 1.3103692626953125
Epoch: [277]  [ 0/19]  eta: 0:01:00  lr: 0.000010  loss: 0.3665 (0.3665)  time: 3.2101  data: 0.9415  max mem: 0
Epoch: [277]  [18/19]  eta: 0:00:03  lr: 0.000010  loss: 0.3826 (0.3576)  time: 3.1867  data: 0.9462  max mem: 0
Epoch: [277] Total time: 0:01:00 (3.1869 s / it)
  [  0/150]  eta: 0:01:04    time: 0.4306  data: 0.1418  max mem: 0
  [ 50/150]  eta: 0:00:39    time: 0.3899  data: 0.1013  max mem: 0
  [100/150]  eta: 0:00:19    time: 0.4017  data: 0.1130  max mem: 0
  [149/150]  eta: 0:00:00    time: 0.3941  data: 0.1054  max mem: 0
 Total time: 0:00:59 (0.3981 s / it)
SDR= 1.3123563639322917
Epoch: [278]  [ 0/19]  eta: 0:01:00  lr: 0.000010  loss: 0.3383 (0.3383)  time: 3.2064  data: 0.9383  max mem: 0
Epoch: [278]  [18/19]  eta: 0:00:03  lr: 0.000010  loss: 0.4136 (0.3552)  time: 3.1979  data: 0.9588  max mem: 0
Epoch: [278] Total time: 0:01:00 (3.1980 s / it)
  [  0/150]  eta: 0:01:02    time: 0.4171  data: 0.1282  max mem: 0
  [ 50/150]  eta: 0:00:39    time: 0.3983  data: 0.1096  max mem: 0
  [100/150]  eta: 0:00:19    time: 0.3890  data: 0.1003  max mem: 0
  [149/150]  eta: 0:00:00    time: 0.3890  data: 0.1004  max mem: 0
 Total time: 0:00:58 (0.3927 s / it)
SDR= 1.3115328979492187
Epoch: [279]  [ 0/19]  eta: 0:01:05  lr: 0.000010  loss: 0.3347 (0.3347)  time: 3.4238  data: 1.1557  max mem: 0
Epoch: [279]  [18/19]  eta: 0:00:03  lr: 0.000010  loss: 0.3888 (0.3530)  time: 3.1585  data: 0.9193  max mem: 0
Epoch: [279] Total time: 0:01:00 (3.1586 s / it)
  [  0/150]  eta: 0:01:00    time: 0.4008  data: 0.1120  max mem: 0
  [ 50/150]  eta: 0:00:39    time: 0.3994  data: 0.1105  max mem: 0
  [100/150]  eta: 0:00:19    time: 0.4011  data: 0.1124  max mem: 0
  [149/150]  eta: 0:00:00    time: 0.4060  data: 0.1172  max mem: 0
 Total time: 0:00:59 (0.3989 s / it)
SDR= 1.3099744669596354
Epoch: [280]  [ 0/19]  eta: 0:00:58  lr: 0.000010  loss: 0.3268 (0.3268)  time: 3.0936  data: 0.8241  max mem: 0
Epoch: [280]  [18/19]  eta: 0:00:03  lr: 0.000010  loss: 0.3808 (0.3519)  time: 3.1268  data: 0.8880  max mem: 0
Epoch: [280] Total time: 0:00:59 (3.1269 s / it)
  [  0/150]  eta: 0:01:06    time: 0.4457  data: 0.1569  max mem: 0
  [ 50/150]  eta: 0:00:39    time: 0.3935  data: 0.1049  max mem: 0
  [100/150]  eta: 0:00:19    time: 0.4107  data: 0.1221  max mem: 0
  [149/150]  eta: 0:00:00    time: 0.4132  data: 0.1244  max mem: 0
 Total time: 0:01:00 (0.4005 s / it)
SDR= 1.3101636759440105
Epoch: [281]  [ 0/19]  eta: 0:01:00  lr: 0.000010  loss: 0.3286 (0.3286)  time: 3.2061  data: 0.9386  max mem: 0
Epoch: [281]  [18/19]  eta: 0:00:03  lr: 0.000010  loss: 0.6674 (0.3661)  time: 3.1890  data: 0.9497  max mem: 0
Epoch: [281] Total time: 0:01:00 (3.1892 s / it)
  [  0/150]  eta: 0:00:59    time: 0.3990  data: 0.1104  max mem: 0
  [ 50/150]  eta: 0:00:39    time: 0.3918  data: 0.1031  max mem: 0
  [100/150]  eta: 0:00:19    time: 0.3937  data: 0.1051  max mem: 0
  [149/150]  eta: 0:00:00    time: 0.4009  data: 0.1122  max mem: 0
 Total time: 0:00:59 (0.3937 s / it)
SDR= 1.3103254191080729
Epoch: [282]  [ 0/19]  eta: 0:01:00  lr: 0.000010  loss: 0.3311 (0.3311)  time: 3.1683  data: 0.9016  max mem: 0
Epoch: [282]  [18/19]  eta: 0:00:03  lr: 0.000010  loss: 0.3833 (0.3592)  time: 3.1748  data: 0.9352  max mem: 0
Epoch: [282] Total time: 0:01:00 (3.1749 s / it)
  [  0/150]  eta: 0:01:00    time: 0.4007  data: 0.1116  max mem: 0
  [ 50/150]  eta: 0:00:40    time: 0.4148  data: 0.1261  max mem: 0
  [100/150]  eta: 0:00:19    time: 0.3938  data: 0.1052  max mem: 0
  [149/150]  eta: 0:00:00    time: 0.3983  data: 0.1096  max mem: 0
 Total time: 0:01:00 (0.4015 s / it)
SDR= 1.3127398681640625
Epoch: [283]  [ 0/19]  eta: 0:01:01  lr: 0.000010  loss: 0.3261 (0.3261)  time: 3.2523  data: 0.9841  max mem: 0
Epoch: [283]  [18/19]  eta: 0:00:03  lr: 0.000010  loss: 0.3714 (0.3622)  time: 3.1930  data: 0.9526  max mem: 0
Epoch: [283] Total time: 0:01:00 (3.1931 s / it)
  [  0/150]  eta: 0:01:02    time: 0.4188  data: 0.1303  max mem: 0
