[Warning] Fused window process have not been installed. Please refer to get_started.md for installation.
Namespace(device='cuda:1', data_path='/home/jxzhu/MBSI/data', fixed_size=[672, 672], num_joints=29, output_dir='/home/jxzhu/NewNet/weight1', resume='', start_epoch=0, epochs=300, lr_steps=[170, 200], lr_gamma=0.1, lr=0.001, weight_decay=0.0001, batch_size=8, amp=False)
Using cuda device training.
Epoch: [0]  [  0/114]  eta: 0:10:17  lr: 0.000010  loss: 2409.2144 (2409.2144)  time: 5.4189  data: 1.9782  max mem: 0
Epoch: [0]  [ 50/114]  eta: 0:04:14  lr: 0.000452  loss: 2025.7761 (2213.7652)  time: 3.9978  data: 1.7446  max mem: 0
Epoch: [0]  [100/114]  eta: 0:00:55  lr: 0.000894  loss: 1103.0695 (1887.7653)  time: 3.9141  data: 1.6616  max mem: 0
Epoch: [0]  [113/114]  eta: 0:00:03  lr: 0.001000  loss: 864.6269 (1778.7521)  time: 3.9409  data: 1.6937  max mem: 0
Epoch: [0] Total time: 0:07:28 (3.9344 s / it)
  [  0/171]  eta: 0:01:40    time: 0.5906  data: 0.1578  max mem: 0
  [ 50/171]  eta: 0:00:58    time: 0.5195  data: 0.2318  max mem: 0
  [100/171]  eta: 0:00:34    time: 0.4552  data: 0.1675  max mem: 0
  [150/171]  eta: 0:00:10    time: 0.5313  data: 0.2436  max mem: 0
  [170/171]  eta: 0:00:00    time: 0.5329  data: 0.2451  max mem: 0
 Total time: 0:01:26 (0.5051 s / it)
SDR= 4.43039410036379
Epoch: [1]  [  0/114]  eta: 0:07:42  lr: 0.001000  loss: 1083.6956 (1083.6956)  time: 4.0542  data: 1.8009  max mem: 0
Epoch: [1]  [ 50/114]  eta: 0:04:13  lr: 0.001000  loss: 426.2764 (593.2987)  time: 3.9557  data: 1.7025  max mem: 0
Epoch: [1]  [100/114]  eta: 0:00:55  lr: 0.001000  loss: 330.3391 (475.4856)  time: 3.9284  data: 1.6755  max mem: 0
Epoch: [1]  [113/114]  eta: 0:00:03  lr: 0.001000  loss: 300.6551 (456.7494)  time: 3.8964  data: 1.6582  max mem: 0
Epoch: [1] Total time: 0:07:31 (3.9571 s / it)
  [  0/171]  eta: 0:01:19    time: 0.4635  data: 0.1757  max mem: 0
  [ 50/171]  eta: 0:00:59    time: 0.5278  data: 0.2400  max mem: 0
  [100/171]  eta: 0:00:34    time: 0.4825  data: 0.1947  max mem: 0
  [150/171]  eta: 0:00:10    time: 0.5360  data: 0.2482  max mem: 0
  [170/171]  eta: 0:00:00    time: 0.5434  data: 0.2557  max mem: 0
 Total time: 0:01:27 (0.5120 s / it)
SDR= 2.104671877354031
Epoch: [2]  [  0/114]  eta: 0:07:18  lr: 0.001000  loss: 313.2036 (313.2036)  time: 3.8502  data: 1.5967  max mem: 0
Epoch: [2]  [ 50/114]  eta: 0:04:12  lr: 0.001000  loss: 282.6814 (288.7172)  time: 4.0160  data: 1.7627  max mem: 0
Epoch: [2]  [100/114]  eta: 0:00:55  lr: 0.001000  loss: 275.3752 (272.7867)  time: 3.9613  data: 1.7085  max mem: 0
Epoch: [2]  [113/114]  eta: 0:00:03  lr: 0.001000  loss: 228.2773 (269.8302)  time: 3.9685  data: 1.7301  max mem: 0
Epoch: [2] Total time: 0:07:31 (3.9627 s / it)
  [  0/171]  eta: 0:01:18    time: 0.4580  data: 0.1700  max mem: 0
  [ 50/171]  eta: 0:01:00    time: 0.5386  data: 0.2510  max mem: 0
  [100/171]  eta: 0:00:34    time: 0.4639  data: 0.1763  max mem: 0
  [150/171]  eta: 0:00:10    time: 0.5310  data: 0.2433  max mem: 0
  [170/171]  eta: 0:00:00    time: 0.5328  data: 0.2451  max mem: 0
 Total time: 0:01:26 (0.5065 s / it)
SDR= 2.0164124794677973
Epoch: [3]  [  0/114]  eta: 0:07:30  lr: 0.001000  loss: 214.9000 (214.9000)  time: 3.9519  data: 1.6986  max mem: 0
Epoch: [3]  [ 50/114]  eta: 0:04:13  lr: 0.001000  loss: 232.7849 (222.1422)  time: 3.9878  data: 1.7346  max mem: 0
Epoch: [3]  [100/114]  eta: 0:00:55  lr: 0.001000  loss: 204.6394 (220.2572)  time: 3.9965  data: 1.7426  max mem: 0
Epoch: [3]  [113/114]  eta: 0:00:03  lr: 0.001000  loss: 713.5445 (229.7626)  time: 4.0052  data: 1.7654  max mem: 0
Epoch: [3] Total time: 0:07:33 (3.9766 s / it)
  [  0/171]  eta: 0:01:17    time: 0.4559  data: 0.1680  max mem: 0
  [ 50/171]  eta: 0:00:59    time: 0.5201  data: 0.2323  max mem: 0
  [100/171]  eta: 0:00:34    time: 0.4763  data: 0.1886  max mem: 0
  [150/171]  eta: 0:00:10    time: 0.5344  data: 0.2467  max mem: 0
  [170/171]  eta: 0:00:00    time: 0.5563  data: 0.2686  max mem: 0
 Total time: 0:01:27 (0.5111 s / it)
SDR= 1.9127576329538316
Epoch: [4]  [  0/114]  eta: 0:07:47  lr: 0.001000  loss: 191.1440 (191.1440)  time: 4.1046  data: 1.8508  max mem: 0
Epoch: [4]  [ 50/114]  eta: 0:04:15  lr: 0.001000  loss: 176.6010 (203.5557)  time: 3.9505  data: 1.6975  max mem: 0
Epoch: [4]  [100/114]  eta: 0:00:55  lr: 0.001000  loss: 188.4340 (203.7752)  time: 3.9090  data: 1.6560  max mem: 0
Epoch: [4]  [113/114]  eta: 0:00:03  lr: 0.001000  loss: 218.4861 (207.6574)  time: 3.8940  data: 1.6552  max mem: 0
Epoch: [4] Total time: 0:07:31 (3.9643 s / it)
  [  0/171]  eta: 0:01:18    time: 0.4567  data: 0.1687  max mem: 0
  [ 50/171]  eta: 0:01:00    time: 0.5427  data: 0.2549  max mem: 0
  [100/171]  eta: 0:00:34    time: 0.4571  data: 0.1694  max mem: 0
  [150/171]  eta: 0:00:10    time: 0.5305  data: 0.2429  max mem: 0
  [170/171]  eta: 0:00:00    time: 0.5325  data: 0.2449  max mem: 0
 Total time: 0:01:26 (0.5063 s / it)
SDR= 1.8829139334777563
Epoch: [5]  [  0/114]  eta: 0:07:23  lr: 0.001000  loss: 174.6227 (174.6227)  time: 3.8945  data: 1.6412  max mem: 0
Epoch: [5]  [ 50/114]  eta: 0:04:14  lr: 0.001000  loss: 185.2926 (184.1952)  time: 3.9719  data: 1.7187  max mem: 0
Epoch: [5]  [100/114]  eta: 0:00:55  lr: 0.001000  loss: 231.3209 (189.3113)  time: 4.0223  data: 1.7682  max mem: 0
Epoch: [5]  [113/114]  eta: 0:00:03  lr: 0.001000  loss: 240.9100 (188.7775)  time: 3.9438  data: 1.7047  max mem: 0
Epoch: [5] Total time: 0:07:31 (3.9574 s / it)
  [  0/171]  eta: 0:01:17    time: 0.4551  data: 0.1672  max mem: 0
  [ 50/171]  eta: 0:00:58    time: 0.5179  data: 0.2303  max mem: 0
  [100/171]  eta: 0:00:34    time: 0.4561  data: 0.1685  max mem: 0
  [150/171]  eta: 0:00:10    time: 0.5317  data: 0.2440  max mem: 0
  [170/171]  eta: 0:00:00    time: 0.5312  data: 0.2436  max mem: 0
 Total time: 0:01:25 (0.5027 s / it)
SDR= 1.9260637033577355
Epoch: [6]  [  0/114]  eta: 0:07:21  lr: 0.001000  loss: 151.0605 (151.0605)  time: 3.8754  data: 1.6202  max mem: 0
Epoch: [6]  [ 50/114]  eta: 0:04:12  lr: 0.001000  loss: 151.0172 (172.4884)  time: 3.9409  data: 1.6877  max mem: 0
Epoch: [6]  [100/114]  eta: 0:00:55  lr: 0.001000  loss: 181.4936 (171.8053)  time: 3.9778  data: 1.7247  max mem: 0
Epoch: [6]  [113/114]  eta: 0:00:03  lr: 0.001000  loss: 186.0300 (172.7452)  time: 3.9332  data: 1.6946  max mem: 0
Epoch: [6] Total time: 0:07:29 (3.9398 s / it)
  [  0/171]  eta: 0:01:17    time: 0.4530  data: 0.1652  max mem: 0
  [ 50/171]  eta: 0:00:59    time: 0.5338  data: 0.2460  max mem: 0
  [100/171]  eta: 0:00:34    time: 0.4677  data: 0.1799  max mem: 0
  [150/171]  eta: 0:00:10    time: 0.5470  data: 0.2593  max mem: 0
  [170/171]  eta: 0:00:00    time: 0.5452  data: 0.2575  max mem: 0
 Total time: 0:01:27 (0.5094 s / it)
SDR= 1.8841425362519397
Epoch: [7]  [  0/114]  eta: 0:07:21  lr: 0.001000  loss: 176.1831 (176.1831)  time: 3.8701  data: 1.6177  max mem: 0
Epoch: [7]  [ 50/114]  eta: 0:04:12  lr: 0.001000  loss: 177.7375 (162.7054)  time: 3.9760  data: 1.7232  max mem: 0
Epoch: [7]  [100/114]  eta: 0:00:55  lr: 0.001000  loss: 149.6270 (155.2069)  time: 3.9506  data: 1.6968  max mem: 0
Epoch: [7]  [113/114]  eta: 0:00:03  lr: 0.001000  loss: 174.4658 (154.7416)  time: 3.9268  data: 1.6883  max mem: 0
Epoch: [7] Total time: 0:07:31 (3.9594 s / it)
  [  0/171]  eta: 0:01:17    time: 0.4546  data: 0.1667  max mem: 0
  [ 50/171]  eta: 0:00:59    time: 0.5235  data: 0.2360  max mem: 0
  [100/171]  eta: 0:00:34    time: 0.4555  data: 0.1678  max mem: 0
  [150/171]  eta: 0:00:10    time: 0.5547  data: 0.2668  max mem: 0
  [170/171]  eta: 0:00:00    time: 0.5324  data: 0.2447  max mem: 0
 Total time: 0:01:26 (0.5065 s / it)
SDR= 1.8783677001603918
Epoch: [8]  [  0/114]  eta: 0:07:30  lr: 0.001000  loss: 126.3787 (126.3787)  time: 3.9519  data: 1.6986  max mem: 0
Epoch: [8]  [ 50/114]  eta: 0:04:12  lr: 0.001000  loss: 128.2504 (138.1025)  time: 3.9821  data: 1.7289  max mem: 0
Epoch: [8]  [100/114]  eta: 0:00:55  lr: 0.001000  loss: 122.0542 (136.1393)  time: 3.9372  data: 1.6841  max mem: 0
Epoch: [8]  [113/114]  eta: 0:00:03  lr: 0.001000  loss: 145.5548 (136.3324)  time: 3.9672  data: 1.7287  max mem: 0
Epoch: [8] Total time: 0:07:31 (3.9602 s / it)
  [  0/171]  eta: 0:01:18    time: 0.4571  data: 0.1692  max mem: 0
  [ 50/171]  eta: 0:00:58    time: 0.5200  data: 0.2323  max mem: 0
  [100/171]  eta: 0:00:34    time: 0.4650  data: 0.1773  max mem: 0
  [150/171]  eta: 0:00:10    time: 0.5337  data: 0.2459  max mem: 0
  [170/171]  eta: 0:00:00    time: 0.5667  data: 0.2789  max mem: 0
 Total time: 0:01:27 (0.5089 s / it)
SDR= 1.9190099080178131
Epoch: [9]  [  0/114]  eta: 0:07:54  lr: 0.001000  loss: 140.6384 (140.6384)  time: 4.1664  data: 1.9139  max mem: 0
Epoch: [9]  [ 50/114]  eta: 0:04:15  lr: 0.001000  loss: 121.3959 (115.2107)  time: 3.9804  data: 1.7272  max mem: 0
Epoch: [9]  [100/114]  eta: 0:00:55  lr: 0.001000  loss: 144.6192 (120.7480)  time: 3.9356  data: 1.6827  max mem: 0
Epoch: [9]  [113/114]  eta: 0:00:03  lr: 0.001000  loss: 89.6406 (121.0797)  time: 3.9577  data: 1.7192  max mem: 0
Epoch: [9] Total time: 0:07:32 (3.9685 s / it)
  [  0/171]  eta: 0:01:17    time: 0.4533  data: 0.1653  max mem: 0
  [ 50/171]  eta: 0:00:57    time: 0.5134  data: 0.2258  max mem: 0
  [100/171]  eta: 0:00:34    time: 0.4808  data: 0.1928  max mem: 0
  [150/171]  eta: 0:00:10    time: 0.5285  data: 0.2409  max mem: 0
  [170/171]  eta: 0:00:00    time: 0.5328  data: 0.2450  max mem: 0
 Total time: 0:01:26 (0.5035 s / it)
SDR= 1.9251382797582972
Epoch: [10]  [  0/114]  eta: 0:07:29  lr: 0.001000  loss: 99.5270 (99.5270)  time: 3.9444  data: 1.6917  max mem: 0
Epoch: [10]  [ 50/114]  eta: 0:04:16  lr: 0.001000  loss: 114.6330 (99.7858)  time: 4.0145  data: 1.7600  max mem: 0
Epoch: [10]  [100/114]  eta: 0:00:55  lr: 0.001000  loss: 96.6389 (107.7482)  time: 3.9316  data: 1.6776  max mem: 0
Epoch: [10]  [113/114]  eta: 0:00:03  lr: 0.001000  loss: 109.6990 (107.0399)  time: 3.8693  data: 1.6304  max mem: 0
Epoch: [10] Total time: 0:07:31 (3.9612 s / it)
  [  0/171]  eta: 0:01:17    time: 0.4540  data: 0.1663  max mem: 0
  [ 50/171]  eta: 0:00:58    time: 0.5199  data: 0.2322  max mem: 0
  [100/171]  eta: 0:00:34    time: 0.4604  data: 0.1727  max mem: 0
  [150/171]  eta: 0:00:10    time: 0.5511  data: 0.2633  max mem: 0
  [170/171]  eta: 0:00:00    time: 0.5505  data: 0.2627  max mem: 0
 Total time: 0:01:27 (0.5103 s / it)
SDR= 1.8884267166362714
Epoch: [11]  [  0/114]  eta: 0:07:45  lr: 0.001000  loss: 79.2235 (79.2235)  time: 4.0817  data: 1.8269  max mem: 0
Epoch: [11]  [ 50/114]  eta: 0:04:16  lr: 0.001000  loss: 71.0546 (93.5752)  time: 4.0069  data: 1.7535  max mem: 0
Epoch: [11]  [100/114]  eta: 0:00:55  lr: 0.001000  loss: 83.9069 (91.5930)  time: 3.9562  data: 1.7030  max mem: 0
Epoch: [11]  [113/114]  eta: 0:00:03  lr: 0.001000  loss: 110.6236 (94.4543)  time: 3.8960  data: 1.6573  max mem: 0
Epoch: [11] Total time: 0:07:32 (3.9707 s / it)
  [  0/171]  eta: 0:01:17    time: 0.4556  data: 0.1677  max mem: 0
  [ 50/171]  eta: 0:00:58    time: 0.5297  data: 0.2420  max mem: 0
  [100/171]  eta: 0:00:34    time: 0.4560  data: 0.1684  max mem: 0
  [150/171]  eta: 0:00:10    time: 0.5430  data: 0.2553  max mem: 0
  [170/171]  eta: 0:00:00    time: 0.5522  data: 0.2646  max mem: 0
 Total time: 0:01:26 (0.5070 s / it)
SDR= 1.9125826210060641
Epoch: [12]  [  0/114]  eta: 0:07:20  lr: 0.001000  loss: 68.7785 (68.7785)  time: 3.8653  data: 1.6128  max mem: 0
Epoch: [12]  [ 50/114]  eta: 0:04:15  lr: 0.001000  loss: 82.8480 (73.9026)  time: 4.0143  data: 1.7609  max mem: 0
Epoch: [12]  [100/114]  eta: 0:00:55  lr: 0.001000  loss: 71.0672 (81.2937)  time: 3.9911  data: 1.7379  max mem: 0
Epoch: [12]  [113/114]  eta: 0:00:03  lr: 0.001000  loss: 62.4823 (80.4298)  time: 4.0053  data: 1.7668  max mem: 0
Epoch: [12] Total time: 0:07:34 (3.9832 s / it)
  [  0/171]  eta: 0:01:17    time: 0.4544  data: 0.1665  max mem: 0
  [ 50/171]  eta: 0:00:58    time: 0.5252  data: 0.2376  max mem: 0
  [100/171]  eta: 0:00:34    time: 0.4677  data: 0.1800  max mem: 0
  [150/171]  eta: 0:00:10    time: 0.5508  data: 0.2630  max mem: 0
  [170/171]  eta: 0:00:00    time: 0.5317  data: 0.2441  max mem: 0
 Total time: 0:01:26 (0.5075 s / it)
SDR= 1.941987513999176
Epoch: [13]  [  0/114]  eta: 0:07:20  lr: 0.001000  loss: 64.9404 (64.9404)  time: 3.8671  data: 1.6132  max mem: 0
Epoch: [13]  [ 50/114]  eta: 0:04:13  lr: 0.001000  loss: 64.4480 (66.1804)  time: 3.9421  data: 1.6888  max mem: 0
Epoch: [13]  [100/114]  eta: 0:00:55  lr: 0.001000  loss: 106.7497 (65.7669)  time: 3.9422  data: 1.6890  max mem: 0
Epoch: [13]  [113/114]  eta: 0:00:03  lr: 0.001000  loss: 366.6095 (68.8205)  time: 3.9224  data: 1.6835  max mem: 0
Epoch: [13] Total time: 0:07:31 (3.9641 s / it)
  [  0/171]  eta: 0:01:17    time: 0.4554  data: 0.1678  max mem: 0
  [ 50/171]  eta: 0:00:58    time: 0.5251  data: 0.2374  max mem: 0
  [100/171]  eta: 0:00:34    time: 0.4573  data: 0.1696  max mem: 0
  [150/171]  eta: 0:00:10    time: 0.5471  data: 0.2594  max mem: 0
  [170/171]  eta: 0:00:00    time: 0.5461  data: 0.2585  max mem: 0
 Total time: 0:01:26 (0.5073 s / it)
SDR= 1.887491103198009
Epoch: [14]  [  0/114]  eta: 0:07:24  lr: 0.001000  loss: 50.4112 (50.4112)  time: 3.8978  data: 1.6447  max mem: 0
Epoch: [14]  [ 50/114]  eta: 0:04:13  lr: 0.001000  loss: 46.2267 (58.1911)  time: 3.9255  data: 1.6713  max mem: 0
Epoch: [14]  [100/114]  eta: 0:00:55  lr: 0.001000  loss: 59.7781 (56.1535)  time: 3.9671  data: 1.7139  max mem: 0
Epoch: [14]  [113/114]  eta: 0:00:03  lr: 0.001000  loss: 59.6593 (58.6785)  time: 3.9027  data: 1.6640  max mem: 0
Epoch: [14] Total time: 0:07:30 (3.9482 s / it)
  [  0/171]  eta: 0:01:21    time: 0.4787  data: 0.1906  max mem: 0
  [ 50/171]  eta: 0:00:58    time: 0.5208  data: 0.2331  max mem: 0
  [100/171]  eta: 0:00:34    time: 0.4665  data: 0.1786  max mem: 0
  [150/171]  eta: 0:00:10    time: 0.5386  data: 0.2509  max mem: 0
  [170/171]  eta: 0:00:00    time: 0.5333  data: 0.2457  max mem: 0
 Total time: 0:01:26 (0.5075 s / it)
SDR= 1.941312506040559
Epoch: [15]  [  0/114]  eta: 0:07:25  lr: 0.001000  loss: 61.7779 (61.7779)  time: 3.9108  data: 1.6579  max mem: 0
Epoch: [15]  [ 50/114]  eta: 0:04:11  lr: 0.001000  loss: 48.5399 (54.5806)  time: 3.9513  data: 1.6985  max mem: 0
Epoch: [15]  [100/114]  eta: 0:00:55  lr: 0.001000  loss: 47.3871 (53.5103)  time: 3.9798  data: 1.7268  max mem: 0
Epoch: [15]  [113/114]  eta: 0:00:03  lr: 0.001000  loss: 42.9572 (53.0078)  time: 3.9587  data: 1.7198  max mem: 0
Epoch: [15] Total time: 0:07:31 (3.9577 s / it)
  [  0/171]  eta: 0:01:21    time: 0.4783  data: 0.1906  max mem: 0
  [ 50/171]  eta: 0:00:58    time: 0.5171  data: 0.2294  max mem: 0
  [100/171]  eta: 0:00:34    time: 0.4562  data: 0.1683  max mem: 0
  [150/171]  eta: 0:00:10    time: 0.5460  data: 0.2583  max mem: 0
  [170/171]  eta: 0:00:00    time: 0.5317  data: 0.2441  max mem: 0
 Total time: 0:01:26 (0.5040 s / it)
SDR= 1.897356329068249
Epoch: [16]  [  0/114]  eta: 0:07:38  lr: 0.001000  loss: 71.8670 (71.8670)  time: 4.0221  data: 1.7695  max mem: 0
Epoch: [16]  [ 50/114]  eta: 0:04:14  lr: 0.001000  loss: 44.3053 (41.8711)  time: 3.9977  data: 1.7447  max mem: 0
Epoch: [16]  [100/114]  eta: 0:00:55  lr: 0.001000  loss: 44.9951 (47.2350)  time: 3.9573  data: 1.7043  max mem: 0
Epoch: [16]  [113/114]  eta: 0:00:03  lr: 0.001000  loss: 48.0103 (47.3882)  time: 3.9166  data: 1.6782  max mem: 0
Epoch: [16] Total time: 0:07:29 (3.9471 s / it)
  [  0/171]  eta: 0:01:21    time: 0.4788  data: 0.1906  max mem: 0
  [ 50/171]  eta: 0:00:58    time: 0.5177  data: 0.2300  max mem: 0
  [100/171]  eta: 0:00:34    time: 0.4579  data: 0.1701  max mem: 0
  [150/171]  eta: 0:00:10    time: 0.5591  data: 0.2712  max mem: 0
  [170/171]  eta: 0:00:00    time: 0.5405  data: 0.2528  max mem: 0
 Total time: 0:01:27 (0.5103 s / it)
SDR= 1.893902637467337
Epoch: [17]  [  0/114]  eta: 0:07:47  lr: 0.001000  loss: 32.6696 (32.6696)  time: 4.1030  data: 1.8506  max mem: 0
Epoch: [17]  [ 50/114]  eta: 0:04:13  lr: 0.001000  loss: 37.0615 (44.0051)  time: 3.9459  data: 1.6932  max mem: 0
Epoch: [17]  [100/114]  eta: 0:00:55  lr: 0.001000  loss: 30.9892 (43.6230)  time: 3.9495  data: 1.6958  max mem: 0
Epoch: [17]  [113/114]  eta: 0:00:03  lr: 0.001000  loss: 40.9256 (43.5784)  time: 3.9458  data: 1.7068  max mem: 0
Epoch: [17] Total time: 0:07:31 (3.9580 s / it)
  [  0/171]  eta: 0:01:18    time: 0.4567  data: 0.1692  max mem: 0
  [ 50/171]  eta: 0:00:58    time: 0.5169  data: 0.2292  max mem: 0
  [100/171]  eta: 0:00:34    time: 0.4671  data: 0.1795  max mem: 0
  [150/171]  eta: 0:00:10    time: 0.5285  data: 0.2408  max mem: 0
  [170/171]  eta: 0:00:00    time: 0.5288  data: 0.2411  max mem: 0
 Total time: 0:01:25 (0.5007 s / it)
SDR= 1.9071750364248266
Epoch: [18]  [  0/114]  eta: 0:06:56  lr: 0.001000  loss: 34.6901 (34.6901)  time: 3.6526  data: 1.3983  max mem: 0
Epoch: [18]  [ 50/114]  eta: 0:04:12  lr: 0.001000  loss: 51.0013 (42.4391)  time: 3.9549  data: 1.7020  max mem: 0
Epoch: [18]  [100/114]  eta: 0:00:55  lr: 0.001000  loss: 32.1637 (39.6403)  time: 3.9040  data: 1.6504  max mem: 0
Epoch: [18]  [113/114]  eta: 0:00:03  lr: 0.001000  loss: 34.2524 (39.1111)  time: 3.8598  data: 1.6214  max mem: 0
Epoch: [18] Total time: 0:07:28 (3.9341 s / it)
  [  0/171]  eta: 0:01:17    time: 0.4546  data: 0.1665  max mem: 0
  [ 50/171]  eta: 0:00:57    time: 0.5176  data: 0.2298  max mem: 0
  [100/171]  eta: 0:00:33    time: 0.4603  data: 0.1725  max mem: 0
  [150/171]  eta: 0:00:10    time: 0.5322  data: 0.2446  max mem: 0
  [170/171]  eta: 0:00:00    time: 0.5327  data: 0.2450  max mem: 0
 Total time: 0:01:25 (0.5008 s / it)
SDR= 1.8897307805846093
Epoch: [19]  [  0/114]  eta: 0:07:19  lr: 0.001000  loss: 153.9892 (153.9892)  time: 3.8541  data: 1.6011  max mem: 0
Epoch: [19]  [ 50/114]  eta: 0:04:12  lr: 0.001000  loss: 25.7711 (31.8586)  time: 3.9541  data: 1.7011  max mem: 0
Epoch: [19]  [100/114]  eta: 0:00:55  lr: 0.001000  loss: 28.7455 (33.7504)  time: 4.0532  data: 1.7990  max mem: 0
Epoch: [19]  [113/114]  eta: 0:00:03  lr: 0.001000  loss: 30.7793 (35.0018)  time: 3.9872  data: 1.7471  max mem: 0
Epoch: [19] Total time: 0:07:32 (3.9701 s / it)
  [  0/171]  eta: 0:01:18    time: 0.4613  data: 0.1730  max mem: 0
  [ 50/171]  eta: 0:00:59    time: 0.5393  data: 0.2513  max mem: 0
  [100/171]  eta: 0:00:35    time: 0.4727  data: 0.1850  max mem: 0
  [150/171]  eta: 0:00:10    time: 0.5370  data: 0.2492  max mem: 0
  [170/171]  eta: 0:00:00    time: 0.5371  data: 0.2494  max mem: 0
 Total time: 0:01:27 (0.5118 s / it)
SDR= 1.9106449865064312
Epoch: [20]  [  0/114]  eta: 0:07:39  lr: 0.001000  loss: 26.0456 (26.0456)  time: 4.0316  data: 1.7786  max mem: 0
Epoch: [20]  [ 50/114]  eta: 0:04:18  lr: 0.001000  loss: 55.7229 (32.3239)  time: 4.0428  data: 1.7893  max mem: 0
Epoch: [20]  [100/114]  eta: 0:00:56  lr: 0.001000  loss: 43.3576 (33.3527)  time: 4.0024  data: 1.7494  max mem: 0
Epoch: [20]  [113/114]  eta: 0:00:04  lr: 0.001000  loss: 39.8092 (33.7617)  time: 4.0081  data: 1.7692  max mem: 0
Epoch: [20] Total time: 0:07:37 (4.0125 s / it)
  [  0/171]  eta: 0:01:23    time: 0.4859  data: 0.1977  max mem: 0
  [ 50/171]  eta: 0:00:58    time: 0.5258  data: 0.2380  max mem: 0
  [100/171]  eta: 0:00:34    time: 0.4804  data: 0.1926  max mem: 0
  [150/171]  eta: 0:00:10    time: 0.5348  data: 0.2470  max mem: 0
  [170/171]  eta: 0:00:00    time: 0.5384  data: 0.2506  max mem: 0
 Total time: 0:01:27 (0.5099 s / it)
SDR= 1.8951684197647591
Epoch: [21]  [  0/114]  eta: 0:07:26  lr: 0.001000  loss: 32.0331 (32.0331)  time: 3.9201  data: 1.6680  max mem: 0
Epoch: [21]  [ 50/114]  eta: 0:04:16  lr: 0.001000  loss: 22.3082 (27.6588)  time: 3.9511  data: 1.6980  max mem: 0
Epoch: [21]  [100/114]  eta: 0:00:56  lr: 0.001000  loss: 24.1281 (30.2270)  time: 4.0512  data: 1.7969  max mem: 0
Epoch: [21]  [113/114]  eta: 0:00:04  lr: 0.001000  loss: 36.3712 (31.3259)  time: 4.0157  data: 1.7760  max mem: 0
Epoch: [21] Total time: 0:07:38 (4.0207 s / it)
  [  0/171]  eta: 0:01:23    time: 0.4872  data: 0.1984  max mem: 0
  [ 50/171]  eta: 0:01:00    time: 0.5385  data: 0.2508  max mem: 0
  [100/171]  eta: 0:00:34    time: 0.4643  data: 0.1766  max mem: 0
  [150/171]  eta: 0:00:10    time: 0.5518  data: 0.2641  max mem: 0
  [170/171]  eta: 0:00:00    time: 0.5471  data: 0.2593  max mem: 0
 Total time: 0:01:27 (0.5121 s / it)
SDR= 1.900105868432325
Epoch: [22]  [  0/114]  eta: 0:07:39  lr: 0.001000  loss: 29.7990 (29.7990)  time: 4.0265  data: 1.7736  max mem: 0
Epoch: [22]  [ 50/114]  eta: 0:04:14  lr: 0.001000  loss: 32.2339 (28.5526)  time: 4.0401  data: 1.7868  max mem: 0
Epoch: [22]  [100/114]  eta: 0:00:56  lr: 0.001000  loss: 26.1668 (29.0108)  time: 4.0451  data: 1.7914  max mem: 0
Epoch: [22]  [113/114]  eta: 0:00:04  lr: 0.001000  loss: 21.3588 (28.6491)  time: 4.0682  data: 1.8291  max mem: 0
Epoch: [22] Total time: 0:07:39 (4.0281 s / it)
  [  0/171]  eta: 0:01:18    time: 0.4578  data: 0.1697  max mem: 0
  [ 50/171]  eta: 0:01:02    time: 0.5647  data: 0.2768  max mem: 0
  [100/171]  eta: 0:00:35    time: 0.4656  data: 0.1778  max mem: 0
  [150/171]  eta: 0:00:11    time: 0.5649  data: 0.2771  max mem: 0
  [170/171]  eta: 0:00:00    time: 0.5420  data: 0.2541  max mem: 0
 Total time: 0:01:30 (0.5271 s / it)
SDR= 1.9101650271505703
Epoch: [23]  [  0/114]  eta: 0:08:22  lr: 0.001000  loss: 21.0713 (21.0713)  time: 4.4052  data: 2.1499  max mem: 0
Epoch: [23]  [ 50/114]  eta: 0:04:19  lr: 0.001000  loss: 26.6706 (29.2179)  time: 4.0395  data: 1.7861  max mem: 0
Epoch: [23]  [100/114]  eta: 0:00:56  lr: 0.001000  loss: 20.7787 (26.6868)  time: 4.0151  data: 1.7617  max mem: 0
Epoch: [23]  [113/114]  eta: 0:00:04  lr: 0.001000  loss: 19.4511 (26.3927)  time: 3.8957  data: 1.6562  max mem: 0
Epoch: [23] Total time: 0:07:37 (4.0112 s / it)
  [  0/171]  eta: 0:01:18    time: 0.4601  data: 0.1724  max mem: 0
  [ 50/171]  eta: 0:01:01    time: 0.5531  data: 0.2654  max mem: 0
  [100/171]  eta: 0:00:35    time: 0.4577  data: 0.1701  max mem: 0
  [150/171]  eta: 0:00:10    time: 0.5552  data: 0.2675  max mem: 0
  [170/171]  eta: 0:00:00    time: 0.5444  data: 0.2567  max mem: 0
 Total time: 0:01:28 (0.5174 s / it)
SDR= 1.891658864997871
Epoch: [24]  [  0/114]  eta: 0:08:30  lr: 0.001000  loss: 17.6944 (17.6944)  time: 4.4773  data: 2.2241  max mem: 0
Epoch: [24]  [ 50/114]  eta: 0:04:20  lr: 0.001000  loss: 20.0929 (22.0692)  time: 4.0989  data: 1.8457  max mem: 0
Epoch: [24]  [100/114]  eta: 0:00:56  lr: 0.001000  loss: 17.2279 (23.6933)  time: 3.9383  data: 1.6855  max mem: 0
Epoch: [24]  [113/114]  eta: 0:00:03  lr: 0.001000  loss: 19.9114 (24.6160)  time: 3.9102  data: 1.6718  max mem: 0
Epoch: [24] Total time: 0:07:34 (3.9894 s / it)
  [  0/171]  eta: 0:01:17    time: 0.4547  data: 0.1666  max mem: 0
  [ 50/171]  eta: 0:00:59    time: 0.5407  data: 0.2528  max mem: 0
  [100/171]  eta: 0:00:35    time: 0.4617  data: 0.1741  max mem: 0
  [150/171]  eta: 0:00:10    time: 0.5378  data: 0.2502  max mem: 0
  [170/171]  eta: 0:00:00    time: 0.5409  data: 0.2531  max mem: 0
 Total time: 0:01:27 (0.5121 s / it)
SDR= 1.9247507154963375
Epoch: [25]  [  0/114]  eta: 0:07:54  lr: 0.001000  loss: 19.7699 (19.7699)  time: 4.1665  data: 1.9142  max mem: 0
Epoch: [25]  [ 50/114]  eta: 0:04:17  lr: 0.001000  loss: 97.6297 (24.6092)  time: 4.0513  data: 1.7976  max mem: 0
Epoch: [25]  [100/114]  eta: 0:00:56  lr: 0.001000  loss: 15.9010 (23.9265)  time: 4.0250  data: 1.7717  max mem: 0
Epoch: [25]  [113/114]  eta: 0:00:04  lr: 0.001000  loss: 62.3747 (24.1580)  time: 4.0035  data: 1.7645  max mem: 0
Epoch: [25] Total time: 0:07:36 (4.0008 s / it)
  [  0/171]  eta: 0:01:18    time: 0.4583  data: 0.1706  max mem: 0
  [ 50/171]  eta: 0:00:59    time: 0.5294  data: 0.2418  max mem: 0
  [100/171]  eta: 0:00:34    time: 0.4594  data: 0.1716  max mem: 0
  [150/171]  eta: 0:00:10    time: 0.5400  data: 0.2523  max mem: 0
  [170/171]  eta: 0:00:00    time: 0.5453  data: 0.2577  max mem: 0
 Total time: 0:01:26 (0.5083 s / it)
SDR= 1.8949035938924759
Epoch: [26]  [  0/114]  eta: 0:07:31  lr: 0.001000  loss: 15.6334 (15.6334)  time: 3.9603  data: 1.7074  max mem: 0
Epoch: [26]  [ 50/114]  eta: 0:04:11  lr: 0.001000  loss: 18.7655 (22.5153)  time: 3.8906  data: 1.6379  max mem: 0
Epoch: [26]  [100/114]  eta: 0:00:55  lr: 0.001000  loss: 17.0985 (23.0679)  time: 4.0358  data: 1.7828  max mem: 0
Epoch: [26]  [113/114]  eta: 0:00:03  lr: 0.001000  loss: 18.8846 (23.5050)  time: 3.9767  data: 1.7382  max mem: 0
Epoch: [26] Total time: 0:07:32 (3.9709 s / it)
  [  0/171]  eta: 0:01:17    time: 0.4547  data: 0.1667  max mem: 0
  [ 50/171]  eta: 0:00:59    time: 0.5422  data: 0.2544  max mem: 0
  [100/171]  eta: 0:00:35    time: 0.4664  data: 0.1788  max mem: 0
  [150/171]  eta: 0:00:10    time: 0.5532  data: 0.2654  max mem: 0
  [170/171]  eta: 0:00:00    time: 0.5451  data: 0.2575  max mem: 0
 Total time: 0:01:28 (0.5170 s / it)
SDR= 1.9152317468042128
Epoch: [27]  [  0/114]  eta: 0:07:50  lr: 0.001000  loss: 33.4468 (33.4468)  time: 4.1311  data: 1.8769  max mem: 0
Epoch: [27]  [ 50/114]  eta: 0:04:14  lr: 0.001000  loss: 18.8477 (23.7628)  time: 3.9772  data: 1.7243  max mem: 0
Epoch: [27]  [100/114]  eta: 0:00:55  lr: 0.001000  loss: 16.8240 (23.0974)  time: 4.0028  data: 1.7494  max mem: 0
Epoch: [27]  [113/114]  eta: 0:00:03  lr: 0.001000  loss: 32.5320 (23.5377)  time: 3.9254  data: 1.6870  max mem: 0
Epoch: [27] Total time: 0:07:34 (3.9868 s / it)
  [  0/171]  eta: 0:01:18    time: 0.4571  data: 0.1692  max mem: 0
  [ 50/171]  eta: 0:00:58    time: 0.5190  data: 0.2313  max mem: 0
  [100/171]  eta: 0:00:34    time: 0.4620  data: 0.1744  max mem: 0
  [150/171]  eta: 0:00:10    time: 0.5328  data: 0.2451  max mem: 0
  [170/171]  eta: 0:00:00    time: 0.5398  data: 0.2521  max mem: 0
 Total time: 0:01:26 (0.5059 s / it)
SDR= 1.9094600175058383
Epoch: [28]  [  0/114]  eta: 0:08:07  lr: 0.001000  loss: 27.0514 (27.0514)  time: 4.2748  data: 2.0220  max mem: 0
Epoch: [28]  [ 50/114]  eta: 0:04:15  lr: 0.001000  loss: 18.3948 (24.5920)  time: 3.9500  data: 1.6966  max mem: 0
Epoch: [28]  [100/114]  eta: 0:00:55  lr: 0.001000  loss: 15.2060 (22.9853)  time: 3.9001  data: 1.6468  max mem: 0
Epoch: [28]  [113/114]  eta: 0:00:03  lr: 0.001000  loss: 25.0961 (23.0559)  time: 3.8993  data: 1.6604  max mem: 0
Epoch: [28] Total time: 0:07:34 (3.9837 s / it)
  [  0/171]  eta: 0:01:18    time: 0.4576  data: 0.1698  max mem: 0
  [ 50/171]  eta: 0:00:58    time: 0.5282  data: 0.2405  max mem: 0
  [100/171]  eta: 0:00:34    time: 0.4557  data: 0.1681  max mem: 0
  [150/171]  eta: 0:00:10    time: 0.5320  data: 0.2444  max mem: 0
  [170/171]  eta: 0:00:00    time: 0.5385  data: 0.2507  max mem: 0
 Total time: 0:01:25 (0.5026 s / it)
SDR= 1.9053367666395193
Epoch: [29]  [  0/114]  eta: 0:07:52  lr: 0.001000  loss: 21.9817 (21.9817)  time: 4.1412  data: 1.8888  max mem: 0
Epoch: [29]  [ 50/114]  eta: 0:04:15  lr: 0.001000  loss: 17.0935 (21.5129)  time: 4.0455  data: 1.7926  max mem: 0
Epoch: [29]  [100/114]  eta: 0:00:55  lr: 0.001000  loss: 18.3497 (22.3992)  time: 3.9531  data: 1.7003  max mem: 0
Epoch: [29]  [113/114]  eta: 0:00:03  lr: 0.001000  loss: 17.2350 (22.7458)  time: 3.9242  data: 1.6853  max mem: 0
Epoch: [29] Total time: 0:07:32 (3.9662 s / it)
  [  0/171]  eta: 0:01:18    time: 0.4565  data: 0.1686  max mem: 0
  [ 50/171]  eta: 0:00:59    time: 0.5323  data: 0.2446  max mem: 0
  [100/171]  eta: 0:00:34    time: 0.4712  data: 0.1834  max mem: 0
  [150/171]  eta: 0:00:10    time: 0.5418  data: 0.2541  max mem: 0
  [170/171]  eta: 0:00:00    time: 0.5364  data: 0.2487  max mem: 0
 Total time: 0:01:26 (0.5076 s / it)
SDR= 1.8881225357182665
Epoch: [30]  [  0/114]  eta: 0:07:38  lr: 0.001000  loss: 14.8716 (14.8716)  time: 4.0249  data: 1.7719  max mem: 0
Epoch: [30]  [ 50/114]  eta: 0:04:14  lr: 0.001000  loss: 34.2769 (22.3124)  time: 3.9462  data: 1.6929  max mem: 0
Epoch: [30]  [100/114]  eta: 0:00:55  lr: 0.001000  loss: 17.1864 (22.3011)  time: 4.0570  data: 1.8032  max mem: 0
Epoch: [30]  [113/114]  eta: 0:00:04  lr: 0.001000  loss: 18.7647 (21.8251)  time: 4.0947  data: 1.8528  max mem: 0
Epoch: [30] Total time: 0:07:36 (4.0036 s / it)
  [  0/171]  eta: 0:01:17    time: 0.4550  data: 0.1670  max mem: 0
  [ 50/171]  eta: 0:00:58    time: 0.5220  data: 0.2343  max mem: 0
  [100/171]  eta: 0:00:34    time: 0.4781  data: 0.1902  max mem: 0
  [150/171]  eta: 0:00:10    time: 0.5310  data: 0.2433  max mem: 0
  [170/171]  eta: 0:00:00    time: 0.5377  data: 0.2497  max mem: 0
 Total time: 0:01:26 (0.5087 s / it)
SDR= 1.8882181275481502
Epoch: [31]  [  0/114]  eta: 0:07:42  lr: 0.001000  loss: 16.4865 (16.4865)  time: 4.0581  data: 1.8056  max mem: 0
Epoch: [31]  [ 50/114]  eta: 0:04:20  lr: 0.001000  loss: 15.0420 (20.0440)  time: 4.0721  data: 1.8170  max mem: 0
Epoch: [31]  [100/114]  eta: 0:00:56  lr: 0.001000  loss: 16.3413 (21.9929)  time: 4.0527  data: 1.7967  max mem: 0
Epoch: [31]  [113/114]  eta: 0:00:04  lr: 0.001000  loss: 15.9878 (21.6795)  time: 4.0045  data: 1.7651  max mem: 0
Epoch: [31] Total time: 0:07:40 (4.0379 s / it)
  [  0/171]  eta: 0:01:17    time: 0.4557  data: 0.1677  max mem: 0
  [ 50/171]  eta: 0:00:58    time: 0.5183  data: 0.2305  max mem: 0
  [100/171]  eta: 0:00:34    time: 0.4781  data: 0.1903  max mem: 0
  [150/171]  eta: 0:00:10    time: 0.5497  data: 0.2618  max mem: 0
  [170/171]  eta: 0:00:00    time: 0.5607  data: 0.2729  max mem: 0
 Total time: 0:01:28 (0.5187 s / it)
SDR= 1.9124439501844328
Epoch: [32]  [  0/114]  eta: 0:07:55  lr: 0.001000  loss: 16.0153 (16.0153)  time: 4.1736  data: 1.9197  max mem: 0
Epoch: [32]  [ 50/114]  eta: 0:04:16  lr: 0.001000  loss: 15.5661 (20.3092)  time: 4.0009  data: 1.7470  max mem: 0
Epoch: [32]  [100/114]  eta: 0:00:56  lr: 0.001000  loss: 15.8745 (20.2555)  time: 4.0702  data: 1.8165  max mem: 0
Epoch: [32]  [113/114]  eta: 0:00:04  lr: 0.001000  loss: 41.1474 (20.9589)  time: 4.1085  data: 1.8689  max mem: 0
Epoch: [32] Total time: 0:07:42 (4.0577 s / it)
  [  0/171]  eta: 0:01:21    time: 0.4754  data: 0.1875  max mem: 0
  [ 50/171]  eta: 0:01:00    time: 0.5388  data: 0.2508  max mem: 0
  [100/171]  eta: 0:00:34    time: 0.4640  data: 0.1762  max mem: 0
  [150/171]  eta: 0:00:10    time: 0.5464  data: 0.2586  max mem: 0
  [170/171]  eta: 0:00:00    time: 0.5523  data: 0.2646  max mem: 0
 Total time: 0:01:27 (0.5136 s / it)
SDR= 1.9319422420253338
Epoch: [33]  [  0/114]  eta: 0:08:12  lr: 0.001000  loss: 16.1963 (16.1963)  time: 4.3199  data: 2.0668  max mem: 0
Epoch: [33]  [ 50/114]  eta: 0:04:19  lr: 0.001000  loss: 17.9076 (18.8507)  time: 4.0283  data: 1.7738  max mem: 0
Epoch: [33]  [100/114]  eta: 0:00:56  lr: 0.001000  loss: 13.3856 (20.1926)  time: 4.0942  data: 1.8407  max mem: 0
Epoch: [33]  [113/114]  eta: 0:00:04  lr: 0.001000  loss: 51.3403 (20.8204)  time: 4.0979  data: 1.8588  max mem: 0
Epoch: [33] Total time: 0:07:41 (4.0485 s / it)
  [  0/171]  eta: 0:01:18    time: 0.4607  data: 0.1726  max mem: 0
  [ 50/171]  eta: 0:00:58    time: 0.5275  data: 0.2398  max mem: 0
  [100/171]  eta: 0:00:34    time: 0.4779  data: 0.1900  max mem: 0
  [150/171]  eta: 0:00:10    time: 0.5732  data: 0.2851  max mem: 0
  [170/171]  eta: 0:00:00    time: 0.5508  data: 0.2631  max mem: 0
 Total time: 0:01:28 (0.5179 s / it)
SDR= 1.8973073543673504
Epoch: [34]  [  0/114]  eta: 0:07:13  lr: 0.001000  loss: 14.6211 (14.6211)  time: 3.8001  data: 1.5468  max mem: 0
Epoch: [34]  [ 50/114]  eta: 0:04:17  lr: 0.001000  loss: 15.7431 (22.7271)  time: 4.0203  data: 1.7666  max mem: 0
Epoch: [34]  [100/114]  eta: 0:00:56  lr: 0.001000  loss: 15.4802 (21.2462)  time: 4.1212  data: 1.8670  max mem: 0
Epoch: [34]  [113/114]  eta: 0:00:04  lr: 0.001000  loss: 15.7738 (21.0714)  time: 4.0236  data: 1.7843  max mem: 0
Epoch: [34] Total time: 0:07:40 (4.0382 s / it)
  [  0/171]  eta: 0:01:18    time: 0.4595  data: 0.1716  max mem: 0
  [ 50/171]  eta: 0:01:02    time: 0.5561  data: 0.2682  max mem: 0
  [100/171]  eta: 0:00:35    time: 0.4586  data: 0.1709  max mem: 0
  [150/171]  eta: 0:00:10    time: 0.5554  data: 0.2676  max mem: 0
  [170/171]  eta: 0:00:00    time: 0.5415  data: 0.2536  max mem: 0
 Total time: 0:01:28 (0.5198 s / it)
SDR= 1.9112367264267898
Epoch: [35]  [  0/114]  eta: 0:07:52  lr: 0.001000  loss: 22.5789 (22.5789)  time: 4.1430  data: 1.8895  max mem: 0
Epoch: [35]  [ 50/114]  eta: 0:04:17  lr: 0.001000  loss: 16.6986 (20.4182)  time: 4.0377  data: 1.7834  max mem: 0
Epoch: [35]  [100/114]  eta: 0:00:56  lr: 0.001000  loss: 16.3433 (21.3825)  time: 4.0660  data: 1.8119  max mem: 0
Epoch: [35]  [113/114]  eta: 0:00:04  lr: 0.001000  loss: 17.9561 (21.8194)  time: 3.9829  data: 1.7436  max mem: 0
Epoch: [35] Total time: 0:07:38 (4.0228 s / it)
  [  0/171]  eta: 0:01:22    time: 0.4842  data: 0.1960  max mem: 0
  [ 50/171]  eta: 0:01:00    time: 0.5435  data: 0.2557  max mem: 0
  [100/171]  eta: 0:00:35    time: 0.4644  data: 0.1765  max mem: 0
  [150/171]  eta: 0:00:10    time: 0.5440  data: 0.2563  max mem: 0
  [170/171]  eta: 0:00:00    time: 0.5523  data: 0.2645  max mem: 0
 Total time: 0:01:28 (0.5192 s / it)
SDR= 1.9391536387399892
Epoch: [36]  [  0/114]  eta: 0:07:52  lr: 0.001000  loss: 25.6136 (25.6136)  time: 4.1433  data: 1.8894  max mem: 0
Epoch: [36]  [ 50/114]  eta: 0:04:20  lr: 0.001000  loss: 15.5995 (23.0557)  time: 4.1052  data: 1.8510  max mem: 0
Epoch: [36]  [100/114]  eta: 0:00:56  lr: 0.001000  loss: 16.8222 (22.1346)  time: 3.9783  data: 1.7247  max mem: 0
Epoch: [36]  [113/114]  eta: 0:00:04  lr: 0.001000  loss: 32.6078 (21.5475)  time: 4.0208  data: 1.7811  max mem: 0
Epoch: [36] Total time: 0:07:41 (4.0496 s / it)
  [  0/171]  eta: 0:01:18    time: 0.4600  data: 0.1718  max mem: 0
  [ 50/171]  eta: 0:01:00    time: 0.5436  data: 0.2558  max mem: 0
  [100/171]  eta: 0:00:35    time: 0.4914  data: 0.2034  max mem: 0
  [150/171]  eta: 0:00:10    time: 0.5403  data: 0.2525  max mem: 0
  [170/171]  eta: 0:00:00    time: 0.5700  data: 0.2819  max mem: 0
 Total time: 0:01:29 (0.5219 s / it)
SDR= 1.9433751363715428
Epoch: [37]  [  0/114]  eta: 0:08:09  lr: 0.001000  loss: 19.5090 (19.5090)  time: 4.2925  data: 2.0399  max mem: 0
Epoch: [37]  [ 50/114]  eta: 0:04:19  lr: 0.001000  loss: 15.3763 (19.1987)  time: 4.0788  data: 1.8248  max mem: 0
Epoch: [37]  [100/114]  eta: 0:00:57  lr: 0.001000  loss: 28.2921 (20.7552)  time: 4.1081  data: 1.8534  max mem: 0
Epoch: [37]  [113/114]  eta: 0:00:04  lr: 0.001000  loss: 15.1374 (20.5873)  time: 4.0654  data: 1.8250  max mem: 0
Epoch: [37] Total time: 0:07:45 (4.0861 s / it)
  [  0/171]  eta: 0:01:35    time: 0.5568  data: 0.2647  max mem: 0
  [ 50/171]  eta: 0:01:02    time: 0.5606  data: 0.2726  max mem: 0
  [100/171]  eta: 0:00:36    time: 0.4811  data: 0.1931  max mem: 0
  [150/171]  eta: 0:00:11    time: 0.5816  data: 0.2936  max mem: 0
  [170/171]  eta: 0:00:00    time: 0.5861  data: 0.2982  max mem: 0
 Total time: 0:01:32 (0.5391 s / it)
SDR= 1.9333870990171365
Epoch: [38]  [  0/114]  eta: 0:08:13  lr: 0.001000  loss: 21.8811 (21.8811)  time: 4.3326  data: 2.0752  max mem: 0
Epoch: [38]  [ 50/114]  eta: 0:04:21  lr: 0.001000  loss: 16.6971 (20.4898)  time: 4.1189  data: 1.8637  max mem: 0
Epoch: [38]  [100/114]  eta: 0:00:56  lr: 0.001000  loss: 72.5516 (20.5451)  time: 4.0152  data: 1.7604  max mem: 0
Epoch: [38]  [113/114]  eta: 0:00:04  lr: 0.001000  loss: 13.5623 (20.1396)  time: 3.9923  data: 1.7519  max mem: 0
Epoch: [38] Total time: 0:07:42 (4.0542 s / it)
  [  0/171]  eta: 0:01:18    time: 0.4585  data: 0.1704  max mem: 0
  [ 50/171]  eta: 0:00:58    time: 0.5192  data: 0.2314  max mem: 0
  [100/171]  eta: 0:00:34    time: 0.4617  data: 0.1739  max mem: 0
  [150/171]  eta: 0:00:10    time: 0.5496  data: 0.2618  max mem: 0
  [170/171]  eta: 0:00:00    time: 0.5639  data: 0.2759  max mem: 0
 Total time: 0:01:28 (0.5166 s / it)
SDR= 1.9406209290611574
Epoch: [39]  [  0/114]  eta: 0:07:35  lr: 0.001000  loss: 14.1095 (14.1095)  time: 3.9985  data: 1.7443  max mem: 0
Epoch: [39]  [ 50/114]  eta: 0:04:18  lr: 0.001000  loss: 15.1225 (18.7927)  time: 4.0380  data: 1.7826  max mem: 0
Epoch: [39]  [100/114]  eta: 0:00:56  lr: 0.001000  loss: 34.2918 (19.2307)  time: 4.0536  data: 1.7995  max mem: 0
Epoch: [39]  [113/114]  eta: 0:00:04  lr: 0.001000  loss: 14.7481 (19.5549)  time: 4.1109  data: 1.8695  max mem: 0
Epoch: [39] Total time: 0:07:40 (4.0380 s / it)
  [  0/171]  eta: 0:01:17    time: 0.4551  data: 0.1671  max mem: 0
  [ 50/171]  eta: 0:01:00    time: 0.5478  data: 0.2596  max mem: 0
  [100/171]  eta: 0:00:35    time: 0.4755  data: 0.1875  max mem: 0
  [150/171]  eta: 0:00:10    time: 0.5755  data: 0.2874  max mem: 0
  [170/171]  eta: 0:00:00    time: 0.5480  data: 0.2602  max mem: 0
 Total time: 0:01:29 (0.5234 s / it)
SDR= 1.9103851082249013
Epoch: [40]  [  0/114]  eta: 0:07:42  lr: 0.001000  loss: 20.4450 (20.4450)  time: 4.0603  data: 1.8070  max mem: 0
Epoch: [40]  [ 50/114]  eta: 0:04:19  lr: 0.001000  loss: 13.8829 (17.7917)  time: 4.0430  data: 1.7888  max mem: 0
Epoch: [40]  [100/114]  eta: 0:00:56  lr: 0.001000  loss: 12.9442 (18.2145)  time: 4.0537  data: 1.7994  max mem: 0
Epoch: [40]  [113/114]  eta: 0:00:04  lr: 0.001000  loss: 23.9594 (18.5941)  time: 4.0497  data: 1.8088  max mem: 0
Epoch: [40] Total time: 0:07:40 (4.0390 s / it)
  [  0/171]  eta: 0:01:24    time: 0.4965  data: 0.2085  max mem: 0
  [ 50/171]  eta: 0:00:59    time: 0.5229  data: 0.2352  max mem: 0
  [100/171]  eta: 0:00:34    time: 0.4693  data: 0.1813  max mem: 0
  [150/171]  eta: 0:00:10    time: 0.5730  data: 0.2848  max mem: 0
  [170/171]  eta: 0:00:00    time: 0.5544  data: 0.2666  max mem: 0
 Total time: 0:01:28 (0.5168 s / it)
SDR= 1.9099541951815724
Epoch: [41]  [  0/114]  eta: 0:07:16  lr: 0.001000  loss: 12.8378 (12.8378)  time: 3.8256  data: 1.5678  max mem: 0
Epoch: [41]  [ 50/114]  eta: 0:04:18  lr: 0.001000  loss: 13.2915 (18.3764)  time: 4.0770  data: 1.8229  max mem: 0
Epoch: [41]  [100/114]  eta: 0:00:56  lr: 0.001000  loss: 13.2468 (17.9329)  time: 4.0900  data: 1.8362  max mem: 0
Epoch: [41]  [113/114]  eta: 0:00:04  lr: 0.001000  loss: 13.2724 (17.9161)  time: 4.0977  data: 1.8579  max mem: 0
Epoch: [41] Total time: 0:07:43 (4.0620 s / it)
  [  0/171]  eta: 0:01:19    time: 0.4645  data: 0.1768  max mem: 0
  [ 50/171]  eta: 0:00:59    time: 0.5242  data: 0.2366  max mem: 0
  [100/171]  eta: 0:00:34    time: 0.4608  data: 0.1732  max mem: 0
  [150/171]  eta: 0:00:10    time: 0.5358  data: 0.2481  max mem: 0
  [170/171]  eta: 0:00:00    time: 0.5425  data: 0.2549  max mem: 0
 Total time: 0:01:27 (0.5097 s / it)
SDR= 1.9198263754291849
Epoch: [42]  [  0/114]  eta: 0:07:32  lr: 0.001000  loss: 23.9702 (23.9702)  time: 3.9698  data: 1.7169  max mem: 0
Epoch: [42]  [ 50/114]  eta: 0:04:17  lr: 0.001000  loss: 14.3478 (17.7507)  time: 4.0480  data: 1.7945  max mem: 0
Epoch: [42]  [100/114]  eta: 0:00:56  lr: 0.001000  loss: 26.2770 (18.0578)  time: 3.9915  data: 1.7380  max mem: 0
Epoch: [42]  [113/114]  eta: 0:00:04  lr: 0.001000  loss: 21.5068 (17.5912)  time: 4.0130  data: 1.7737  max mem: 0
Epoch: [42] Total time: 0:07:36 (4.0079 s / it)
  [  0/171]  eta: 0:01:23    time: 0.4887  data: 0.2008  max mem: 0
  [ 50/171]  eta: 0:01:00    time: 0.5397  data: 0.2521  max mem: 0
  [100/171]  eta: 0:00:34    time: 0.4668  data: 0.1790  max mem: 0
  [150/171]  eta: 0:00:10    time: 0.5381  data: 0.2504  max mem: 0
  [170/171]  eta: 0:00:00    time: 0.5404  data: 0.2527  max mem: 0
 Total time: 0:01:27 (0.5140 s / it)
SDR= 1.9037296322221926
Epoch: [43]  [  0/114]  eta: 0:07:36  lr: 0.001000  loss: 10.2493 (10.2493)  time: 4.0064  data: 1.7528  max mem: 0
Epoch: [43]  [ 50/114]  eta: 0:04:18  lr: 0.001000  loss: 11.7588 (14.1589)  time: 4.0265  data: 1.7719  max mem: 0
Epoch: [43]  [100/114]  eta: 0:00:55  lr: 0.001000  loss: 13.7816 (15.8775)  time: 3.9764  data: 1.7219  max mem: 0
Epoch: [43]  [113/114]  eta: 0:00:03  lr: 0.001000  loss: 14.4647 (16.6192)  time: 3.9708  data: 1.7311  max mem: 0
Epoch: [43] Total time: 0:07:35 (3.9951 s / it)
  [  0/171]  eta: 0:01:18    time: 0.4592  data: 0.1713  max mem: 0
  [ 50/171]  eta: 0:01:00    time: 0.5392  data: 0.2515  max mem: 0
  [100/171]  eta: 0:00:35    time: 0.4711  data: 0.1834  max mem: 0
  [150/171]  eta: 0:00:10    time: 0.5501  data: 0.2624  max mem: 0
  [170/171]  eta: 0:00:00    time: 0.5694  data: 0.2814  max mem: 0
 Total time: 0:01:28 (0.5202 s / it)
SDR= 1.9515276307886242
Epoch: [44]  [  0/114]  eta: 0:07:47  lr: 0.001000  loss: 12.3018 (12.3018)  time: 4.0966  data: 1.8432  max mem: 0
Epoch: [44]  [ 50/114]  eta: 0:04:16  lr: 0.001000  loss: 12.3324 (16.8362)  time: 3.9456  data: 1.6922  max mem: 0
Epoch: [44]  [100/114]  eta: 0:00:56  lr: 0.001000  loss: 12.4172 (16.8018)  time: 4.0371  data: 1.7837  max mem: 0
Epoch: [44]  [113/114]  eta: 0:00:04  lr: 0.001000  loss: 13.5484 (17.2306)  time: 3.9809  data: 1.7419  max mem: 0
Epoch: [44] Total time: 0:07:40 (4.0364 s / it)
  [  0/171]  eta: 0:01:23    time: 0.4858  data: 0.1977  max mem: 0
  [ 50/171]  eta: 0:00:59    time: 0.5222  data: 0.2345  max mem: 0
  [100/171]  eta: 0:00:35    time: 0.4793  data: 0.1915  max mem: 0
  [150/171]  eta: 0:00:10    time: 0.5496  data: 0.2619  max mem: 0
  [170/171]  eta: 0:00:00    time: 0.5513  data: 0.2635  max mem: 0
 Total time: 0:01:28 (0.5176 s / it)
SDR= 1.9332842932399579
Epoch: [45]  [  0/114]  eta: 0:07:49  lr: 0.001000  loss: 24.5217 (24.5217)  time: 4.1199  data: 1.8673  max mem: 0
Epoch: [45]  [ 50/114]  eta: 0:04:17  lr: 0.001000  loss: 12.0032 (16.9415)  time: 4.0070  data: 1.7531  max mem: 0
Epoch: [45]  [100/114]  eta: 0:00:56  lr: 0.001000  loss: 12.8759 (16.9315)  time: 3.9848  data: 1.7312  max mem: 0
Epoch: [45]  [113/114]  eta: 0:00:04  lr: 0.001000  loss: 32.0848 (17.2621)  time: 3.9648  data: 1.7253  max mem: 0
Epoch: [45] Total time: 0:07:39 (4.0269 s / it)
  [  0/171]  eta: 0:01:18    time: 0.4617  data: 0.1734  max mem: 0
  [ 50/171]  eta: 0:00:58    time: 0.5196  data: 0.2320  max mem: 0
  [100/171]  eta: 0:00:34    time: 0.4581  data: 0.1705  max mem: 0
  [150/171]  eta: 0:00:10    time: 0.5353  data: 0.2477  max mem: 0
  [170/171]  eta: 0:00:00    time: 0.5479  data: 0.2601  max mem: 0
 Total time: 0:01:26 (0.5051 s / it)
SDR= 1.9081607009499342
Epoch: [46]  [  0/114]  eta: 0:07:42  lr: 0.001000  loss: 21.7117 (21.7117)  time: 4.0596  data: 1.8069  max mem: 0
Epoch: [46]  [ 50/114]  eta: 0:04:13  lr: 0.001000  loss: 13.3602 (16.6425)  time: 3.9382  data: 1.6848  max mem: 0
Epoch: [46]  [100/114]  eta: 0:00:55  lr: 0.001000  loss: 12.0225 (17.0341)  time: 3.9436  data: 1.6897  max mem: 0
Epoch: [46]  [113/114]  eta: 0:00:03  lr: 0.001000  loss: 12.4950 (16.8971)  time: 3.9457  data: 1.7068  max mem: 0
Epoch: [46] Total time: 0:07:30 (3.9515 s / it)
  [  0/171]  eta: 0:01:17    time: 0.4530  data: 0.1653  max mem: 0
  [ 50/171]  eta: 0:00:58    time: 0.5158  data: 0.2282  max mem: 0
  [100/171]  eta: 0:00:33    time: 0.4539  data: 0.1663  max mem: 0
  [150/171]  eta: 0:00:10    time: 0.5283  data: 0.2407  max mem: 0
  [170/171]  eta: 0:00:00    time: 0.5300  data: 0.2423  max mem: 0
 Total time: 0:01:25 (0.4987 s / it)
SDR= 1.9088898687262164
Epoch: [47]  [  0/114]  eta: 0:07:04  lr: 0.001000  loss: 37.2839 (37.2839)  time: 3.7237  data: 1.4706  max mem: 0
Epoch: [47]  [ 50/114]  eta: 0:04:17  lr: 0.001000  loss: 19.6534 (16.5777)  time: 3.9601  data: 1.7071  max mem: 0
Epoch: [47]  [100/114]  eta: 0:00:55  lr: 0.001000  loss: 14.0364 (16.1641)  time: 3.9400  data: 1.6872  max mem: 0
Epoch: [47]  [113/114]  eta: 0:00:03  lr: 0.001000  loss: 11.4295 (16.4714)  time: 3.9024  data: 1.6641  max mem: 0
Epoch: [47] Total time: 0:07:33 (3.9742 s / it)
  [  0/171]  eta: 0:01:22    time: 0.4804  data: 0.1889  max mem: 0
  [ 50/171]  eta: 0:00:58    time: 0.5194  data: 0.2319  max mem: 0
  [100/171]  eta: 0:00:34    time: 0.4634  data: 0.1758  max mem: 0
  [150/171]  eta: 0:00:10    time: 0.5515  data: 0.2638  max mem: 0
  [170/171]  eta: 0:00:00    time: 0.5481  data: 0.2603  max mem: 0
 Total time: 0:01:26 (0.5087 s / it)
SDR= 1.9056603014494962
Epoch: [48]  [  0/114]  eta: 0:07:43  lr: 0.001000  loss: 13.0343 (13.0343)  time: 4.0667  data: 1.8141  max mem: 0
Epoch: [48]  [ 50/114]  eta: 0:04:12  lr: 0.001000  loss: 11.7870 (14.7669)  time: 3.9033  data: 1.6508  max mem: 0
Epoch: [48]  [100/114]  eta: 0:00:55  lr: 0.001000  loss: 25.2259 (16.2666)  time: 3.8956  data: 1.6426  max mem: 0
Epoch: [48]  [113/114]  eta: 0:00:03  lr: 0.001000  loss: 11.7890 (16.2874)  time: 3.8512  data: 1.6128  max mem: 0
Epoch: [48] Total time: 0:07:27 (3.9271 s / it)
  [  0/171]  eta: 0:01:17    time: 0.4558  data: 0.1679  max mem: 0
  [ 50/171]  eta: 0:00:58    time: 0.5155  data: 0.2280  max mem: 0
  [100/171]  eta: 0:00:34    time: 0.4557  data: 0.1682  max mem: 0
  [150/171]  eta: 0:00:10    time: 0.5424  data: 0.2548  max mem: 0
  [170/171]  eta: 0:00:00    time: 0.5297  data: 0.2421  max mem: 0
 Total time: 0:01:26 (0.5058 s / it)
SDR= 1.9295540668849183
Epoch: [49]  [  0/114]  eta: 0:07:09  lr: 0.001000  loss: 12.9242 (12.9242)  time: 3.7691  data: 1.5165  max mem: 0
Epoch: [49]  [ 50/114]  eta: 0:04:10  lr: 0.001000  loss: 18.4931 (16.0087)  time: 3.8552  data: 1.6026  max mem: 0
Epoch: [49]  [100/114]  eta: 0:00:55  lr: 0.001000  loss: 18.9974 (17.8035)  time: 3.9588  data: 1.7060  max mem: 0
Epoch: [49]  [113/114]  eta: 0:00:03  lr: 0.001000  loss: 14.7924 (17.9556)  time: 3.8735  data: 1.6352  max mem: 0
Epoch: [49] Total time: 0:07:27 (3.9276 s / it)
  [  0/171]  eta: 0:01:22    time: 0.4821  data: 0.1942  max mem: 0
  [ 50/171]  eta: 0:00:59    time: 0.5353  data: 0.2475  max mem: 0
  [100/171]  eta: 0:00:34    time: 0.4575  data: 0.1699  max mem: 0
  [150/171]  eta: 0:00:10    time: 0.5472  data: 0.2596  max mem: 0
  [170/171]  eta: 0:00:00    time: 0.5643  data: 0.2767  max mem: 0
 Total time: 0:01:27 (0.5105 s / it)
SDR= 1.933920717078636
Epoch: [50]  [  0/114]  eta: 0:07:37  lr: 0.001000  loss: 74.2826 (74.2826)  time: 4.0101  data: 1.7571  max mem: 0
Epoch: [50]  [ 50/114]  eta: 0:04:11  lr: 0.001000  loss: 15.4263 (21.0546)  time: 3.9247  data: 1.6718  max mem: 0
Epoch: [50]  [100/114]  eta: 0:00:54  lr: 0.001000  loss: 35.9605 (22.0161)  time: 3.8829  data: 1.6301  max mem: 0
Epoch: [50]  [113/114]  eta: 0:00:03  lr: 0.001000  loss: 24.7628 (21.6856)  time: 3.9088  data: 1.6699  max mem: 0
Epoch: [50] Total time: 0:07:27 (3.9277 s / it)
  [  0/171]  eta: 0:01:18    time: 0.4577  data: 0.1699  max mem: 0
  [ 50/171]  eta: 0:00:58    time: 0.5199  data: 0.2324  max mem: 0
  [100/171]  eta: 0:00:34    time: 0.4657  data: 0.1779  max mem: 0
  [150/171]  eta: 0:00:10    time: 0.5322  data: 0.2447  max mem: 0
  [170/171]  eta: 0:00:00    time: 0.5326  data: 0.2450  max mem: 0
 Total time: 0:01:25 (0.5024 s / it)
SDR= 1.9278261982100906
Epoch: [51]  [  0/114]  eta: 0:07:37  lr: 0.001000  loss: 16.7433 (16.7433)  time: 4.0158  data: 1.7623  max mem: 0
Epoch: [51]  [ 50/114]  eta: 0:04:11  lr: 0.001000  loss: 33.4641 (22.7680)  time: 3.8861  data: 1.6333  max mem: 0
Epoch: [51]  [100/114]  eta: 0:00:54  lr: 0.001000  loss: 37.9393 (25.5676)  time: 3.9094  data: 1.6568  max mem: 0
Epoch: [51]  [113/114]  eta: 0:00:03  lr: 0.001000  loss: 59.5550 (28.5358)  time: 3.8531  data: 1.6146  max mem: 0
Epoch: [51] Total time: 0:07:26 (3.9172 s / it)
  [  0/171]  eta: 0:01:22    time: 0.4853  data: 0.1972  max mem: 0
  [ 50/171]  eta: 0:00:58    time: 0.5200  data: 0.2325  max mem: 0
  [100/171]  eta: 0:00:34    time: 0.4688  data: 0.1812  max mem: 0
  [150/171]  eta: 0:00:10    time: 0.5337  data: 0.2462  max mem: 0
  [170/171]  eta: 0:00:00    time: 0.5348  data: 0.2473  max mem: 0
 Total time: 0:01:26 (0.5039 s / it)
SDR= 2.5062253664403484
Epoch: [52]  [  0/114]  eta: 0:07:22  lr: 0.001000  loss: 52.3590 (52.3590)  time: 3.8803  data: 1.6279  max mem: 0
Epoch: [52]  [ 50/114]  eta: 0:04:10  lr: 0.001000  loss: 173.2717 (162.5462)  time: 3.8873  data: 1.6344  max mem: 0
Epoch: [52]  [100/114]  eta: 0:00:54  lr: 0.001000  loss: 139.1398 (162.2750)  time: 3.8997  data: 1.6466  max mem: 0
Epoch: [52]  [113/114]  eta: 0:00:03  lr: 0.001000  loss: 149.1543 (160.0413)  time: 3.8866  data: 1.6480  max mem: 0
Epoch: [52] Total time: 0:07:26 (3.9141 s / it)
  [  0/171]  eta: 0:01:18    time: 0.4579  data: 0.1699  max mem: 0
  [ 50/171]  eta: 0:00:58    time: 0.5188  data: 0.2310  max mem: 0
  [100/171]  eta: 0:00:34    time: 0.4626  data: 0.1745  max mem: 0
  [150/171]  eta: 0:00:10    time: 0.5335  data: 0.2455  max mem: 0
  [170/171]  eta: 0:00:00    time: 0.5332  data: 0.2452  max mem: 0
 Total time: 0:01:26 (0.5055 s / it)
SDR= 1.9499465534448233
Epoch: [53]  [  0/114]  eta: 0:07:35  lr: 0.001000  loss: 87.4149 (87.4149)  time: 3.9940  data: 1.7410  max mem: 0
Epoch: [53]  [ 50/114]  eta: 0:04:11  lr: 0.001000  loss: 74.5632 (89.6833)  time: 3.9669  data: 1.7136  max mem: 0
Epoch: [53]  [100/114]  eta: 0:00:54  lr: 0.001000  loss: 98.0197 (90.0555)  time: 3.9220  data: 1.6688  max mem: 0
Epoch: [53]  [113/114]  eta: 0:00:03  lr: 0.001000  loss: 89.9073 (91.5225)  time: 3.9160  data: 1.6771  max mem: 0
Epoch: [53] Total time: 0:07:27 (3.9285 s / it)
  [  0/171]  eta: 0:01:18    time: 0.4584  data: 0.1703  max mem: 0
  [ 50/171]  eta: 0:00:58    time: 0.5212  data: 0.2332  max mem: 0
  [100/171]  eta: 0:00:34    time: 0.4569  data: 0.1690  max mem: 0
  [150/171]  eta: 0:00:10    time: 0.5352  data: 0.2474  max mem: 0
  [170/171]  eta: 0:00:00    time: 0.5336  data: 0.2457  max mem: 0
 Total time: 0:01:26 (0.5034 s / it)
SDR= 1.9525850199466321
Epoch: [54]  [  0/114]  eta: 0:07:22  lr: 0.001000  loss: 48.1304 (48.1304)  time: 3.8807  data: 1.6274  max mem: 0
Epoch: [54]  [ 50/114]  eta: 0:04:09  lr: 0.001000  loss: 44.4102 (54.0819)  time: 3.9095  data: 1.6563  max mem: 0
Epoch: [54]  [100/114]  eta: 0:00:54  lr: 0.001000  loss: 40.5685 (51.5423)  time: 3.9226  data: 1.6696  max mem: 0
Epoch: [54]  [113/114]  eta: 0:00:03  lr: 0.001000  loss: 49.0370 (50.6187)  time: 3.9263  data: 1.6877  max mem: 0
Epoch: [54] Total time: 0:07:25 (3.9078 s / it)
  [  0/171]  eta: 0:01:18    time: 0.4574  data: 0.1692  max mem: 0
  [ 50/171]  eta: 0:00:58    time: 0.5188  data: 0.2309  max mem: 0
  [100/171]  eta: 0:00:34    time: 0.4688  data: 0.1809  max mem: 0
  [150/171]  eta: 0:00:10    time: 0.5340  data: 0.2460  max mem: 0
  [170/171]  eta: 0:00:00    time: 0.5348  data: 0.2469  max mem: 0
 Total time: 0:01:26 (0.5035 s / it)
SDR= 1.9189408303628464
Epoch: [55]  [  0/114]  eta: 0:07:38  lr: 0.001000  loss: 29.3296 (29.3296)  time: 4.0250  data: 1.7719  max mem: 0
Epoch: [55]  [ 50/114]  eta: 0:04:10  lr: 0.001000  loss: 24.0144 (28.3097)  time: 3.8810  data: 1.6282  max mem: 0
Epoch: [55]  [100/114]  eta: 0:00:55  lr: 0.001000  loss: 39.1024 (28.4367)  time: 3.9374  data: 1.6842  max mem: 0
Epoch: [55]  [113/114]  eta: 0:00:03  lr: 0.001000  loss: 21.9475 (27.8428)  time: 3.8772  data: 1.6387  max mem: 0
Epoch: [55] Total time: 0:07:27 (3.9265 s / it)
  [  0/171]  eta: 0:01:18    time: 0.4577  data: 0.1697  max mem: 0
  [ 50/171]  eta: 0:00:58    time: 0.5190  data: 0.2312  max mem: 0
  [100/171]  eta: 0:00:33    time: 0.4577  data: 0.1698  max mem: 0
  [150/171]  eta: 0:00:10    time: 0.5351  data: 0.2473  max mem: 0
  [170/171]  eta: 0:00:00    time: 0.5362  data: 0.2483  max mem: 0
 Total time: 0:01:25 (0.5022 s / it)
SDR= 1.9012653705426814
Epoch: [56]  [  0/114]  eta: 0:07:12  lr: 0.001000  loss: 28.1705 (28.1705)  time: 3.7981  data: 1.5445  max mem: 0
Epoch: [56]  [ 50/114]  eta: 0:04:10  lr: 0.001000  loss: 12.5460 (17.9341)  time: 3.9097  data: 1.6569  max mem: 0
Epoch: [56]  [100/114]  eta: 0:00:54  lr: 0.001000  loss: 12.8573 (18.3967)  time: 3.9270  data: 1.6743  max mem: 0
Epoch: [56]  [113/114]  eta: 0:00:03  lr: 0.001000  loss: 14.3462 (18.3543)  time: 3.8745  data: 1.6364  max mem: 0
Epoch: [56] Total time: 0:07:25 (3.9042 s / it)
  [  0/171]  eta: 0:01:18    time: 0.4565  data: 0.1684  max mem: 0
  [ 50/171]  eta: 0:00:58    time: 0.5192  data: 0.2313  max mem: 0
  [100/171]  eta: 0:00:33    time: 0.4568  data: 0.1690  max mem: 0
  [150/171]  eta: 0:00:10    time: 0.5340  data: 0.2461  max mem: 0
  [170/171]  eta: 0:00:00    time: 0.5336  data: 0.2458  max mem: 0
 Total time: 0:01:25 (0.5014 s / it)
SDR= 1.8805720378830082
Epoch: [57]  [  0/114]  eta: 0:07:28  lr: 0.001000  loss: 11.0653 (11.0653)  time: 3.9367  data: 1.6838  max mem: 0
Epoch: [57]  [ 50/114]  eta: 0:04:11  lr: 0.001000  loss: 17.0788 (12.5871)  time: 3.9001  data: 1.6469  max mem: 0
Epoch: [57]  [100/114]  eta: 0:00:54  lr: 0.001000  loss: 29.3781 (13.1168)  time: 3.9444  data: 1.6915  max mem: 0
Epoch: [57]  [113/114]  eta: 0:00:03  lr: 0.001000  loss: 57.3419 (14.3569)  time: 3.8964  data: 1.6579  max mem: 0
Epoch: [57] Total time: 0:07:25 (3.9071 s / it)
  [  0/171]  eta: 0:01:18    time: 0.4582  data: 0.1700  max mem: 0
  [ 50/171]  eta: 0:00:58    time: 0.5197  data: 0.2319  max mem: 0
  [100/171]  eta: 0:00:34    time: 0.4642  data: 0.1763  max mem: 0
  [150/171]  eta: 0:00:10    time: 0.5348  data: 0.2469  max mem: 0
  [170/171]  eta: 0:00:00    time: 0.5350  data: 0.2470  max mem: 0
 Total time: 0:01:26 (0.5045 s / it)
SDR= 1.8910193242830722
Epoch: [58]  [  0/114]  eta: 0:07:20  lr: 0.001000  loss: 18.8510 (18.8510)  time: 3.8638  data: 1.6108  max mem: 0
Epoch: [58]  [ 50/114]  eta: 0:04:09  lr: 0.001000  loss: 20.0458 (13.1426)  time: 3.9022  data: 1.6492  max mem: 0
Epoch: [58]  [100/114]  eta: 0:00:54  lr: 0.001000  loss: 8.5685 (12.8578)  time: 3.9149  data: 1.6622  max mem: 0
Epoch: [58]  [113/114]  eta: 0:00:03  lr: 0.001000  loss: 8.2742 (12.5103)  time: 3.8684  data: 1.6298  max mem: 0
Epoch: [58] Total time: 0:07:23 (3.8946 s / it)
  [  0/171]  eta: 0:01:18    time: 0.4608  data: 0.1727  max mem: 0
  [ 50/171]  eta: 0:00:58    time: 0.5164  data: 0.2285  max mem: 0
  [100/171]  eta: 0:00:34    time: 0.4608  data: 0.1730  max mem: 0
  [150/171]  eta: 0:00:10    time: 0.5318  data: 0.2440  max mem: 0
  [170/171]  eta: 0:00:00    time: 0.5322  data: 0.2444  max mem: 0
 Total time: 0:01:25 (0.5014 s / it)
SDR= 1.8938142984295865
Epoch: [59]  [  0/114]  eta: 0:07:35  lr: 0.001000  loss: 37.7052 (37.7052)  time: 3.9976  data: 1.7451  max mem: 0
Epoch: [59]  [ 50/114]  eta: 0:04:10  lr: 0.001000  loss: 7.0417 (11.2347)  time: 3.9109  data: 1.6584  max mem: 0
Epoch: [59]  [100/114]  eta: 0:00:54  lr: 0.001000  loss: 6.6785 (11.4868)  time: 3.9163  data: 1.6636  max mem: 0
Epoch: [59]  [113/114]  eta: 0:00:03  lr: 0.001000  loss: 6.7386 (11.3775)  time: 3.8808  data: 1.6424  max mem: 0
Epoch: [59] Total time: 0:07:23 (3.8943 s / it)
  [  0/171]  eta: 0:01:17    time: 0.4506  data: 0.1625  max mem: 0
  [ 50/171]  eta: 0:00:58    time: 0.5165  data: 0.2286  max mem: 0
  [100/171]  eta: 0:00:34    time: 0.4600  data: 0.1719  max mem: 0
  [150/171]  eta: 0:00:10    time: 0.5306  data: 0.2428  max mem: 0
  [170/171]  eta: 0:00:00    time: 0.5321  data: 0.2441  max mem: 0
 Total time: 0:01:26 (0.5041 s / it)
SDR= 1.8937532236754686
Epoch: [60]  [  0/114]  eta: 0:07:30  lr: 0.001000  loss: 11.7963 (11.7963)  time: 3.9549  data: 1.7016  max mem: 0
Epoch: [60]  [ 50/114]  eta: 0:04:10  lr: 0.001000  loss: 15.2116 (10.6955)  time: 3.9095  data: 1.6564  max mem: 0
Epoch: [60]  [100/114]  eta: 0:00:54  lr: 0.001000  loss: 6.5912 (10.6939)  time: 3.9238  data: 1.6708  max mem: 0
Epoch: [60]  [113/114]  eta: 0:00:03  lr: 0.001000  loss: 22.2770 (10.7639)  time: 3.8852  data: 1.6466  max mem: 0
Epoch: [60] Total time: 0:07:25 (3.9096 s / it)
  [  0/171]  eta: 0:01:17    time: 0.4513  data: 0.1632  max mem: 0
  [ 50/171]  eta: 0:00:58    time: 0.5347  data: 0.2467  max mem: 0
  [100/171]  eta: 0:00:34    time: 0.4545  data: 0.1666  max mem: 0
  [150/171]  eta: 0:00:10    time: 0.5302  data: 0.2423  max mem: 0
  [170/171]  eta: 0:00:00    time: 0.5292  data: 0.2414  max mem: 0
 Total time: 0:01:25 (0.5002 s / it)
SDR= 1.8815351495189434
Epoch: [61]  [  0/114]  eta: 0:07:32  lr: 0.001000  loss: 6.2348 (6.2348)  time: 3.9677  data: 1.7150  max mem: 0
Epoch: [61]  [ 50/114]  eta: 0:04:11  lr: 0.001000  loss: 6.1523 (10.1903)  time: 3.9330  data: 1.6799  max mem: 0
Epoch: [61]  [100/114]  eta: 0:00:54  lr: 0.001000  loss: 5.4199 (9.9688)  time: 3.8913  data: 1.6384  max mem: 0
Epoch: [61]  [113/114]  eta: 0:00:03  lr: 0.001000  loss: 5.4368 (10.2796)  time: 3.8640  data: 1.6256  max mem: 0
Epoch: [61] Total time: 0:07:24 (3.9011 s / it)
  [  0/171]  eta: 0:01:21    time: 0.4788  data: 0.1906  max mem: 0
  [ 50/171]  eta: 0:00:58    time: 0.5308  data: 0.2428  max mem: 0
  [100/171]  eta: 0:00:34    time: 0.4527  data: 0.1649  max mem: 0
  [150/171]  eta: 0:00:10    time: 0.5442  data: 0.2563  max mem: 0
  [170/171]  eta: 0:00:00    time: 0.5310  data: 0.2431  max mem: 0
 Total time: 0:01:26 (0.5043 s / it)
SDR= 1.8918190311035388
Epoch: [62]  [  0/114]  eta: 0:07:03  lr: 0.001000  loss: 25.7660 (25.7660)  time: 3.7130  data: 1.4603  max mem: 0
Epoch: [62]  [ 50/114]  eta: 0:04:08  lr: 0.001000  loss: 5.9374 (10.1553)  time: 3.8739  data: 1.6211  max mem: 0
Epoch: [62]  [100/114]  eta: 0:00:54  lr: 0.001000  loss: 15.8636 (10.2234)  time: 3.8954  data: 1.6422  max mem: 0
Epoch: [62]  [113/114]  eta: 0:00:03  lr: 0.001000  loss: 18.4788 (10.1448)  time: 3.9127  data: 1.6742  max mem: 0
Epoch: [62] Total time: 0:07:23 (3.8938 s / it)
  [  0/171]  eta: 0:01:17    time: 0.4508  data: 0.1629  max mem: 0
  [ 50/171]  eta: 0:00:58    time: 0.5178  data: 0.2299  max mem: 0
  [100/171]  eta: 0:00:34    time: 0.4558  data: 0.1680  max mem: 0
  [150/171]  eta: 0:00:10    time: 0.5289  data: 0.2411  max mem: 0
  [170/171]  eta: 0:00:00    time: 0.5267  data: 0.2389  max mem: 0
 Total time: 0:01:25 (0.5001 s / it)
SDR= 1.8897521315940033
Epoch: [63]  [  0/114]  eta: 0:07:08  lr: 0.001000  loss: 5.4168 (5.4168)  time: 3.7628  data: 1.5096  max mem: 0
Epoch: [63]  [ 50/114]  eta: 0:04:10  lr: 0.001000  loss: 4.9585 (8.2877)  time: 3.9168  data: 1.6639  max mem: 0
Epoch: [63]  [100/114]  eta: 0:00:54  lr: 0.001000  loss: 15.7285 (9.4552)  time: 3.8985  data: 1.6457  max mem: 0
Epoch: [63]  [113/114]  eta: 0:00:03  lr: 0.001000  loss: 5.7287 (9.6862)  time: 3.8519  data: 1.6134  max mem: 0
Epoch: [63] Total time: 0:07:25 (3.9113 s / it)
  [  0/171]  eta: 0:01:17    time: 0.4525  data: 0.1645  max mem: 0
  [ 50/171]  eta: 0:00:57    time: 0.5132  data: 0.2254  max mem: 0
  [100/171]  eta: 0:00:33    time: 0.4638  data: 0.1759  max mem: 0
  [150/171]  eta: 0:00:10    time: 0.5290  data: 0.2412  max mem: 0
  [170/171]  eta: 0:00:00    time: 0.5282  data: 0.2404  max mem: 0
 Total time: 0:01:25 (0.4982 s / it)
SDR= 1.873616010819658
Epoch: [64]  [  0/114]  eta: 0:07:19  lr: 0.001000  loss: 5.1447 (5.1447)  time: 3.8531  data: 1.6001  max mem: 0
Epoch: [64]  [ 50/114]  eta: 0:04:11  lr: 0.001000  loss: 20.0236 (8.6175)  time: 4.0143  data: 1.7607  max mem: 0
Epoch: [64]  [100/114]  eta: 0:00:54  lr: 0.001000  loss: 5.6044 (9.7739)  time: 3.8510  data: 1.5982  max mem: 0
Epoch: [64]  [113/114]  eta: 0:00:03  lr: 0.001000  loss: 23.2841 (9.7435)  time: 3.8721  data: 1.6338  max mem: 0
Epoch: [64] Total time: 0:07:26 (3.9179 s / it)
  [  0/171]  eta: 0:01:17    time: 0.4556  data: 0.1675  max mem: 0
  [ 50/171]  eta: 0:00:57    time: 0.5150  data: 0.2271  max mem: 0
  [100/171]  eta: 0:00:33    time: 0.4533  data: 0.1655  max mem: 0
  [150/171]  eta: 0:00:10    time: 0.5284  data: 0.2406  max mem: 0
  [170/171]  eta: 0:00:00    time: 0.5283  data: 0.2405  max mem: 0
 Total time: 0:01:25 (0.4973 s / it)
SDR= 1.8706147690847827
Epoch: [65]  [  0/114]  eta: 0:07:28  lr: 0.001000  loss: 6.1112 (6.1112)  time: 3.9360  data: 1.6829  max mem: 0
Epoch: [65]  [ 50/114]  eta: 0:04:09  lr: 0.001000  loss: 15.0381 (9.2943)  time: 3.8966  data: 1.6437  max mem: 0
Epoch: [65]  [100/114]  eta: 0:00:54  lr: 0.001000  loss: 5.6105 (10.0508)  time: 3.8406  data: 1.5878  max mem: 0
Epoch: [65]  [113/114]  eta: 0:00:03  lr: 0.001000  loss: 26.0490 (9.9399)  time: 3.9062  data: 1.6676  max mem: 0
Epoch: [65] Total time: 0:07:24 (3.8967 s / it)
  [  0/171]  eta: 0:01:17    time: 0.4561  data: 0.1681  max mem: 0
  [ 50/171]  eta: 0:00:57    time: 0.5146  data: 0.2268  max mem: 0
  [100/171]  eta: 0:00:33    time: 0.4523  data: 0.1645  max mem: 0
  [150/171]  eta: 0:00:10    time: 0.5266  data: 0.2387  max mem: 0
  [170/171]  eta: 0:00:00    time: 0.5580  data: 0.2700  max mem: 0
 Total time: 0:01:25 (0.4998 s / it)
SDR= 1.875618479109828
Epoch: [66]  [  0/114]  eta: 0:07:20  lr: 0.001000  loss: 5.0197 (5.0197)  time: 3.8659  data: 1.6130  max mem: 0
Epoch: [66]  [ 50/114]  eta: 0:04:11  lr: 0.001000  loss: 5.7347 (8.4317)  time: 3.9214  data: 1.6685  max mem: 0
Epoch: [66]  [100/114]  eta: 0:00:54  lr: 0.001000  loss: 6.6888 (10.0159)  time: 3.9152  data: 1.6620  max mem: 0
Epoch: [66]  [113/114]  eta: 0:00:03  lr: 0.001000  loss: 20.8083 (10.1441)  time: 3.8919  data: 1.6531  max mem: 0
Epoch: [66] Total time: 0:07:24 (3.8980 s / it)
  [  0/171]  eta: 0:01:17    time: 0.4552  data: 0.1673  max mem: 0
  [ 50/171]  eta: 0:00:57    time: 0.5151  data: 0.2272  max mem: 0
  [100/171]  eta: 0:00:33    time: 0.4542  data: 0.1663  max mem: 0
  [150/171]  eta: 0:00:10    time: 0.5312  data: 0.2433  max mem: 0
  [170/171]  eta: 0:00:00    time: 0.5292  data: 0.2413  max mem: 0
 Total time: 0:01:25 (0.4987 s / it)
SDR= 1.877521076037674
Epoch: [67]  [  0/114]  eta: 0:07:38  lr: 0.001000  loss: 6.9588 (6.9588)  time: 4.0200  data: 1.7664  max mem: 0
Epoch: [67]  [ 50/114]  eta: 0:04:09  lr: 0.001000  loss: 9.6954 (9.3625)  time: 3.8665  data: 1.6132  max mem: 0
Epoch: [67]  [100/114]  eta: 0:00:54  lr: 0.001000  loss: 5.7749 (9.5134)  time: 3.9011  data: 1.6471  max mem: 0
Epoch: [67]  [113/114]  eta: 0:00:03  lr: 0.001000  loss: 6.3951 (9.9350)  time: 3.8317  data: 1.5924  max mem: 0
Epoch: [67] Total time: 0:07:24 (3.8979 s / it)
  [  0/171]  eta: 0:01:17    time: 0.4538  data: 0.1657  max mem: 0
  [ 50/171]  eta: 0:00:58    time: 0.5196  data: 0.2317  max mem: 0
  [100/171]  eta: 0:00:34    time: 0.4556  data: 0.1677  max mem: 0
  [150/171]  eta: 0:00:10    time: 0.5302  data: 0.2424  max mem: 0
  [170/171]  eta: 0:00:00    time: 0.5303  data: 0.2425  max mem: 0
 Total time: 0:01:25 (0.5027 s / it)
SDR= 1.8856661129874905
Epoch: [68]  [  0/114]  eta: 0:07:38  lr: 0.001000  loss: 24.6231 (24.6231)  time: 4.0198  data: 1.7666  max mem: 0
Epoch: [68]  [ 50/114]  eta: 0:04:11  lr: 0.001000  loss: 5.7418 (11.0189)  time: 3.9138  data: 1.6606  max mem: 0
Epoch: [68]  [100/114]  eta: 0:00:54  lr: 0.001000  loss: 12.1381 (10.3547)  time: 3.9222  data: 1.6684  max mem: 0
Epoch: [68]  [113/114]  eta: 0:00:03  lr: 0.001000  loss: 5.7243 (10.3524)  time: 3.9032  data: 1.6644  max mem: 0
Epoch: [68] Total time: 0:07:27 (3.9237 s / it)
  [  0/171]  eta: 0:01:17    time: 0.4524  data: 0.1644  max mem: 0
  [ 50/171]  eta: 0:00:57    time: 0.5146  data: 0.2267  max mem: 0
  [100/171]  eta: 0:00:33    time: 0.4515  data: 0.1636  max mem: 0
  [150/171]  eta: 0:00:10    time: 0.5364  data: 0.2485  max mem: 0
  [170/171]  eta: 0:00:00    time: 0.5249  data: 0.2371  max mem: 0
 Total time: 0:01:25 (0.4983 s / it)
SDR= 1.8727794600433079
Epoch: [69]  [  0/114]  eta: 0:07:19  lr: 0.001000  loss: 5.7563 (5.7563)  time: 3.8542  data: 1.6010  max mem: 0
Epoch: [69]  [ 50/114]  eta: 0:04:10  lr: 0.001000  loss: 5.2812 (8.6482)  time: 3.9120  data: 1.6587  max mem: 0
Epoch: [69]  [100/114]  eta: 0:00:54  lr: 0.001000  loss: 6.9864 (10.4483)  time: 3.9246  data: 1.6712  max mem: 0
Epoch: [69]  [113/114]  eta: 0:00:03  lr: 0.001000  loss: 5.7202 (10.3671)  time: 3.8466  data: 1.6074  max mem: 0
Epoch: [69] Total time: 0:07:25 (3.9073 s / it)
  [  0/171]  eta: 0:01:17    time: 0.4503  data: 0.1623  max mem: 0
  [ 50/171]  eta: 0:00:58    time: 0.5265  data: 0.2386  max mem: 0
  [100/171]  eta: 0:00:33    time: 0.4539  data: 0.1660  max mem: 0
  [150/171]  eta: 0:00:10    time: 0.5406  data: 0.2528  max mem: 0
  [170/171]  eta: 0:00:00    time: 0.5289  data: 0.2411  max mem: 0
 Total time: 0:01:25 (0.4999 s / it)
SDR= 1.896778740946396
Epoch: [70]  [  0/114]  eta: 0:07:32  lr: 0.001000  loss: 5.9749 (5.9749)  time: 3.9721  data: 1.7167  max mem: 0
Epoch: [70]  [ 50/114]  eta: 0:04:08  lr: 0.001000  loss: 16.8001 (10.1339)  time: 3.8746  data: 1.6208  max mem: 0
Epoch: [70]  [100/114]  eta: 0:00:54  lr: 0.001000  loss: 6.3113 (10.3857)  time: 3.9324  data: 1.6791  max mem: 0
Epoch: [70]  [113/114]  eta: 0:00:03  lr: 0.001000  loss: 5.6260 (10.3387)  time: 3.8922  data: 1.6530  max mem: 0
Epoch: [70] Total time: 0:07:24 (3.8950 s / it)
  [  0/171]  eta: 0:01:17    time: 0.4527  data: 0.1646  max mem: 0
  [ 50/171]  eta: 0:00:57    time: 0.5133  data: 0.2255  max mem: 0
  [100/171]  eta: 0:00:33    time: 0.4628  data: 0.1747  max mem: 0
  [150/171]  eta: 0:00:10    time: 0.5277  data: 0.2399  max mem: 0
  [170/171]  eta: 0:00:00    time: 0.5271  data: 0.2393  max mem: 0
 Total time: 0:01:25 (0.4995 s / it)
SDR= 1.875400347297082
Epoch: [71]  [  0/114]  eta: 0:07:02  lr: 0.001000  loss: 6.2380 (6.2380)  time: 3.7033  data: 1.4502  max mem: 0
Epoch: [71]  [ 50/114]  eta: 0:04:09  lr: 0.001000  loss: 15.8037 (10.4462)  time: 3.9263  data: 1.6733  max mem: 0
Epoch: [71]  [100/114]  eta: 0:00:54  lr: 0.001000  loss: 6.8601 (11.5815)  time: 3.8873  data: 1.6345  max mem: 0
Epoch: [71]  [113/114]  eta: 0:00:03  lr: 0.001000  loss: 7.4861 (11.9368)  time: 3.8840  data: 1.6455  max mem: 0
Epoch: [71] Total time: 0:07:24 (3.8995 s / it)
  [  0/171]  eta: 0:01:17    time: 0.4536  data: 0.1656  max mem: 0
  [ 50/171]  eta: 0:00:58    time: 0.5262  data: 0.2383  max mem: 0
  [100/171]  eta: 0:00:33    time: 0.4540  data: 0.1662  max mem: 0
  [150/171]  eta: 0:00:10    time: 0.5281  data: 0.2402  max mem: 0
  [170/171]  eta: 0:00:00    time: 0.5301  data: 0.2422  max mem: 0
 Total time: 0:01:25 (0.4988 s / it)
SDR= 1.8792456864108429
Epoch: [72]  [  0/114]  eta: 0:07:16  lr: 0.001000  loss: 7.8431 (7.8431)  time: 3.8285  data: 1.5749  max mem: 0
Epoch: [72]  [ 50/114]  eta: 0:04:09  lr: 0.001000  loss: 6.6144 (12.5471)  time: 3.9005  data: 1.6476  max mem: 0
Epoch: [72]  [100/114]  eta: 0:00:54  lr: 0.001000  loss: 7.2145 (11.8335)  time: 3.8772  data: 1.6241  max mem: 0
Epoch: [72]  [113/114]  eta: 0:00:03  lr: 0.001000  loss: 20.2403 (11.7741)  time: 3.8725  data: 1.6341  max mem: 0
Epoch: [72] Total time: 0:07:22 (3.8844 s / it)
  [  0/171]  eta: 0:01:17    time: 0.4549  data: 0.1669  max mem: 0
  [ 50/171]  eta: 0:00:57    time: 0.5143  data: 0.2264  max mem: 0
  [100/171]  eta: 0:00:33    time: 0.4537  data: 0.1658  max mem: 0
  [150/171]  eta: 0:00:10    time: 0.5288  data: 0.2409  max mem: 0
  [170/171]  eta: 0:00:00    time: 0.5304  data: 0.2426  max mem: 0
 Total time: 0:01:25 (0.4978 s / it)
SDR= 1.9027066360871177
Epoch: [73]  [  0/114]  eta: 0:07:20  lr: 0.001000  loss: 7.4812 (7.4812)  time: 3.8650  data: 1.6118  max mem: 0
Epoch: [73]  [ 50/114]  eta: 0:04:08  lr: 0.001000  loss: 9.0144 (12.2893)  time: 3.9097  data: 1.6568  max mem: 0
Epoch: [73]  [100/114]  eta: 0:00:54  lr: 0.001000  loss: 20.6420 (12.2194)  time: 3.9022  data: 1.6496  max mem: 0
Epoch: [73]  [113/114]  eta: 0:00:03  lr: 0.001000  loss: 8.2184 (11.9494)  time: 3.9094  data: 1.6710  max mem: 0
Epoch: [73] Total time: 0:07:22 (3.8824 s / it)
  [  0/171]  eta: 0:01:17    time: 0.4508  data: 0.1628  max mem: 0
  [ 50/171]  eta: 0:00:57    time: 0.5138  data: 0.2260  max mem: 0
  [100/171]  eta: 0:00:33    time: 0.4519  data: 0.1641  max mem: 0
  [150/171]  eta: 0:00:10    time: 0.5382  data: 0.2502  max mem: 0
  [170/171]  eta: 0:00:00    time: 0.5371  data: 0.2492  max mem: 0
 Total time: 0:01:25 (0.4987 s / it)
SDR= 1.8958130120439152
Epoch: [74]  [  0/114]  eta: 0:06:53  lr: 0.001000  loss: 6.8137 (6.8137)  time: 3.6302  data: 1.3772  max mem: 0
Epoch: [74]  [ 50/114]  eta: 0:04:10  lr: 0.001000  loss: 7.9858 (10.3037)  time: 3.8655  data: 1.6126  max mem: 0
Epoch: [74]  [100/114]  eta: 0:00:54  lr: 0.001000  loss: 13.2947 (11.5765)  time: 3.9224  data: 1.6693  max mem: 0
Epoch: [74]  [113/114]  eta: 0:00:03  lr: 0.001000  loss: 6.8215 (11.4771)  time: 3.8653  data: 1.6270  max mem: 0
Epoch: [74] Total time: 0:07:25 (3.9118 s / it)
  [  0/171]  eta: 0:01:17    time: 0.4537  data: 0.1657  max mem: 0
  [ 50/171]  eta: 0:00:57    time: 0.5154  data: 0.2276  max mem: 0
  [100/171]  eta: 0:00:33    time: 0.4526  data: 0.1648  max mem: 0
  [150/171]  eta: 0:00:10    time: 0.5291  data: 0.2413  max mem: 0
  [170/171]  eta: 0:00:00    time: 0.5446  data: 0.2567  max mem: 0
 Total time: 0:01:25 (0.5002 s / it)
SDR= 1.9200207860893876
Epoch: [75]  [  0/114]  eta: 0:07:28  lr: 0.001000  loss: 6.4948 (6.4948)  time: 3.9339  data: 1.6807  max mem: 0
Epoch: [75]  [ 50/114]  eta: 0:04:10  lr: 0.001000  loss: 6.0572 (9.8459)  time: 3.9639  data: 1.7108  max mem: 0
Epoch: [75]  [100/114]  eta: 0:00:54  lr: 0.001000  loss: 7.0593 (10.7879)  time: 3.9541  data: 1.7013  max mem: 0
Epoch: [75]  [113/114]  eta: 0:00:03  lr: 0.001000  loss: 7.7183 (11.3111)  time: 3.9276  data: 1.6893  max mem: 0
Epoch: [75] Total time: 0:07:25 (3.9116 s / it)
  [  0/171]  eta: 0:01:16    time: 0.4502  data: 0.1623  max mem: 0
  [ 50/171]  eta: 0:00:57    time: 0.5159  data: 0.2281  max mem: 0
  [100/171]  eta: 0:00:33    time: 0.4540  data: 0.1661  max mem: 0
  [150/171]  eta: 0:00:10    time: 0.5296  data: 0.2417  max mem: 0
  [170/171]  eta: 0:00:00    time: 0.5296  data: 0.2418  max mem: 0
 Total time: 0:01:25 (0.4994 s / it)
SDR= 1.878517803444104
Epoch: [76]  [  0/114]  eta: 0:07:26  lr: 0.001000  loss: 6.6042 (6.6042)  time: 3.9185  data: 1.6659  max mem: 0
Epoch: [76]  [ 50/114]  eta: 0:04:10  lr: 0.001000  loss: 6.8952 (11.2068)  time: 3.9123  data: 1.6587  max mem: 0
Epoch: [76]  [100/114]  eta: 0:00:54  lr: 0.001000  loss: 21.1084 (11.5564)  time: 3.9212  data: 1.6681  max mem: 0
Epoch: [76]  [113/114]  eta: 0:00:03  lr: 0.001000  loss: 20.2447 (11.3091)  time: 3.8770  data: 1.6384  max mem: 0
Epoch: [76] Total time: 0:07:25 (3.9100 s / it)
  [  0/171]  eta: 0:01:17    time: 0.4535  data: 0.1655  max mem: 0
  [ 50/171]  eta: 0:00:58    time: 0.5325  data: 0.2446  max mem: 0
  [100/171]  eta: 0:00:33    time: 0.4537  data: 0.1658  max mem: 0
  [150/171]  eta: 0:00:10    time: 0.5361  data: 0.2482  max mem: 0
  [170/171]  eta: 0:00:00    time: 0.5254  data: 0.2375  max mem: 0
 Total time: 0:01:25 (0.5003 s / it)
SDR= 1.89919391806376
Epoch: [77]  [  0/114]  eta: 0:07:08  lr: 0.001000  loss: 6.6891 (6.6891)  time: 3.7614  data: 1.5084  max mem: 0
Epoch: [77]  [ 50/114]  eta: 0:04:07  lr: 0.001000  loss: 6.8361 (9.3756)  time: 3.9021  data: 1.6494  max mem: 0
Epoch: [77]  [100/114]  eta: 0:00:54  lr: 0.001000  loss: 48.2085 (10.8065)  time: 3.8838  data: 1.6310  max mem: 0
Epoch: [77]  [113/114]  eta: 0:00:03  lr: 0.001000  loss: 7.8712 (11.3410)  time: 3.8561  data: 1.6179  max mem: 0
Epoch: [77] Total time: 0:07:23 (3.8877 s / it)
  [  0/171]  eta: 0:01:17    time: 0.4526  data: 0.1646  max mem: 0
  [ 50/171]  eta: 0:00:57    time: 0.5146  data: 0.2268  max mem: 0
  [100/171]  eta: 0:00:33    time: 0.4578  data: 0.1700  max mem: 0
  [150/171]  eta: 0:00:10    time: 0.5278  data: 0.2398  max mem: 0
  [170/171]  eta: 0:00:00    time: 0.5284  data: 0.2404  max mem: 0
 Total time: 0:01:25 (0.4995 s / it)
SDR= 1.8961264632459072
Epoch: [78]  [  0/114]  eta: 0:07:17  lr: 0.001000  loss: 8.6635 (8.6635)  time: 3.8407  data: 1.5880  max mem: 0
Epoch: [78]  [ 50/114]  eta: 0:04:08  lr: 0.001000  loss: 7.3763 (10.8632)  time: 3.8996  data: 1.6469  max mem: 0
Epoch: [78]  [100/114]  eta: 0:00:54  lr: 0.001000  loss: 13.1414 (11.0134)  time: 3.9000  data: 1.6469  max mem: 0
Epoch: [78]  [113/114]  eta: 0:00:03  lr: 0.001000  loss: 7.2535 (11.3936)  time: 3.8916  data: 1.6530  max mem: 0
Epoch: [78] Total time: 0:07:23 (3.8882 s / it)
  [  0/171]  eta: 0:01:17    time: 0.4511  data: 0.1632  max mem: 0
  [ 50/171]  eta: 0:00:57    time: 0.5127  data: 0.2249  max mem: 0
  [100/171]  eta: 0:00:33    time: 0.4519  data: 0.1641  max mem: 0
  [150/171]  eta: 0:00:10    time: 0.5278  data: 0.2399  max mem: 0
  [170/171]  eta: 0:00:00    time: 0.5368  data: 0.2490  max mem: 0
 Total time: 0:01:24 (0.4969 s / it)
SDR= 1.9202585766952138
Epoch: [79]  [  0/114]  eta: 0:07:18  lr: 0.001000  loss: 6.6328 (6.6328)  time: 3.8500  data: 1.5976  max mem: 0
Epoch: [79]  [ 50/114]  eta: 0:04:11  lr: 0.001000  loss: 6.9744 (10.4564)  time: 3.9762  data: 1.7231  max mem: 0
Epoch: [79]  [100/114]  eta: 0:00:54  lr: 0.001000  loss: 6.0735 (10.7195)  time: 3.8849  data: 1.6320  max mem: 0
Epoch: [79]  [113/114]  eta: 0:00:03  lr: 0.001000  loss: 7.0071 (11.1429)  time: 3.8329  data: 1.5944  max mem: 0
Epoch: [79] Total time: 0:07:25 (3.9060 s / it)
  [  0/171]  eta: 0:01:17    time: 0.4529  data: 0.1648  max mem: 0
  [ 50/171]  eta: 0:00:58    time: 0.5160  data: 0.2281  max mem: 0
  [100/171]  eta: 0:00:33    time: 0.4527  data: 0.1648  max mem: 0
  [150/171]  eta: 0:00:10    time: 0.5293  data: 0.2415  max mem: 0
  [170/171]  eta: 0:00:00    time: 0.5284  data: 0.2406  max mem: 0
 Total time: 0:01:25 (0.4980 s / it)
SDR= 1.8928550209845945
Epoch: [80]  [  0/114]  eta: 0:07:27  lr: 0.001000  loss: 6.1239 (6.1239)  time: 3.9295  data: 1.6765  max mem: 0
Epoch: [80]  [ 50/114]  eta: 0:04:09  lr: 0.001000  loss: 7.7481 (10.5157)  time: 3.9185  data: 1.6657  max mem: 0
Epoch: [80]  [100/114]  eta: 0:00:54  lr: 0.001000  loss: 7.8826 (10.9823)  time: 3.9578  data: 1.7047  max mem: 0
Epoch: [80]  [113/114]  eta: 0:00:03  lr: 0.001000  loss: 26.5738 (11.2927)  time: 3.9194  data: 1.6806  max mem: 0
Epoch: [80] Total time: 0:07:24 (3.9029 s / it)
  [  0/171]  eta: 0:01:18    time: 0.4568  data: 0.1689  max mem: 0
  [ 50/171]  eta: 0:00:57    time: 0.5153  data: 0.2275  max mem: 0
  [100/171]  eta: 0:00:33    time: 0.4533  data: 0.1655  max mem: 0
  [150/171]  eta: 0:00:10    time: 0.5296  data: 0.2418  max mem: 0
  [170/171]  eta: 0:00:00    time: 0.5303  data: 0.2425  max mem: 0
 Total time: 0:01:25 (0.4978 s / it)
SDR= 1.8925673080195846
Epoch: [81]  [  0/114]  eta: 0:07:20  lr: 0.001000  loss: 6.7227 (6.7227)  time: 3.8603  data: 1.6072  max mem: 0
Epoch: [81]  [ 50/114]  eta: 0:04:10  lr: 0.001000  loss: 18.6058 (12.1311)  time: 3.8996  data: 1.6468  max mem: 0
Epoch: [81]  [100/114]  eta: 0:00:54  lr: 0.001000  loss: 7.2956 (11.3054)  time: 3.8933  data: 1.6404  max mem: 0
Epoch: [81]  [113/114]  eta: 0:00:03  lr: 0.001000  loss: 7.8866 (11.2728)  time: 3.9302  data: 1.6917  max mem: 0
Epoch: [81] Total time: 0:07:25 (3.9073 s / it)
  [  0/171]  eta: 0:01:20    time: 0.4701  data: 0.1822  max mem: 0
  [ 50/171]  eta: 0:00:58    time: 0.5167  data: 0.2289  max mem: 0
  [100/171]  eta: 0:00:33    time: 0.4557  data: 0.1678  max mem: 0
  [150/171]  eta: 0:00:10    time: 0.5334  data: 0.2455  max mem: 0
  [170/171]  eta: 0:00:00    time: 0.5297  data: 0.2418  max mem: 0
 Total time: 0:01:25 (0.5004 s / it)
SDR= 1.9025786127739466
Epoch: [82]  [  0/114]  eta: 0:07:37  lr: 0.001000  loss: 7.5552 (7.5552)  time: 4.0162  data: 1.7630  max mem: 0
Epoch: [82]  [ 50/114]  eta: 0:04:09  lr: 0.001000  loss: 7.7595 (10.7354)  time: 3.9048  data: 1.6520  max mem: 0
Epoch: [82]  [100/114]  eta: 0:00:54  lr: 0.001000  loss: 18.3370 (11.1920)  time: 3.8825  data: 1.6291  max mem: 0
Epoch: [82]  [113/114]  eta: 0:00:03  lr: 0.001000  loss: 7.6322 (11.3924)  time: 3.8553  data: 1.6167  max mem: 0
Epoch: [82] Total time: 0:07:23 (3.8912 s / it)
  [  0/171]  eta: 0:01:17    time: 0.4520  data: 0.1639  max mem: 0
  [ 50/171]  eta: 0:00:57    time: 0.5149  data: 0.2271  max mem: 0
  [100/171]  eta: 0:00:33    time: 0.4536  data: 0.1658  max mem: 0
  [150/171]  eta: 0:00:10    time: 0.5313  data: 0.2435  max mem: 0
  [170/171]  eta: 0:00:00    time: 0.5293  data: 0.2415  max mem: 0
 Total time: 0:01:25 (0.4991 s / it)
SDR= 1.9213435494091942
Epoch: [83]  [  0/114]  eta: 0:07:28  lr: 0.001000  loss: 6.8138 (6.8138)  time: 3.9357  data: 1.6827  max mem: 0
Epoch: [83]  [ 50/114]  eta: 0:04:10  lr: 0.001000  loss: 20.3657 (10.2986)  time: 3.9491  data: 1.6963  max mem: 0
Epoch: [83]  [100/114]  eta: 0:00:55  lr: 0.001000  loss: 16.0994 (11.8573)  time: 3.8769  data: 1.6240  max mem: 0
Epoch: [83]  [113/114]  eta: 0:00:03  lr: 0.001000  loss: 7.0179 (11.5281)  time: 3.8816  data: 1.6432  max mem: 0
Epoch: [83] Total time: 0:07:27 (3.9290 s / it)
  [  0/171]  eta: 0:01:17    time: 0.4509  data: 0.1629  max mem: 0
  [ 50/171]  eta: 0:00:57    time: 0.5162  data: 0.2283  max mem: 0
  [100/171]  eta: 0:00:33    time: 0.4551  data: 0.1673  max mem: 0
  [150/171]  eta: 0:00:10    time: 0.5420  data: 0.2539  max mem: 0
  [170/171]  eta: 0:00:00    time: 0.5294  data: 0.2416  max mem: 0
 Total time: 0:01:25 (0.4994 s / it)
SDR= 1.924906167989139
Epoch: [84]  [  0/114]  eta: 0:07:10  lr: 0.001000  loss: 7.9473 (7.9473)  time: 3.7748  data: 1.5216  max mem: 0
Epoch: [84]  [ 50/114]  eta: 0:04:08  lr: 0.001000  loss: 24.3825 (12.9528)  time: 3.9368  data: 1.6839  max mem: 0
Epoch: [84]  [100/114]  eta: 0:00:54  lr: 0.001000  loss: 7.5434 (12.5871)  time: 3.9013  data: 1.6484  max mem: 0
Epoch: [84]  [113/114]  eta: 0:00:03  lr: 0.001000  loss: 6.8708 (12.1443)  time: 3.8669  data: 1.6284  max mem: 0
Epoch: [84] Total time: 0:07:22 (3.8856 s / it)
  [  0/171]  eta: 0:01:17    time: 0.4540  data: 0.1661  max mem: 0
  [ 50/171]  eta: 0:00:57    time: 0.5147  data: 0.2269  max mem: 0
  [100/171]  eta: 0:00:33    time: 0.4528  data: 0.1649  max mem: 0
  [150/171]  eta: 0:00:10    time: 0.5260  data: 0.2382  max mem: 0
  [170/171]  eta: 0:00:00    time: 0.5280  data: 0.2403  max mem: 0
 Total time: 0:01:25 (0.4972 s / it)
SDR= 1.9021571593872943
Epoch: [85]  [  0/114]  eta: 0:07:02  lr: 0.001000  loss: 18.0962 (18.0962)  time: 3.7077  data: 1.4542  max mem: 0
Epoch: [85]  [ 50/114]  eta: 0:04:11  lr: 0.001000  loss: 10.0867 (11.3867)  time: 3.9025  data: 1.6493  max mem: 0
Epoch: [85]  [100/114]  eta: 0:00:54  lr: 0.001000  loss: 24.7102 (12.2653)  time: 3.8748  data: 1.6215  max mem: 0
Epoch: [85]  [113/114]  eta: 0:00:03  lr: 0.001000  loss: 8.6846 (12.4442)  time: 3.8574  data: 1.6186  max mem: 0
Epoch: [85] Total time: 0:07:25 (3.9104 s / it)
  [  0/171]  eta: 0:01:17    time: 0.4528  data: 0.1647  max mem: 0
  [ 50/171]  eta: 0:00:57    time: 0.5145  data: 0.2267  max mem: 0
  [100/171]  eta: 0:00:33    time: 0.4526  data: 0.1648  max mem: 0
  [150/171]  eta: 0:00:10    time: 0.5348  data: 0.2469  max mem: 0
  [170/171]  eta: 0:00:00    time: 0.5276  data: 0.2397  max mem: 0
 Total time: 0:01:25 (0.4998 s / it)
SDR= 1.8842776304768414
Epoch: [86]  [  0/114]  eta: 0:07:12  lr: 0.001000  loss: 7.9812 (7.9812)  time: 3.7914  data: 1.5383  max mem: 0
Epoch: [86]  [ 50/114]  eta: 0:04:10  lr: 0.001000  loss: 8.1133 (11.1740)  time: 3.9125  data: 1.6594  max mem: 0
Epoch: [86]  [100/114]  eta: 0:00:54  lr: 0.001000  loss: 8.1716 (11.7797)  time: 3.8669  data: 1.6139  max mem: 0
Epoch: [86]  [113/114]  eta: 0:00:03  lr: 0.001000  loss: 10.0715 (12.5961)  time: 3.8859  data: 1.6474  max mem: 0
Epoch: [86] Total time: 0:07:23 (3.8941 s / it)
  [  0/171]  eta: 0:01:18    time: 0.4614  data: 0.1733  max mem: 0
  [ 50/171]  eta: 0:00:57    time: 0.5146  data: 0.2268  max mem: 0
  [100/171]  eta: 0:00:33    time: 0.4530  data: 0.1651  max mem: 0
  [150/171]  eta: 0:00:10    time: 0.5491  data: 0.2611  max mem: 0
  [170/171]  eta: 0:00:00    time: 0.5284  data: 0.2406  max mem: 0
 Total time: 0:01:25 (0.5011 s / it)
SDR= 1.924356673617607
Epoch: [87]  [  0/114]  eta: 0:07:18  lr: 0.001000  loss: 9.3796 (9.3796)  time: 3.8487  data: 1.5950  max mem: 0
Epoch: [87]  [ 50/114]  eta: 0:04:11  lr: 0.001000  loss: 7.7770 (12.3981)  time: 3.9921  data: 1.7393  max mem: 0
Epoch: [87]  [100/114]  eta: 0:00:54  lr: 0.001000  loss: 14.8647 (12.5942)  time: 3.8859  data: 1.6332  max mem: 0
Epoch: [87]  [113/114]  eta: 0:00:03  lr: 0.001000  loss: 8.1502 (13.1499)  time: 3.8995  data: 1.6611  max mem: 0
Epoch: [87] Total time: 0:07:26 (3.9130 s / it)
  [  0/171]  eta: 0:01:19    time: 0.4650  data: 0.1771  max mem: 0
  [ 50/171]  eta: 0:00:58    time: 0.5278  data: 0.2399  max mem: 0
  [100/171]  eta: 0:00:34    time: 0.4526  data: 0.1646  max mem: 0
  [150/171]  eta: 0:00:10    time: 0.5292  data: 0.2413  max mem: 0
  [170/171]  eta: 0:00:00    time: 0.5284  data: 0.2405  max mem: 0
 Total time: 0:01:25 (0.5003 s / it)
SDR= 1.8992417087385178
Epoch: [88]  [  0/114]  eta: 0:07:09  lr: 0.001000  loss: 9.6631 (9.6631)  time: 3.7651  data: 1.5122  max mem: 0
Epoch: [88]  [ 50/114]  eta: 0:04:11  lr: 0.001000  loss: 7.8651 (11.9233)  time: 3.9168  data: 1.6638  max mem: 0
Epoch: [88]  [100/114]  eta: 0:00:54  lr: 0.001000  loss: 8.0958 (12.7308)  time: 3.8814  data: 1.6286  max mem: 0
Epoch: [88]  [113/114]  eta: 0:00:03  lr: 0.001000  loss: 9.9251 (13.0288)  time: 3.8744  data: 1.6359  max mem: 0
Epoch: [88] Total time: 0:07:25 (3.9083 s / it)
  [  0/171]  eta: 0:01:17    time: 0.4520  data: 0.1640  max mem: 0
  [ 50/171]  eta: 0:00:57    time: 0.5143  data: 0.2264  max mem: 0
  [100/171]  eta: 0:00:33    time: 0.4510  data: 0.1632  max mem: 0
  [150/171]  eta: 0:00:10    time: 0.5309  data: 0.2431  max mem: 0
  [170/171]  eta: 0:00:00    time: 0.5301  data: 0.2422  max mem: 0
 Total time: 0:01:25 (0.4971 s / it)
SDR= 1.9009953656705794
Epoch: [89]  [  0/114]  eta: 0:07:13  lr: 0.001000  loss: 7.0213 (7.0213)  time: 3.8018  data: 1.5488  max mem: 0
Epoch: [89]  [ 50/114]  eta: 0:04:09  lr: 0.001000  loss: 8.7675 (11.2796)  time: 3.9018  data: 1.6490  max mem: 0
Epoch: [89]  [100/114]  eta: 0:00:54  lr: 0.001000  loss: 23.5415 (12.4088)  time: 3.8505  data: 1.5978  max mem: 0
Epoch: [89]  [113/114]  eta: 0:00:03  lr: 0.001000  loss: 7.2788 (12.3220)  time: 3.8664  data: 1.6278  max mem: 0
Epoch: [89] Total time: 0:07:22 (3.8845 s / it)
  [  0/171]  eta: 0:01:17    time: 0.4534  data: 0.1654  max mem: 0
  [ 50/171]  eta: 0:00:57    time: 0.5152  data: 0.2274  max mem: 0
  [100/171]  eta: 0:00:33    time: 0.4530  data: 0.1652  max mem: 0
  [150/171]  eta: 0:00:10    time: 0.5277  data: 0.2398  max mem: 0
  [170/171]  eta: 0:00:00    time: 0.5285  data: 0.2407  max mem: 0
 Total time: 0:01:24 (0.4963 s / it)
SDR= 1.8995389842883035
Epoch: [90]  [  0/114]  eta: 0:07:01  lr: 0.001000  loss: 9.1466 (9.1466)  time: 3.6984  data: 1.4456  max mem: 0
Epoch: [90]  [ 50/114]  eta: 0:04:11  lr: 0.001000  loss: 6.4635 (12.0800)  time: 3.9182  data: 1.6652  max mem: 0
Epoch: [90]  [100/114]  eta: 0:00:54  lr: 0.001000  loss: 6.8916 (11.4809)  time: 3.8710  data: 1.6180  max mem: 0
Epoch: [90]  [113/114]  eta: 0:00:03  lr: 0.001000  loss: 7.5375 (11.6601)  time: 3.8159  data: 1.5772  max mem: 0
Epoch: [90] Total time: 0:07:24 (3.9009 s / it)
  [  0/171]  eta: 0:01:17    time: 0.4549  data: 0.1669  max mem: 0
  [ 50/171]  eta: 0:00:57    time: 0.5157  data: 0.2279  max mem: 0
  [100/171]  eta: 0:00:33    time: 0.4541  data: 0.1663  max mem: 0
  [150/171]  eta: 0:00:10    time: 0.5298  data: 0.2419  max mem: 0
  [170/171]  eta: 0:00:00    time: 0.5296  data: 0.2418  max mem: 0
 Total time: 0:01:25 (0.4991 s / it)
SDR= 1.909670102237607
Epoch: [91]  [  0/114]  eta: 0:07:21  lr: 0.001000  loss: 15.7360 (15.7360)  time: 3.8688  data: 1.6158  max mem: 0
Epoch: [91]  [ 50/114]  eta: 0:04:10  lr: 0.001000  loss: 7.0678 (11.5229)  time: 3.9143  data: 1.6615  max mem: 0
Epoch: [91]  [100/114]  eta: 0:00:54  lr: 0.001000  loss: 6.2470 (10.8949)  time: 3.8803  data: 1.6275  max mem: 0
Epoch: [91]  [113/114]  eta: 0:00:03  lr: 0.001000  loss: 5.7828 (10.7970)  time: 3.8639  data: 1.6253  max mem: 0
Epoch: [91] Total time: 0:07:23 (3.8885 s / it)
  [  0/171]  eta: 0:01:17    time: 0.4509  data: 0.1625  max mem: 0
  [ 50/171]  eta: 0:00:58    time: 0.5164  data: 0.2286  max mem: 0
  [100/171]  eta: 0:00:33    time: 0.4527  data: 0.1648  max mem: 0
  [150/171]  eta: 0:00:10    time: 0.5286  data: 0.2407  max mem: 0
  [170/171]  eta: 0:00:00    time: 0.5303  data: 0.2424  max mem: 0
 Total time: 0:01:25 (0.4986 s / it)
SDR= 1.909839422711864
Epoch: [92]  [  0/114]  eta: 0:07:19  lr: 0.001000  loss: 25.2225 (25.2225)  time: 3.8590  data: 1.6056  max mem: 0
Epoch: [92]  [ 50/114]  eta: 0:04:10  lr: 0.001000  loss: 15.8301 (10.5554)  time: 3.9697  data: 1.7161  max mem: 0
Epoch: [92]  [100/114]  eta: 0:00:54  lr: 0.001000  loss: 6.2370 (10.1707)  time: 3.9233  data: 1.6701  max mem: 0
Epoch: [92]  [113/114]  eta: 0:00:03  lr: 0.001000  loss: 5.5791 (10.0995)  time: 3.8931  data: 1.6540  max mem: 0
Epoch: [92] Total time: 0:07:25 (3.9095 s / it)
  [  0/171]  eta: 0:01:17    time: 0.4509  data: 0.1629  max mem: 0
  [ 50/171]  eta: 0:00:58    time: 0.5164  data: 0.2284  max mem: 0
  [100/171]  eta: 0:00:33    time: 0.4542  data: 0.1664  max mem: 0
  [150/171]  eta: 0:00:10    time: 0.5439  data: 0.2561  max mem: 0
  [170/171]  eta: 0:00:00    time: 0.5580  data: 0.2700  max mem: 0
 Total time: 0:01:26 (0.5037 s / it)
SDR= 1.9252983929166407
Epoch: [93]  [  0/114]  eta: 0:07:12  lr: 0.001000  loss: 5.5691 (5.5691)  time: 3.7935  data: 1.5399  max mem: 0
Epoch: [93]  [ 50/114]  eta: 0:04:09  lr: 0.001000  loss: 27.6795 (9.9205)  time: 3.9263  data: 1.6734  max mem: 0
Epoch: [93]  [100/114]  eta: 0:00:54  lr: 0.001000  loss: 19.4709 (9.4230)  time: 3.8608  data: 1.6072  max mem: 0
Epoch: [93]  [113/114]  eta: 0:00:03  lr: 0.001000  loss: 5.5054 (9.6264)  time: 3.8953  data: 1.6565  max mem: 0
Epoch: [93] Total time: 0:07:22 (3.8834 s / it)
  [  0/171]  eta: 0:01:17    time: 0.4518  data: 0.1640  max mem: 0
  [ 50/171]  eta: 0:00:57    time: 0.5131  data: 0.2253  max mem: 0
  [100/171]  eta: 0:00:33    time: 0.4553  data: 0.1675  max mem: 0
  [150/171]  eta: 0:00:10    time: 0.5244  data: 0.2366  max mem: 0
  [170/171]  eta: 0:00:00    time: 0.5464  data: 0.2585  max mem: 0
 Total time: 0:01:25 (0.4993 s / it)
SDR= 1.8832985755083962
Epoch: [94]  [  0/114]  eta: 0:07:20  lr: 0.001000  loss: 4.5572 (4.5572)  time: 3.8610  data: 1.6067  max mem: 0
Epoch: [94]  [ 50/114]  eta: 0:04:10  lr: 0.001000  loss: 4.9567 (8.5368)  time: 3.8681  data: 1.6156  max mem: 0
Epoch: [94]  [100/114]  eta: 0:00:54  lr: 0.001000  loss: 4.9861 (9.5038)  time: 3.9324  data: 1.6791  max mem: 0
Epoch: [94]  [113/114]  eta: 0:00:03  lr: 0.001000  loss: 5.3587 (9.4516)  time: 3.8383  data: 1.5997  max mem: 0
Epoch: [94] Total time: 0:07:24 (3.8973 s / it)
  [  0/171]  eta: 0:01:17    time: 0.4514  data: 0.1633  max mem: 0
  [ 50/171]  eta: 0:00:57    time: 0.5144  data: 0.2266  max mem: 0
  [100/171]  eta: 0:00:33    time: 0.4524  data: 0.1647  max mem: 0
  [150/171]  eta: 0:00:10    time: 0.5277  data: 0.2398  max mem: 0
  [170/171]  eta: 0:00:00    time: 0.5281  data: 0.2402  max mem: 0
 Total time: 0:01:24 (0.4965 s / it)
SDR= 1.8929027411296957
Epoch: [95]  [  0/114]  eta: 0:07:44  lr: 0.001000  loss: 5.8133 (5.8133)  time: 4.0752  data: 1.8217  max mem: 0
Epoch: [95]  [ 50/114]  eta: 0:04:08  lr: 0.001000  loss: 12.6896 (10.5322)  time: 3.8638  data: 1.6111  max mem: 0
Epoch: [95]  [100/114]  eta: 0:00:54  lr: 0.001000  loss: 4.7835 (9.5852)  time: 3.9289  data: 1.6760  max mem: 0
Epoch: [95]  [113/114]  eta: 0:00:03  lr: 0.001000  loss: 5.2600 (9.4795)  time: 3.8694  data: 1.6309  max mem: 0
Epoch: [95] Total time: 0:07:24 (3.9023 s / it)
  [  0/171]  eta: 0:01:17    time: 0.4521  data: 0.1640  max mem: 0
  [ 50/171]  eta: 0:00:57    time: 0.5143  data: 0.2264  max mem: 0
  [100/171]  eta: 0:00:33    time: 0.4498  data: 0.1620  max mem: 0
  [150/171]  eta: 0:00:10    time: 0.5298  data: 0.2420  max mem: 0
  [170/171]  eta: 0:00:00    time: 0.5278  data: 0.2400  max mem: 0
 Total time: 0:01:24 (0.4967 s / it)
SDR= 1.8951785338444123
Epoch: [96]  [  0/114]  eta: 0:07:18  lr: 0.001000  loss: 5.6502 (5.6502)  time: 3.8501  data: 1.5975  max mem: 0
Epoch: [96]  [ 50/114]  eta: 0:04:09  lr: 0.001000  loss: 5.3108 (8.2148)  time: 3.9211  data: 1.6681  max mem: 0
Epoch: [96]  [100/114]  eta: 0:00:54  lr: 0.001000  loss: 30.3656 (9.0717)  time: 3.9235  data: 1.6703  max mem: 0
Epoch: [96]  [113/114]  eta: 0:00:03  lr: 0.001000  loss: 6.7296 (9.4647)  time: 3.8841  data: 1.6452  max mem: 0
Epoch: [96] Total time: 0:07:24 (3.9019 s / it)
  [  0/171]  eta: 0:01:17    time: 0.4540  data: 0.1660  max mem: 0
  [ 50/171]  eta: 0:00:57    time: 0.5148  data: 0.2270  max mem: 0
  [100/171]  eta: 0:00:33    time: 0.4518  data: 0.1640  max mem: 0
  [150/171]  eta: 0:00:10    time: 0.5298  data: 0.2419  max mem: 0
  [170/171]  eta: 0:00:00    time: 0.5320  data: 0.2441  max mem: 0
 Total time: 0:01:25 (0.4987 s / it)
SDR= 1.8815290106645328
Epoch: [97]  [  0/114]  eta: 0:07:31  lr: 0.001000  loss: 19.3954 (19.3954)  time: 3.9588  data: 1.7055  max mem: 0
Epoch: [97]  [ 50/114]  eta: 0:04:09  lr: 0.001000  loss: 13.5932 (9.8293)  time: 3.8862  data: 1.6334  max mem: 0
Epoch: [97]  [100/114]  eta: 0:00:54  lr: 0.001000  loss: 16.3493 (9.6060)  time: 3.9140  data: 1.6609  max mem: 0
Epoch: [97]  [113/114]  eta: 0:00:03  lr: 0.001000  loss: 17.6501 (9.9156)  time: 3.8657  data: 1.6271  max mem: 0
Epoch: [97] Total time: 0:07:23 (3.8873 s / it)
  [  0/171]  eta: 0:01:21    time: 0.4779  data: 0.1897  max mem: 0
  [ 50/171]  eta: 0:00:58    time: 0.5145  data: 0.2267  max mem: 0
  [100/171]  eta: 0:00:33    time: 0.4506  data: 0.1628  max mem: 0
  [150/171]  eta: 0:00:10    time: 0.5388  data: 0.2510  max mem: 0
  [170/171]  eta: 0:00:00    time: 0.5293  data: 0.2415  max mem: 0
 Total time: 0:01:25 (0.4996 s / it)
SDR= 1.9083878375582306
Epoch: [98]  [  0/114]  eta: 0:07:37  lr: 0.001000  loss: 10.0490 (10.0490)  time: 4.0132  data: 1.7606  max mem: 0
Epoch: [98]  [ 50/114]  eta: 0:04:09  lr: 0.001000  loss: 12.2895 (9.4942)  time: 3.8836  data: 1.6305  max mem: 0
Epoch: [98]  [100/114]  eta: 0:00:54  lr: 0.001000  loss: 6.3352 (9.7104)  time: 3.9237  data: 1.6706  max mem: 0
Epoch: [98]  [113/114]  eta: 0:00:03  lr: 0.001000  loss: 6.2802 (10.0198)  time: 3.8615  data: 1.6229  max mem: 0
Epoch: [98] Total time: 0:07:23 (3.8934 s / it)
  [  0/171]  eta: 0:01:17    time: 0.4529  data: 0.1646  max mem: 0
  [ 50/171]  eta: 0:00:57    time: 0.5154  data: 0.2276  max mem: 0
  [100/171]  eta: 0:00:33    time: 0.4537  data: 0.1659  max mem: 0
  [150/171]  eta: 0:00:10    time: 0.5312  data: 0.2433  max mem: 0
  [170/171]  eta: 0:00:00    time: 0.5295  data: 0.2416  max mem: 0
 Total time: 0:01:25 (0.4993 s / it)
SDR= 1.9027833996494472
Epoch: [99]  [  0/114]  eta: 0:07:18  lr: 0.001000  loss: 23.9629 (23.9629)  time: 3.8473  data: 1.5943  max mem: 0
Epoch: [99]  [ 50/114]  eta: 0:04:09  lr: 0.001000  loss: 30.2409 (11.3657)  time: 3.9431  data: 1.6902  max mem: 0
Epoch: [99]  [100/114]  eta: 0:00:54  lr: 0.001000  loss: 6.2706 (10.0253)  time: 3.8831  data: 1.6302  max mem: 0
Epoch: [99]  [113/114]  eta: 0:00:03  lr: 0.001000  loss: 6.2984 (10.0933)  time: 3.9071  data: 1.6685  max mem: 0
Epoch: [99] Total time: 0:07:25 (3.9083 s / it)
  [  0/171]  eta: 0:01:21    time: 0.4794  data: 0.1913  max mem: 0
  [ 50/171]  eta: 0:00:58    time: 0.5279  data: 0.2400  max mem: 0
  [100/171]  eta: 0:00:33    time: 0.4527  data: 0.1648  max mem: 0
  [150/171]  eta: 0:00:10    time: 0.5354  data: 0.2476  max mem: 0
  [170/171]  eta: 0:00:00    time: 0.5387  data: 0.2508  max mem: 0
 Total time: 0:01:25 (0.5013 s / it)
SDR= 1.9231979760789224
Epoch: [100]  [  0/114]  eta: 0:07:11  lr: 0.001000  loss: 5.7772 (5.7772)  time: 3.7878  data: 1.5344  max mem: 0
Epoch: [100]  [ 50/114]  eta: 0:04:07  lr: 0.001000  loss: 5.9836 (10.7211)  time: 3.8773  data: 1.6246  max mem: 0
Epoch: [100]  [100/114]  eta: 0:00:54  lr: 0.001000  loss: 5.7899 (10.4547)  time: 3.9854  data: 1.7323  max mem: 0
Epoch: [100]  [113/114]  eta: 0:00:03  lr: 0.001000  loss: 5.7031 (10.2350)  time: 3.9290  data: 1.6903  max mem: 0
Epoch: [100] Total time: 0:07:23 (3.8946 s / it)
  [  0/171]  eta: 0:01:17    time: 0.4544  data: 0.1664  max mem: 0
  [ 50/171]  eta: 0:00:58    time: 0.5161  data: 0.2282  max mem: 0
  [100/171]  eta: 0:00:34    time: 0.4552  data: 0.1674  max mem: 0
  [150/171]  eta: 0:00:10    time: 0.5313  data: 0.2434  max mem: 0
  [170/171]  eta: 0:00:00    time: 0.5297  data: 0.2419  max mem: 0
 Total time: 0:01:25 (0.5023 s / it)
SDR= 1.9002665387531978
Epoch: [101]  [  0/114]  eta: 0:07:27  lr: 0.001000  loss: 5.9200 (5.9200)  time: 3.9245  data: 1.6713  max mem: 0
Epoch: [101]  [ 50/114]  eta: 0:04:10  lr: 0.001000  loss: 13.6734 (10.4715)  time: 3.8818  data: 1.6290  max mem: 0
Epoch: [101]  [100/114]  eta: 0:00:54  lr: 0.001000  loss: 22.7882 (11.0201)  time: 3.9349  data: 1.6818  max mem: 0
Epoch: [101]  [113/114]  eta: 0:00:03  lr: 0.001000  loss: 6.0536 (10.5387)  time: 3.9247  data: 1.6854  max mem: 0
Epoch: [101] Total time: 0:07:27 (3.9290 s / it)
  [  0/171]  eta: 0:01:19    time: 0.4624  data: 0.1745  max mem: 0
  [ 50/171]  eta: 0:00:57    time: 0.5152  data: 0.2274  max mem: 0
  [100/171]  eta: 0:00:33    time: 0.4529  data: 0.1651  max mem: 0
  [150/171]  eta: 0:00:10    time: 0.5312  data: 0.2434  max mem: 0
  [170/171]  eta: 0:00:00    time: 0.5310  data: 0.2431  max mem: 0
 Total time: 0:01:25 (0.4993 s / it)
SDR= 1.8813274670115563
Epoch: [102]  [  0/114]  eta: 0:07:39  lr: 0.001000  loss: 6.0327 (6.0327)  time: 4.0285  data: 1.7757  max mem: 0
Epoch: [102]  [ 50/114]  eta: 0:04:12  lr: 0.001000  loss: 6.3051 (8.5057)  time: 3.9440  data: 1.6910  max mem: 0
Epoch: [102]  [100/114]  eta: 0:00:55  lr: 0.001000  loss: 6.5182 (10.0599)  time: 3.9056  data: 1.6527  max mem: 0
Epoch: [102]  [113/114]  eta: 0:00:03  lr: 0.001000  loss: 6.5589 (10.3935)  time: 3.9017  data: 1.6631  max mem: 0
Epoch: [102] Total time: 0:07:27 (3.9288 s / it)
  [  0/171]  eta: 0:01:17    time: 0.4542  data: 0.1661  max mem: 0
  [ 50/171]  eta: 0:00:57    time: 0.5146  data: 0.2268  max mem: 0
  [100/171]  eta: 0:00:33    time: 0.4532  data: 0.1654  max mem: 0
  [150/171]  eta: 0:00:10    time: 0.5456  data: 0.2577  max mem: 0
  [170/171]  eta: 0:00:00    time: 0.5349  data: 0.2471  max mem: 0
 Total time: 0:01:25 (0.4998 s / it)
SDR= 1.9231071066792624
Epoch: [103]  [  0/114]  eta: 0:07:29  lr: 0.001000  loss: 8.8888 (8.8888)  time: 3.9422  data: 1.6898  max mem: 0
Epoch: [103]  [ 50/114]  eta: 0:04:09  lr: 0.001000  loss: 6.2496 (10.0108)  time: 3.9095  data: 1.6567  max mem: 0
Epoch: [103]  [100/114]  eta: 0:00:54  lr: 0.001000  loss: 15.7140 (10.4861)  time: 3.8729  data: 1.6201  max mem: 0
Epoch: [103]  [113/114]  eta: 0:00:03  lr: 0.001000  loss: 6.6171 (10.3076)  time: 3.9225  data: 1.6841  max mem: 0
Epoch: [103] Total time: 0:07:25 (3.9068 s / it)
  [  0/171]  eta: 0:01:17    time: 0.4559  data: 0.1680  max mem: 0
  [ 50/171]  eta: 0:00:58    time: 0.5166  data: 0.2287  max mem: 0
  [100/171]  eta: 0:00:33    time: 0.4540  data: 0.1662  max mem: 0
  [150/171]  eta: 0:00:10    time: 0.5296  data: 0.2417  max mem: 0
  [170/171]  eta: 0:00:00    time: 0.5299  data: 0.2420  max mem: 0
 Total time: 0:01:25 (0.4988 s / it)
SDR= 1.902581577271121
Epoch: [104]  [  0/114]  eta: 0:07:38  lr: 0.001000  loss: 6.1045 (6.1045)  time: 4.0243  data: 1.7716  max mem: 0
Epoch: [104]  [ 50/114]  eta: 0:04:10  lr: 0.001000  loss: 24.8206 (11.2261)  time: 3.8912  data: 1.6383  max mem: 0
Epoch: [104]  [100/114]  eta: 0:00:54  lr: 0.001000  loss: 10.8126 (10.3614)  time: 3.9673  data: 1.7144  max mem: 0
Epoch: [104]  [113/114]  eta: 0:00:03  lr: 0.001000  loss: 6.4100 (10.1624)  time: 3.8804  data: 1.6419  max mem: 0
Epoch: [104] Total time: 0:07:25 (3.9041 s / it)
  [  0/171]  eta: 0:01:17    time: 0.4555  data: 0.1673  max mem: 0
  [ 50/171]  eta: 0:00:57    time: 0.5158  data: 0.2280  max mem: 0
  [100/171]  eta: 0:00:33    time: 0.4542  data: 0.1664  max mem: 0
  [150/171]  eta: 0:00:10    time: 0.5289  data: 0.2411  max mem: 0
  [170/171]  eta: 0:00:00    time: 0.5453  data: 0.2575  max mem: 0
 Total time: 0:01:25 (0.4995 s / it)
SDR= 1.8775896885893917
Epoch: [105]  [  0/114]  eta: 0:07:08  lr: 0.001000  loss: 5.4478 (5.4478)  time: 3.7610  data: 1.5083  max mem: 0
Epoch: [105]  [ 50/114]  eta: 0:04:10  lr: 0.001000  loss: 6.1115 (10.4270)  time: 3.8893  data: 1.6366  max mem: 0
Epoch: [105]  [100/114]  eta: 0:00:54  lr: 0.001000  loss: 6.9405 (9.7453)  time: 3.8859  data: 1.6333  max mem: 0
Epoch: [105]  [113/114]  eta: 0:00:03  lr: 0.001000  loss: 17.1485 (9.7894)  time: 3.8121  data: 1.5740  max mem: 0
Epoch: [105] Total time: 0:07:23 (3.8896 s / it)
  [  0/171]  eta: 0:01:17    time: 0.4528  data: 0.1649  max mem: 0
  [ 50/171]  eta: 0:00:57    time: 0.5146  data: 0.2268  max mem: 0
  [100/171]  eta: 0:00:34    time: 0.4719  data: 0.1839  max mem: 0
  [150/171]  eta: 0:00:10    time: 0.5305  data: 0.2426  max mem: 0
  [170/171]  eta: 0:00:00    time: 0.5297  data: 0.2418  max mem: 0
 Total time: 0:01:25 (0.5024 s / it)
SDR= 1.9561783262454624
Epoch: [106]  [  0/114]  eta: 0:07:18  lr: 0.001000  loss: 7.1381 (7.1381)  time: 3.8471  data: 1.5940  max mem: 0
Epoch: [106]  [ 50/114]  eta: 0:04:14  lr: 0.001000  loss: 13.5944 (11.3656)  time: 3.9658  data: 1.7125  max mem: 0
Epoch: [106]  [100/114]  eta: 0:00:55  lr: 0.001000  loss: 5.3930 (10.0047)  time: 4.0172  data: 1.7631  max mem: 0
Epoch: [106]  [113/114]  eta: 0:00:03  lr: 0.001000  loss: 6.1521 (9.9652)  time: 4.0959  data: 1.8568  max mem: 0
Epoch: [106] Total time: 0:07:35 (3.9946 s / it)
  [  0/171]  eta: 0:01:24    time: 0.4948  data: 0.2068  max mem: 0
  [ 50/171]  eta: 0:01:01    time: 0.5361  data: 0.2478  max mem: 0
  [100/171]  eta: 0:00:35    time: 0.4738  data: 0.1858  max mem: 0
  [150/171]  eta: 0:00:11    time: 0.5603  data: 0.2723  max mem: 0
  [170/171]  eta: 0:00:00    time: 0.5841  data: 0.2960  max mem: 0
 Total time: 0:01:30 (0.5310 s / it)
SDR= 1.9030458621799085
Epoch: [107]  [  0/114]  eta: 0:08:00  lr: 0.001000  loss: 6.0955 (6.0955)  time: 4.2159  data: 1.9620  max mem: 0
Epoch: [107]  [ 50/114]  eta: 0:04:27  lr: 0.001000  loss: 6.3718 (9.2263)  time: 4.2049  data: 1.9504  max mem: 0
Epoch: [107]  [100/114]  eta: 0:00:58  lr: 0.001000  loss: 18.6228 (10.0665)  time: 4.1426  data: 1.8888  max mem: 0
Epoch: [107]  [113/114]  eta: 0:00:04  lr: 0.001000  loss: 5.8576 (10.2189)  time: 4.1552  data: 1.9157  max mem: 0
Epoch: [107] Total time: 0:07:54 (4.1582 s / it)
  [  0/171]  eta: 0:01:25    time: 0.4981  data: 0.2092  max mem: 0
  [ 50/171]  eta: 0:01:01    time: 0.5402  data: 0.2523  max mem: 0
  [100/171]  eta: 0:00:35    time: 0.4927  data: 0.2045  max mem: 0
  [150/171]  eta: 0:00:11    time: 0.5879  data: 0.2996  max mem: 0
  [170/171]  eta: 0:00:00    time: 0.5602  data: 0.2722  max mem: 0
 Total time: 0:01:30 (0.5314 s / it)
SDR= 1.8911121031746883
Epoch: [108]  [  0/114]  eta: 0:07:39  lr: 0.001000  loss: 6.0257 (6.0257)  time: 4.0318  data: 1.7788  max mem: 0
Epoch: [108]  [ 50/114]  eta: 0:04:26  lr: 0.001000  loss: 5.3033 (9.7964)  time: 4.1874  data: 1.9339  max mem: 0
Epoch: [108]  [100/114]  eta: 0:00:58  lr: 0.001000  loss: 5.7795 (10.3967)  time: 4.2038  data: 1.9502  max mem: 0
Epoch: [108]  [113/114]  eta: 0:00:04  lr: 0.001000  loss: 6.5649 (10.1145)  time: 4.2555  data: 2.0146  max mem: 0
Epoch: [108] Total time: 0:07:57 (4.1843 s / it)
  [  0/171]  eta: 0:01:24    time: 0.4965  data: 0.2075  max mem: 0
  [ 50/171]  eta: 0:01:02    time: 0.5532  data: 0.2651  max mem: 0
  [100/171]  eta: 0:00:35    time: 0.4787  data: 0.1907  max mem: 0
  [150/171]  eta: 0:00:10    time: 0.5590  data: 0.2711  max mem: 0
  [170/171]  eta: 0:00:00    time: 0.5612  data: 0.2732  max mem: 0
 Total time: 0:01:30 (0.5268 s / it)
SDR= 1.906227680050673
Epoch: [109]  [  0/114]  eta: 0:07:44  lr: 0.001000  loss: 6.3912 (6.3912)  time: 4.0762  data: 1.8220  max mem: 0
Epoch: [109]  [ 50/114]  eta: 0:04:25  lr: 0.001000  loss: 22.8185 (10.7607)  time: 4.1367  data: 1.8833  max mem: 0
Epoch: [109]  [100/114]  eta: 0:00:58  lr: 0.001000  loss: 5.9896 (9.9040)  time: 4.1332  data: 1.8799  max mem: 0
Epoch: [109]  [113/114]  eta: 0:00:04  lr: 0.001000  loss: 5.6265 (9.8828)  time: 4.1717  data: 1.9324  max mem: 0
Epoch: [109] Total time: 0:07:54 (4.1589 s / it)
  [  0/171]  eta: 0:01:25    time: 0.5016  data: 0.2134  max mem: 0
  [ 50/171]  eta: 0:01:02    time: 0.5362  data: 0.2482  max mem: 0
  [100/171]  eta: 0:00:36    time: 0.4902  data: 0.2021  max mem: 0
  [150/171]  eta: 0:00:11    time: 0.5640  data: 0.2760  max mem: 0
  [170/171]  eta: 0:00:00    time: 0.5730  data: 0.2847  max mem: 0
 Total time: 0:01:30 (0.5311 s / it)
SDR= 1.8836316803438293
Epoch: [110]  [  0/114]  eta: 0:07:33  lr: 0.001000  loss: 5.9428 (5.9428)  time: 3.9761  data: 1.7228  max mem: 0
Epoch: [110]  [ 50/114]  eta: 0:04:28  lr: 0.001000  loss: 14.5384 (10.0847)  time: 4.2083  data: 1.9544  max mem: 0
Epoch: [110]  [100/114]  eta: 0:00:58  lr: 0.001000  loss: 5.8273 (9.9296)  time: 4.1652  data: 1.9110  max mem: 0
Epoch: [110]  [113/114]  eta: 0:00:04  lr: 0.001000  loss: 5.5733 (9.5785)  time: 4.1318  data: 1.8921  max mem: 0
Epoch: [110] Total time: 0:07:57 (4.1910 s / it)
  [  0/171]  eta: 0:01:19    time: 0.4675  data: 0.1790  max mem: 0
  [ 50/171]  eta: 0:01:00    time: 0.5578  data: 0.2697  max mem: 0
  [100/171]  eta: 0:00:35    time: 0.5045  data: 0.2160  max mem: 0
  [150/171]  eta: 0:00:11    time: 0.5700  data: 0.2819  max mem: 0
  [170/171]  eta: 0:00:00    time: 0.5668  data: 0.2786  max mem: 0
 Total time: 0:01:31 (0.5336 s / it)
SDR= 1.931366380152636
Epoch: [111]  [  0/114]  eta: 0:08:00  lr: 0.001000  loss: 6.2762 (6.2762)  time: 4.2113  data: 1.9569  max mem: 0
Epoch: [111]  [ 50/114]  eta: 0:04:29  lr: 0.001000  loss: 22.7347 (8.3212)  time: 4.2087  data: 1.9551  max mem: 0
Epoch: [111]  [100/114]  eta: 0:00:58  lr: 0.001000  loss: 4.9138 (8.8029)  time: 4.2908  data: 2.0373  max mem: 0
Epoch: [111]  [113/114]  eta: 0:00:04  lr: 0.001000  loss: 21.5672 (9.1797)  time: 4.1812  data: 1.9419  max mem: 0
Epoch: [111] Total time: 0:07:58 (4.1964 s / it)
  [  0/171]  eta: 0:01:25    time: 0.4985  data: 0.2104  max mem: 0
  [ 50/171]  eta: 0:01:03    time: 0.5776  data: 0.2892  max mem: 0
  [100/171]  eta: 0:00:36    time: 0.5088  data: 0.2207  max mem: 0
  [150/171]  eta: 0:00:11    time: 0.5840  data: 0.2957  max mem: 0
  [170/171]  eta: 0:00:00    time: 0.5728  data: 0.2846  max mem: 0
 Total time: 0:01:32 (0.5398 s / it)
SDR= 1.8780848160827723
Epoch: [112]  [  0/114]  eta: 0:08:02  lr: 0.001000  loss: 5.5288 (5.5288)  time: 4.2346  data: 1.9803  max mem: 0
Epoch: [112]  [ 50/114]  eta: 0:04:25  lr: 0.001000  loss: 20.9415 (9.3886)  time: 4.2012  data: 1.9476  max mem: 0
Epoch: [112]  [100/114]  eta: 0:00:58  lr: 0.001000  loss: 5.0807 (8.5908)  time: 4.2330  data: 1.9793  max mem: 0
Epoch: [112]  [113/114]  eta: 0:00:04  lr: 0.001000  loss: 27.9547 (9.1789)  time: 4.2035  data: 1.9642  max mem: 0
Epoch: [112] Total time: 0:07:55 (4.1688 s / it)
  [  0/171]  eta: 0:01:25    time: 0.4995  data: 0.2106  max mem: 0
  [ 50/171]  eta: 0:01:02    time: 0.5747  data: 0.2865  max mem: 0
  [100/171]  eta: 0:00:36    time: 0.4914  data: 0.2032  max mem: 0
  [150/171]  eta: 0:00:11    time: 0.5865  data: 0.2982  max mem: 0
  [170/171]  eta: 0:00:00    time: 0.5784  data: 0.2903  max mem: 0
 Total time: 0:01:33 (0.5459 s / it)
SDR= 1.8857380434166777
Epoch: [113]  [  0/114]  eta: 0:07:30  lr: 0.001000  loss: 5.8434 (5.8434)  time: 3.9559  data: 1.7030  max mem: 0
Epoch: [113]  [ 50/114]  eta: 0:04:26  lr: 0.001000  loss: 8.9189 (7.9647)  time: 4.2011  data: 1.9470  max mem: 0
Epoch: [113]  [100/114]  eta: 0:00:57  lr: 0.001000  loss: 5.2050 (9.2177)  time: 4.1144  data: 1.8605  max mem: 0
Epoch: [113]  [113/114]  eta: 0:00:04  lr: 0.001000  loss: 4.9730 (9.2482)  time: 4.1358  data: 1.8964  max mem: 0
Epoch: [113] Total time: 0:07:52 (4.1421 s / it)
  [  0/171]  eta: 0:01:18    time: 0.4617  data: 0.1734  max mem: 0
  [ 50/171]  eta: 0:01:02    time: 0.5427  data: 0.2546  max mem: 0
  [100/171]  eta: 0:00:36    time: 0.4672  data: 0.1791  max mem: 0
  [150/171]  eta: 0:00:11    time: 0.5788  data: 0.2906  max mem: 0
  [170/171]  eta: 0:00:00    time: 0.5440  data: 0.2560  max mem: 0
 Total time: 0:01:30 (0.5299 s / it)
SDR= 1.9132394559157722
Epoch: [114]  [  0/114]  eta: 0:07:42  lr: 0.001000  loss: 4.5123 (4.5123)  time: 4.0577  data: 1.8043  max mem: 0
Epoch: [114]  [ 50/114]  eta: 0:04:26  lr: 0.001000  loss: 5.1429 (9.1831)  time: 4.2149  data: 1.9608  max mem: 0
Epoch: [114]  [100/114]  eta: 0:00:58  lr: 0.001000  loss: 44.4798 (9.4085)  time: 4.2205  data: 1.9656  max mem: 0
Epoch: [114]  [113/114]  eta: 0:00:04  lr: 0.001000  loss: 18.5815 (9.5063)  time: 4.1851  data: 1.9451  max mem: 0
Epoch: [114] Total time: 0:07:56 (4.1825 s / it)
  [  0/171]  eta: 0:01:27    time: 0.5113  data: 0.2226  max mem: 0
  [ 50/171]  eta: 0:01:03    time: 0.5648  data: 0.2765  max mem: 0
  [100/171]  eta: 0:00:37    time: 0.4919  data: 0.2037  max mem: 0
  [150/171]  eta: 0:00:11    time: 0.5752  data: 0.2871  max mem: 0
  [170/171]  eta: 0:00:00    time: 0.5539  data: 0.2659  max mem: 0
 Total time: 0:01:32 (0.5407 s / it)
SDR= 1.8844138003618736
Epoch: [115]  [  0/114]  eta: 0:07:50  lr: 0.001000  loss: 13.3952 (13.3952)  time: 4.1296  data: 1.8767  max mem: 0
Epoch: [115]  [ 50/114]  eta: 0:04:31  lr: 0.001000  loss: 5.4386 (9.4205)  time: 4.2848  data: 2.0314  max mem: 0
Epoch: [115]  [100/114]  eta: 0:00:58  lr: 0.001000  loss: 11.5457 (9.4818)  time: 4.1717  data: 1.9183  max mem: 0
Epoch: [115]  [113/114]  eta: 0:00:04  lr: 0.001000  loss: 5.9721 (9.4813)  time: 4.1239  data: 1.8846  max mem: 0
Epoch: [115] Total time: 0:07:58 (4.1998 s / it)
  [  0/171]  eta: 0:01:22    time: 0.4817  data: 0.1935  max mem: 0
  [ 50/171]  eta: 0:01:01    time: 0.5545  data: 0.2662  max mem: 0
  [100/171]  eta: 0:00:36    time: 0.4930  data: 0.2048  max mem: 0
  [150/171]  eta: 0:00:11    time: 0.5528  data: 0.2647  max mem: 0
  [170/171]  eta: 0:00:00    time: 0.5583  data: 0.2702  max mem: 0
 Total time: 0:01:30 (0.5321 s / it)
SDR= 1.8780102966292502
Epoch: [116]  [  0/114]  eta: 0:08:09  lr: 0.001000  loss: 15.2100 (15.2100)  time: 4.2930  data: 2.0395  max mem: 0
Epoch: [116]  [ 50/114]  eta: 0:04:28  lr: 0.001000  loss: 5.2386 (9.5998)  time: 4.1371  data: 1.8837  max mem: 0
Epoch: [116]  [100/114]  eta: 0:00:58  lr: 0.001000  loss: 4.6325 (9.6268)  time: 4.1791  data: 1.9253  max mem: 0
Epoch: [116]  [113/114]  eta: 0:00:04  lr: 0.001000  loss: 9.9012 (9.6444)  time: 4.1519  data: 1.9125  max mem: 0
Epoch: [116] Total time: 0:07:56 (4.1810 s / it)
  [  0/171]  eta: 0:01:22    time: 0.4837  data: 0.1951  max mem: 0
  [ 50/171]  eta: 0:01:02    time: 0.5534  data: 0.2654  max mem: 0
  [100/171]  eta: 0:00:36    time: 0.4926  data: 0.2042  max mem: 0
  [150/171]  eta: 0:00:11    time: 0.5910  data: 0.3027  max mem: 0
  [170/171]  eta: 0:00:00    time: 0.5790  data: 0.2909  max mem: 0
 Total time: 0:01:31 (0.5378 s / it)
SDR= 1.9187420495369272
Epoch: [117]  [  0/114]  eta: 0:07:22  lr: 0.001000  loss: 5.4925 (5.4925)  time: 3.8845  data: 1.6312  max mem: 0
Epoch: [117]  [ 50/114]  eta: 0:04:28  lr: 0.001000  loss: 5.4062 (8.0831)  time: 4.1819  data: 1.9277  max mem: 0
Epoch: [117]  [100/114]  eta: 0:00:58  lr: 0.001000  loss: 4.6909 (9.0346)  time: 4.1632  data: 1.9096  max mem: 0
Epoch: [117]  [113/114]  eta: 0:00:04  lr: 0.001000  loss: 11.3067 (9.4636)  time: 4.1381  data: 1.8987  max mem: 0
Epoch: [117] Total time: 0:07:55 (4.1739 s / it)
  [  0/171]  eta: 0:01:20    time: 0.4726  data: 0.1846  max mem: 0
  [ 50/171]  eta: 0:01:02    time: 0.5556  data: 0.2675  max mem: 0
  [100/171]  eta: 0:00:36    time: 0.4934  data: 0.2050  max mem: 0
  [150/171]  eta: 0:00:11    time: 0.5472  data: 0.2591  max mem: 0
  [170/171]  eta: 0:00:00    time: 0.5752  data: 0.2868  max mem: 0
 Total time: 0:01:32 (0.5406 s / it)
SDR= 1.8953850205255334
Epoch: [118]  [  0/114]  eta: 0:08:29  lr: 0.001000  loss: 6.1256 (6.1256)  time: 4.4669  data: 2.2134  max mem: 0
Epoch: [118]  [ 50/114]  eta: 0:04:27  lr: 0.001000  loss: 5.4341 (10.4609)  time: 4.1693  data: 1.9154  max mem: 0
Epoch: [118]  [100/114]  eta: 0:00:58  lr: 0.001000  loss: 16.4236 (9.3806)  time: 4.1591  data: 1.9054  max mem: 0
Epoch: [118]  [113/114]  eta: 0:00:04  lr: 0.001000  loss: 22.9553 (9.6568)  time: 4.1916  data: 1.9518  max mem: 0
Epoch: [118] Total time: 0:07:55 (4.1743 s / it)
  [  0/171]  eta: 0:01:26    time: 0.5057  data: 0.2174  max mem: 0
  [ 50/171]  eta: 0:01:02    time: 0.5581  data: 0.2700  max mem: 0
  [100/171]  eta: 0:00:35    time: 0.4729  data: 0.1851  max mem: 0
  [150/171]  eta: 0:00:11    time: 0.5718  data: 0.2834  max mem: 0
  [170/171]  eta: 0:00:00    time: 0.5652  data: 0.2770  max mem: 0
 Total time: 0:01:30 (0.5318 s / it)
SDR= 1.8919024464558014
Epoch: [119]  [  0/114]  eta: 0:08:10  lr: 0.001000  loss: 6.4041 (6.4041)  time: 4.3031  data: 2.0500  max mem: 0
Epoch: [119]  [ 50/114]  eta: 0:04:27  lr: 0.001000  loss: 22.7733 (7.8582)  time: 4.1892  data: 1.9357  max mem: 0
Epoch: [119]  [100/114]  eta: 0:00:58  lr: 0.001000  loss: 5.6945 (9.4239)  time: 4.1563  data: 1.9028  max mem: 0
Epoch: [119]  [113/114]  eta: 0:00:04  lr: 0.001000  loss: 5.7845 (9.4013)  time: 4.1467  data: 1.9078  max mem: 0
Epoch: [119] Total time: 0:07:54 (4.1626 s / it)
  [  0/171]  eta: 0:01:19    time: 0.4652  data: 0.1768  max mem: 0
  [ 50/171]  eta: 0:01:01    time: 0.5514  data: 0.2633  max mem: 0
  [100/171]  eta: 0:00:35    time: 0.4820  data: 0.1938  max mem: 0
  [150/171]  eta: 0:00:10    time: 0.5841  data: 0.2960  max mem: 0
  [170/171]  eta: 0:00:00    time: 0.5644  data: 0.2763  max mem: 0
 Total time: 0:01:30 (0.5273 s / it)
SDR= 1.8915526615173515
Epoch: [120]  [  0/114]  eta: 0:07:47  lr: 0.001000  loss: 4.7820 (4.7820)  time: 4.0975  data: 1.8438  max mem: 0
Epoch: [120]  [ 50/114]  eta: 0:04:27  lr: 0.001000  loss: 6.1382 (9.0466)  time: 4.1872  data: 1.9338  max mem: 0
Epoch: [120]  [100/114]  eta: 0:00:58  lr: 0.001000  loss: 5.7631 (9.4183)  time: 4.1921  data: 1.9383  max mem: 0
Epoch: [120]  [113/114]  eta: 0:00:04  lr: 0.001000  loss: 17.7179 (9.2732)  time: 4.2035  data: 1.9637  max mem: 0
Epoch: [120] Total time: 0:07:58 (4.1979 s / it)
  [  0/171]  eta: 0:01:23    time: 0.4879  data: 0.1996  max mem: 0
  [ 50/171]  eta: 0:01:00    time: 0.5507  data: 0.2626  max mem: 0
  [100/171]  eta: 0:00:35    time: 0.4742  data: 0.1863  max mem: 0
  [150/171]  eta: 0:00:11    time: 0.5896  data: 0.3011  max mem: 0
  [170/171]  eta: 0:00:00    time: 0.5577  data: 0.2696  max mem: 0
 Total time: 0:01:30 (0.5309 s / it)
SDR= 1.869421795754308
Epoch: [121]  [  0/114]  eta: 0:08:02  lr: 0.001000  loss: 9.7936 (9.7936)  time: 4.2352  data: 1.9823  max mem: 0
Epoch: [121]  [ 50/114]  eta: 0:04:30  lr: 0.001000  loss: 5.1652 (7.9994)  time: 4.2348  data: 1.9791  max mem: 0
Epoch: [121]  [100/114]  eta: 0:00:59  lr: 0.001000  loss: 4.9686 (8.7492)  time: 4.2370  data: 1.9815  max mem: 0
Epoch: [121]  [113/114]  eta: 0:00:04  lr: 0.001000  loss: 4.3124 (8.8056)  time: 4.1234  data: 1.8837  max mem: 0
Epoch: [121] Total time: 0:08:01 (4.2219 s / it)
  [  0/171]  eta: 0:01:23    time: 0.4869  data: 0.1981  max mem: 0
  [ 50/171]  eta: 0:01:03    time: 0.5615  data: 0.2730  max mem: 0
  [100/171]  eta: 0:00:36    time: 0.4802  data: 0.1918  max mem: 0
  [150/171]  eta: 0:00:11    time: 0.5829  data: 0.2946  max mem: 0
  [170/171]  eta: 0:00:00    time: 0.5624  data: 0.2743  max mem: 0
 Total time: 0:01:32 (0.5402 s / it)
SDR= 1.8989836759566407
Epoch: [122]  [  0/114]  eta: 0:08:03  lr: 0.001000  loss: 19.7791 (19.7791)  time: 4.2371  data: 1.9838  max mem: 0
Epoch: [122]  [ 50/114]  eta: 0:04:27  lr: 0.001000  loss: 4.8066 (8.9109)  time: 4.1673  data: 1.9138  max mem: 0
Epoch: [122]  [100/114]  eta: 0:00:58  lr: 0.001000  loss: 16.6781 (8.7267)  time: 4.1433  data: 1.8899  max mem: 0
Epoch: [122]  [113/114]  eta: 0:00:04  lr: 0.001000  loss: 4.6232 (8.5706)  time: 4.1667  data: 1.9271  max mem: 0
Epoch: [122] Total time: 0:07:56 (4.1825 s / it)
  [  0/171]  eta: 0:01:25    time: 0.4995  data: 0.2109  max mem: 0
  [ 50/171]  eta: 0:01:03    time: 0.5684  data: 0.2802  max mem: 0
  [100/171]  eta: 0:00:36    time: 0.4942  data: 0.2059  max mem: 0
  [150/171]  eta: 0:00:11    time: 0.5835  data: 0.2953  max mem: 0
  [170/171]  eta: 0:00:00    time: 0.5759  data: 0.2875  max mem: 0
 Total time: 0:01:33 (0.5449 s / it)
SDR= 1.9131219125825276
Epoch: [123]  [  0/114]  eta: 0:08:26  lr: 0.001000  loss: 4.0855 (4.0855)  time: 4.4436  data: 2.1904  max mem: 0
Epoch: [123]  [ 50/114]  eta: 0:04:29  lr: 0.001000  loss: 4.5440 (9.1324)  time: 4.1466  data: 1.8923  max mem: 0
Epoch: [123]  [100/114]  eta: 0:00:58  lr: 0.001000  loss: 5.3864 (8.9696)  time: 4.1878  data: 1.9338  max mem: 0
Epoch: [123]  [113/114]  eta: 0:00:04  lr: 0.001000  loss: 4.4179 (8.7767)  time: 4.1099  data: 1.8701  max mem: 0
Epoch: [123] Total time: 0:07:56 (4.1804 s / it)
  [  0/171]  eta: 0:01:24    time: 0.4958  data: 0.2075  max mem: 0
  [ 50/171]  eta: 0:01:03    time: 0.5665  data: 0.2779  max mem: 0
  [100/171]  eta: 0:00:37    time: 0.4997  data: 0.2115  max mem: 0
  [150/171]  eta: 0:00:11    time: 0.5545  data: 0.2664  max mem: 0
  [170/171]  eta: 0:00:00    time: 0.5740  data: 0.2860  max mem: 0
 Total time: 0:01:33 (0.5465 s / it)
SDR= 1.9156271501396285
Epoch: [124]  [  0/114]  eta: 0:07:30  lr: 0.001000  loss: 16.9420 (16.9420)  time: 3.9521  data: 1.6988  max mem: 0
Epoch: [124]  [ 50/114]  eta: 0:04:28  lr: 0.001000  loss: 5.9812 (9.7981)  time: 4.1793  data: 1.9245  max mem: 0
Epoch: [124]  [100/114]  eta: 0:00:59  lr: 0.001000  loss: 15.0555 (9.1552)  time: 4.2146  data: 1.9599  max mem: 0
Epoch: [124]  [113/114]  eta: 0:00:04  lr: 0.001000  loss: 5.2151 (9.2629)  time: 4.1008  data: 1.8605  max mem: 0
Epoch: [124] Total time: 0:07:59 (4.2103 s / it)
  [  0/171]  eta: 0:01:23    time: 0.4882  data: 0.1998  max mem: 0
  [ 50/171]  eta: 0:01:02    time: 0.5554  data: 0.2672  max mem: 0
  [100/171]  eta: 0:00:36    time: 0.4856  data: 0.1974  max mem: 0
  [150/171]  eta: 0:00:11    time: 0.5849  data: 0.2968  max mem: 0
  [170/171]  eta: 0:00:00    time: 0.5775  data: 0.2893  max mem: 0
 Total time: 0:01:32 (0.5387 s / it)
SDR= 1.883489483482489
Epoch: [125]  [  0/114]  eta: 0:07:08  lr: 0.001000  loss: 5.5437 (5.5437)  time: 3.7625  data: 1.5087  max mem: 0
Epoch: [125]  [ 50/114]  eta: 0:04:28  lr: 0.001000  loss: 9.0865 (9.5499)  time: 4.1998  data: 1.9450  max mem: 0
Epoch: [125]  [100/114]  eta: 0:00:58  lr: 0.001000  loss: 96.4248 (23.1832)  time: 4.1330  data: 1.8786  max mem: 0
Epoch: [125]  [113/114]  eta: 0:00:04  lr: 0.001000  loss: 143.1112 (34.7689)  time: 4.1703  data: 1.9304  max mem: 0
Epoch: [125] Total time: 0:07:57 (4.1897 s / it)
  [  0/171]  eta: 0:01:27    time: 0.5111  data: 0.2226  max mem: 0
  [ 50/171]  eta: 0:01:03    time: 0.5606  data: 0.2723  max mem: 0
  [100/171]  eta: 0:00:36    time: 0.4824  data: 0.1940  max mem: 0
  [150/171]  eta: 0:00:11    time: 0.5881  data: 0.2997  max mem: 0
  [170/171]  eta: 0:00:00    time: 0.5434  data: 0.2552  max mem: 0
 Total time: 0:01:31 (0.5379 s / it)
SDR= 2.1638393370481395
Epoch: [126]  [  0/114]  eta: 0:07:37  lr: 0.001000  loss: 120.1799 (120.1799)  time: 4.0110  data: 1.7570  max mem: 0
Epoch: [126]  [ 50/114]  eta: 0:04:31  lr: 0.001000  loss: 104.9613 (123.4197)  time: 4.2580  data: 2.0041  max mem: 0
Epoch: [126]  [100/114]  eta: 0:00:58  lr: 0.001000  loss: 102.2488 (119.1008)  time: 4.2139  data: 1.9602  max mem: 0
Epoch: [126]  [113/114]  eta: 0:00:04  lr: 0.001000  loss: 97.3790 (116.4950)  time: 4.1795  data: 1.9398  max mem: 0
Epoch: [126] Total time: 0:07:58 (4.2004 s / it)
  [  0/171]  eta: 0:01:19    time: 0.4646  data: 0.1760  max mem: 0
  [ 50/171]  eta: 0:01:00    time: 0.5468  data: 0.2585  max mem: 0
  [100/171]  eta: 0:00:35    time: 0.4767  data: 0.1885  max mem: 0
  [150/171]  eta: 0:00:10    time: 0.5612  data: 0.2730  max mem: 0
  [170/171]  eta: 0:00:00    time: 0.5816  data: 0.2930  max mem: 0
 Total time: 0:01:30 (0.5292 s / it)
SDR= 2.665851438013476
Epoch: [127]  [  0/114]  eta: 0:08:27  lr: 0.001000  loss: 68.5429 (68.5429)  time: 4.4538  data: 2.2002  max mem: 0
Epoch: [127]  [ 50/114]  eta: 0:04:28  lr: 0.001000  loss: 36.0997 (59.4946)  time: 4.1745  data: 1.9206  max mem: 0
Epoch: [127]  [100/114]  eta: 0:00:58  lr: 0.001000  loss: 32.7742 (51.5311)  time: 4.2289  data: 1.9747  max mem: 0
Epoch: [127]  [113/114]  eta: 0:00:04  lr: 0.001000  loss: 38.3091 (50.3194)  time: 4.1334  data: 1.8937  max mem: 0
Epoch: [127] Total time: 0:07:57 (4.1882 s / it)
  [  0/171]  eta: 0:01:31    time: 0.5331  data: 0.2443  max mem: 0
  [ 50/171]  eta: 0:01:02    time: 0.5582  data: 0.2698  max mem: 0
  [100/171]  eta: 0:00:36    time: 0.4717  data: 0.1834  max mem: 0
  [150/171]  eta: 0:00:11    time: 0.6036  data: 0.3151  max mem: 0
  [170/171]  eta: 0:00:00    time: 0.5818  data: 0.2935  max mem: 0
 Total time: 0:01:32 (0.5388 s / it)
SDR= 1.9210786542339833
Epoch: [128]  [  0/114]  eta: 0:08:03  lr: 0.001000  loss: 27.6846 (27.6846)  time: 4.2430  data: 1.9885  max mem: 0
Epoch: [128]  [ 50/114]  eta: 0:04:29  lr: 0.001000  loss: 17.9230 (22.5165)  time: 4.1846  data: 1.9302  max mem: 0
Epoch: [128]  [100/114]  eta: 0:00:58  lr: 0.001000  loss: 13.3932 (22.2150)  time: 4.1807  data: 1.9260  max mem: 0
Epoch: [128]  [113/114]  eta: 0:00:04  lr: 0.001000  loss: 15.7560 (22.5133)  time: 4.1653  data: 1.9257  max mem: 0
Epoch: [128] Total time: 0:07:58 (4.1938 s / it)
  [  0/171]  eta: 0:01:19    time: 0.4655  data: 0.1765  max mem: 0
  [ 50/171]  eta: 0:01:03    time: 0.5621  data: 0.2738  max mem: 0
  [100/171]  eta: 0:00:36    time: 0.4667  data: 0.1785  max mem: 0
  [150/171]  eta: 0:00:11    time: 0.5706  data: 0.2824  max mem: 0
  [170/171]  eta: 0:00:00    time: 0.5489  data: 0.2608  max mem: 0
 Total time: 0:01:31 (0.5368 s / it)
SDR= 1.903980176311134
Epoch: [129]  [  0/114]  eta: 0:08:04  lr: 0.001000  loss: 12.1940 (12.1940)  time: 4.2491  data: 1.9953  max mem: 0
Epoch: [129]  [ 50/114]  eta: 0:04:25  lr: 0.001000  loss: 9.5163 (13.6268)  time: 4.1699  data: 1.9160  max mem: 0
Epoch: [129]  [100/114]  eta: 0:00:58  lr: 0.001000  loss: 9.0642 (13.9811)  time: 4.2348  data: 1.9804  max mem: 0
Epoch: [129]  [113/114]  eta: 0:00:04  lr: 0.001000  loss: 8.9616 (13.7382)  time: 4.1202  data: 1.8803  max mem: 0
Epoch: [129] Total time: 0:07:54 (4.1654 s / it)
  [  0/171]  eta: 0:01:23    time: 0.4890  data: 0.2002  max mem: 0
  [ 50/171]  eta: 0:01:02    time: 0.5655  data: 0.2771  max mem: 0
  [100/171]  eta: 0:00:36    time: 0.4954  data: 0.2071  max mem: 0
  [150/171]  eta: 0:00:11    time: 0.5609  data: 0.2725  max mem: 0
  [170/171]  eta: 0:00:00    time: 0.5609  data: 0.2726  max mem: 0
 Total time: 0:01:31 (0.5343 s / it)
SDR= 1.8818695522464362
Epoch: [130]  [  0/114]  eta: 0:07:52  lr: 0.001000  loss: 25.6870 (25.6870)  time: 4.1454  data: 1.8919  max mem: 0
Epoch: [130]  [ 50/114]  eta: 0:04:28  lr: 0.001000  loss: 14.1152 (11.4443)  time: 4.1431  data: 1.8891  max mem: 0
Epoch: [130]  [100/114]  eta: 0:00:58  lr: 0.001000  loss: 6.2747 (9.9455)  time: 4.2297  data: 1.9755  max mem: 0
Epoch: [130]  [113/114]  eta: 0:00:04  lr: 0.001000  loss: 6.4142 (10.1334)  time: 4.1382  data: 1.8983  max mem: 0
Epoch: [130] Total time: 0:07:56 (4.1825 s / it)
  [  0/171]  eta: 0:01:19    time: 0.4677  data: 0.1791  max mem: 0
  [ 50/171]  eta: 0:01:01    time: 0.5420  data: 0.2538  max mem: 0
  [100/171]  eta: 0:00:35    time: 0.4861  data: 0.1978  max mem: 0
  [150/171]  eta: 0:00:11    time: 0.5904  data: 0.3020  max mem: 0
  [170/171]  eta: 0:00:00    time: 0.5791  data: 0.2907  max mem: 0
 Total time: 0:01:32 (0.5382 s / it)
SDR= 1.8789992562159261
Epoch: [131]  [  0/114]  eta: 0:08:23  lr: 0.001000  loss: 12.6648 (12.6648)  time: 4.4198  data: 2.1648  max mem: 0
Epoch: [131]  [ 50/114]  eta: 0:04:27  lr: 0.001000  loss: 4.4192 (7.6532)  time: 4.1015  data: 1.8476  max mem: 0
Epoch: [131]  [100/114]  eta: 0:00:58  lr: 0.001000  loss: 14.2527 (8.6748)  time: 4.2185  data: 1.9640  max mem: 0
Epoch: [131]  [113/114]  eta: 0:00:04  lr: 0.001000  loss: 16.7779 (8.7470)  time: 4.2058  data: 1.9661  max mem: 0
Epoch: [131] Total time: 0:07:56 (4.1813 s / it)
  [  0/171]  eta: 0:01:21    time: 0.4755  data: 0.1870  max mem: 0
  [ 50/171]  eta: 0:01:02    time: 0.5582  data: 0.2699  max mem: 0
  [100/171]  eta: 0:00:36    time: 0.4772  data: 0.1889  max mem: 0
  [150/171]  eta: 0:00:11    time: 0.5830  data: 0.2945  max mem: 0
  [170/171]  eta: 0:00:00    time: 0.5673  data: 0.2790  max mem: 0
 Total time: 0:01:31 (0.5359 s / it)
SDR= 1.896620500917315
Epoch: [132]  [  0/114]  eta: 0:07:43  lr: 0.001000  loss: 4.1061 (4.1061)  time: 4.0671  data: 1.8136  max mem: 0
Epoch: [132]  [ 50/114]  eta: 0:04:26  lr: 0.001000  loss: 3.7351 (6.6584)  time: 4.1557  data: 1.9016  max mem: 0
Epoch: [132]  [100/114]  eta: 0:00:58  lr: 0.001000  loss: 3.6635 (7.2123)  time: 4.2907  data: 2.0363  max mem: 0
Epoch: [132]  [113/114]  eta: 0:00:04  lr: 0.001000  loss: 4.1508 (7.6182)  time: 4.1730  data: 1.9332  max mem: 0
Epoch: [132] Total time: 0:07:56 (4.1800 s / it)
  [  0/171]  eta: 0:01:18    time: 0.4586  data: 0.1685  max mem: 0
  [ 50/171]  eta: 0:01:01    time: 0.5605  data: 0.2721  max mem: 0
  [100/171]  eta: 0:00:36    time: 0.4862  data: 0.1980  max mem: 0
  [150/171]  eta: 0:00:11    time: 0.5808  data: 0.2925  max mem: 0
  [170/171]  eta: 0:00:00    time: 0.5915  data: 0.3032  max mem: 0
 Total time: 0:01:31 (0.5345 s / it)
SDR= 1.889852968027126
Epoch: [133]  [  0/114]  eta: 0:08:21  lr: 0.001000  loss: 3.8150 (3.8150)  time: 4.4022  data: 2.1483  max mem: 0
Epoch: [133]  [ 50/114]  eta: 0:04:30  lr: 0.001000  loss: 3.1076 (7.0716)  time: 4.2541  data: 1.9992  max mem: 0
Epoch: [133]  [100/114]  eta: 0:00:58  lr: 0.001000  loss: 17.4406 (7.4930)  time: 4.1596  data: 1.9058  max mem: 0
Epoch: [133]  [113/114]  eta: 0:00:04  lr: 0.001000  loss: 10.9035 (7.4432)  time: 4.1695  data: 1.9299  max mem: 0
Epoch: [133] Total time: 0:07:57 (4.1930 s / it)
  [  0/171]  eta: 0:01:24    time: 0.4926  data: 0.2035  max mem: 0
  [ 50/171]  eta: 0:01:03    time: 0.5736  data: 0.2850  max mem: 0
  [100/171]  eta: 0:00:37    time: 0.4853  data: 0.1969  max mem: 0
  [150/171]  eta: 0:00:11    time: 0.5970  data: 0.3081  max mem: 0
  [170/171]  eta: 0:00:00    time: 0.5987  data: 0.3101  max mem: 0
 Total time: 0:01:34 (0.5510 s / it)
SDR= 1.8784630109189862
Epoch: [134]  [  0/114]  eta: 0:07:28  lr: 0.001000  loss: 2.9564 (2.9564)  time: 3.9354  data: 1.6810  max mem: 0
Epoch: [134]  [ 50/114]  eta: 0:04:30  lr: 0.001000  loss: 3.2802 (7.2126)  time: 4.2441  data: 1.9901  max mem: 0
Epoch: [134]  [100/114]  eta: 0:00:58  lr: 0.001000  loss: 6.9012 (6.4731)  time: 4.1425  data: 1.8880  max mem: 0
Epoch: [134]  [113/114]  eta: 0:00:04  lr: 0.001000  loss: 3.0813 (6.9335)  time: 4.0758  data: 1.8353  max mem: 0
Epoch: [134] Total time: 0:07:56 (4.1772 s / it)
  [  0/171]  eta: 0:01:18    time: 0.4607  data: 0.1722  max mem: 0
  [ 50/171]  eta: 0:01:00    time: 0.5544  data: 0.2662  max mem: 0
  [100/171]  eta: 0:00:34    time: 0.4669  data: 0.1788  max mem: 0
  [150/171]  eta: 0:00:10    time: 0.5403  data: 0.2522  max mem: 0
  [170/171]  eta: 0:00:00    time: 0.5377  data: 0.2497  max mem: 0
 Total time: 0:01:27 (0.5124 s / it)
SDR= 1.8815128061924271
Epoch: [135]  [  0/114]  eta: 0:07:50  lr: 0.001000  loss: 2.9732 (2.9732)  time: 4.1296  data: 1.8765  max mem: 0
Epoch: [135]  [ 50/114]  eta: 0:04:19  lr: 0.001000  loss: 2.8956 (6.2774)  time: 4.0367  data: 1.7828  max mem: 0
Epoch: [135]  [100/114]  eta: 0:00:57  lr: 0.001000  loss: 3.3434 (6.3542)  time: 4.0539  data: 1.8003  max mem: 0
Epoch: [135]  [113/114]  eta: 0:00:04  lr: 0.001000  loss: 2.9372 (6.6891)  time: 4.0675  data: 1.8281  max mem: 0
Epoch: [135] Total time: 0:07:45 (4.0834 s / it)
  [  0/171]  eta: 0:01:21    time: 0.4758  data: 0.1874  max mem: 0
  [ 50/171]  eta: 0:00:59    time: 0.5253  data: 0.2372  max mem: 0
  [100/171]  eta: 0:00:35    time: 0.4862  data: 0.1977  max mem: 0
  [150/171]  eta: 0:00:10    time: 0.5579  data: 0.2696  max mem: 0
  [170/171]  eta: 0:00:00    time: 0.5590  data: 0.2708  max mem: 0
 Total time: 0:01:29 (0.5220 s / it)
SDR= 1.8787501307251324
Epoch: [136]  [  0/114]  eta: 0:07:16  lr: 0.001000  loss: 3.3229 (3.3229)  time: 3.8262  data: 1.5720  max mem: 0
Epoch: [136]  [ 50/114]  eta: 0:04:21  lr: 0.001000  loss: 2.4242 (5.4257)  time: 4.1300  data: 1.8762  max mem: 0
Epoch: [136]  [100/114]  eta: 0:00:57  lr: 0.001000  loss: 22.9314 (6.1276)  time: 4.1371  data: 1.8826  max mem: 0
Epoch: [136]  [113/114]  eta: 0:00:04  lr: 0.001000  loss: 46.0970 (6.6158)  time: 4.0792  data: 1.8388  max mem: 0
Epoch: [136] Total time: 0:07:46 (4.0948 s / it)
  [  0/171]  eta: 0:01:22    time: 0.4822  data: 0.1939  max mem: 0
  [ 50/171]  eta: 0:01:01    time: 0.5707  data: 0.2824  max mem: 0
  [100/171]  eta: 0:00:35    time: 0.4662  data: 0.1779  max mem: 0
  [150/171]  eta: 0:00:10    time: 0.5532  data: 0.2649  max mem: 0
  [170/171]  eta: 0:00:00    time: 0.5633  data: 0.2752  max mem: 0
 Total time: 0:01:28 (0.5195 s / it)
SDR= 1.878081343795335
Epoch: [137]  [  0/114]  eta: 0:07:24  lr: 0.001000  loss: 9.2195 (9.2195)  time: 3.9028  data: 1.6496  max mem: 0
Epoch: [137]  [ 50/114]  eta: 0:04:21  lr: 0.001000  loss: 10.5641 (6.4369)  time: 4.1505  data: 1.8958  max mem: 0
Epoch: [137]  [100/114]  eta: 0:00:57  lr: 0.001000  loss: 2.8442 (6.5695)  time: 4.0704  data: 1.8169  max mem: 0
Epoch: [137]  [113/114]  eta: 0:00:04  lr: 0.001000  loss: 3.0669 (6.4714)  time: 3.9712  data: 1.7315  max mem: 0
Epoch: [137] Total time: 0:07:44 (4.0740 s / it)
  [  0/171]  eta: 0:01:19    time: 0.4673  data: 0.1790  max mem: 0
  [ 50/171]  eta: 0:00:59    time: 0.5256  data: 0.2375  max mem: 0
  [100/171]  eta: 0:00:34    time: 0.4613  data: 0.1730  max mem: 0
  [150/171]  eta: 0:00:10    time: 0.5499  data: 0.2618  max mem: 0
  [170/171]  eta: 0:00:00    time: 0.5344  data: 0.2463  max mem: 0
 Total time: 0:01:27 (0.5122 s / it)
SDR= 1.880017618920751
Epoch: [138]  [  0/114]  eta: 0:07:17  lr: 0.001000  loss: 2.8116 (2.8116)  time: 3.8369  data: 1.5841  max mem: 0
Epoch: [138]  [ 50/114]  eta: 0:04:21  lr: 0.001000  loss: 2.5316 (5.1291)  time: 4.1204  data: 1.8661  max mem: 0
Epoch: [138]  [100/114]  eta: 0:00:57  lr: 0.001000  loss: 2.7232 (6.0407)  time: 4.0569  data: 1.8031  max mem: 0
Epoch: [138]  [113/114]  eta: 0:00:04  lr: 0.001000  loss: 2.8177 (6.2695)  time: 4.0232  data: 1.7841  max mem: 0
Epoch: [138] Total time: 0:07:43 (4.0640 s / it)
  [  0/171]  eta: 0:01:17    time: 0.4545  data: 0.1660  max mem: 0
  [ 50/171]  eta: 0:00:58    time: 0.5221  data: 0.2341  max mem: 0
  [100/171]  eta: 0:00:34    time: 0.4636  data: 0.1755  max mem: 0
  [150/171]  eta: 0:00:10    time: 0.5679  data: 0.2798  max mem: 0
  [170/171]  eta: 0:00:00    time: 0.5349  data: 0.2467  max mem: 0
 Total time: 0:01:27 (0.5135 s / it)
SDR= 1.876696887025435
Epoch: [139]  [  0/114]  eta: 0:07:51  lr: 0.001000  loss: 11.0059 (11.0059)  time: 4.1359  data: 1.8821  max mem: 0
Epoch: [139]  [ 50/114]  eta: 0:04:21  lr: 0.001000  loss: 2.8377 (5.9067)  time: 4.0677  data: 1.8132  max mem: 0
Epoch: [139]  [100/114]  eta: 0:00:57  lr: 0.001000  loss: 2.7344 (5.7131)  time: 4.0191  data: 1.7655  max mem: 0
Epoch: [139]  [113/114]  eta: 0:00:04  lr: 0.001000  loss: 2.3850 (6.2517)  time: 4.0224  data: 1.7828  max mem: 0
Epoch: [139] Total time: 0:07:44 (4.0702 s / it)
  [  0/171]  eta: 0:01:19    time: 0.4648  data: 0.1764  max mem: 0
  [ 50/171]  eta: 0:00:59    time: 0.5409  data: 0.2527  max mem: 0
  [100/171]  eta: 0:00:35    time: 0.4870  data: 0.1982  max mem: 0
  [150/171]  eta: 0:00:10    time: 0.5413  data: 0.2530  max mem: 0
  [170/171]  eta: 0:00:00    time: 0.5356  data: 0.2474  max mem: 0
 Total time: 0:01:28 (0.5173 s / it)
SDR= 1.8846269683510828
Epoch: [140]  [  0/114]  eta: 0:07:42  lr: 0.001000  loss: 6.9759 (6.9759)  time: 4.0602  data: 1.8052  max mem: 0
Epoch: [140]  [ 50/114]  eta: 0:04:22  lr: 0.001000  loss: 2.5815 (6.8616)  time: 4.0773  data: 1.8237  max mem: 0
Epoch: [140]  [100/114]  eta: 0:00:57  lr: 0.001000  loss: 2.7495 (6.2196)  time: 3.9372  data: 1.6833  max mem: 0
Epoch: [140]  [113/114]  eta: 0:00:04  lr: 0.001000  loss: 3.0220 (6.3008)  time: 4.0894  data: 1.8494  max mem: 0
Epoch: [140] Total time: 0:07:44 (4.0785 s / it)
  [  0/171]  eta: 0:01:21    time: 0.4756  data: 0.1872  max mem: 0
  [ 50/171]  eta: 0:01:01    time: 0.5472  data: 0.2589  max mem: 0
  [100/171]  eta: 0:00:35    time: 0.4564  data: 0.1683  max mem: 0
  [150/171]  eta: 0:00:10    time: 0.5400  data: 0.2516  max mem: 0
  [170/171]  eta: 0:00:00    time: 0.5654  data: 0.2772  max mem: 0
 Total time: 0:01:29 (0.5258 s / it)
SDR= 1.892919797666926
Epoch: [141]  [  0/114]  eta: 0:08:12  lr: 0.001000  loss: 9.9453 (9.9453)  time: 4.3208  data: 2.0670  max mem: 0
Epoch: [141]  [ 50/114]  eta: 0:04:16  lr: 0.001000  loss: 2.4610 (4.7736)  time: 3.9972  data: 1.7424  max mem: 0
Epoch: [141]  [100/114]  eta: 0:00:56  lr: 0.001000  loss: 3.2924 (6.7395)  time: 4.0216  data: 1.7685  max mem: 0
Epoch: [141]  [113/114]  eta: 0:00:04  lr: 0.001000  loss: 15.9977 (6.6068)  time: 4.0158  data: 1.7770  max mem: 0
Epoch: [141] Total time: 0:07:38 (4.0222 s / it)
  [  0/171]  eta: 0:01:17    time: 0.4557  data: 0.1674  max mem: 0
  [ 50/171]  eta: 0:01:00    time: 0.5610  data: 0.2729  max mem: 0
  [100/171]  eta: 0:00:34    time: 0.4561  data: 0.1681  max mem: 0
  [150/171]  eta: 0:00:10    time: 0.5476  data: 0.2591  max mem: 0
  [170/171]  eta: 0:00:00    time: 0.5327  data: 0.2447  max mem: 0
 Total time: 0:01:27 (0.5122 s / it)
SDR= 1.8850365205651123
Epoch: [142]  [  0/114]  eta: 0:07:30  lr: 0.001000  loss: 3.0710 (3.0710)  time: 3.9500  data: 1.6961  max mem: 0
Epoch: [142]  [ 50/114]  eta: 0:04:15  lr: 0.001000  loss: 3.2763 (7.7175)  time: 3.9924  data: 1.7391  max mem: 0
Epoch: [142]  [100/114]  eta: 0:00:55  lr: 0.001000  loss: 3.1464 (7.1161)  time: 3.9603  data: 1.7071  max mem: 0
Epoch: [142]  [113/114]  eta: 0:00:03  lr: 0.001000  loss: 3.0127 (7.2402)  time: 3.9660  data: 1.7272  max mem: 0
Epoch: [142] Total time: 0:07:35 (3.9947 s / it)
  [  0/171]  eta: 0:01:18    time: 0.4586  data: 0.1703  max mem: 0
  [ 50/171]  eta: 0:00:58    time: 0.5194  data: 0.2314  max mem: 0
  [100/171]  eta: 0:00:34    time: 0.4709  data: 0.1829  max mem: 0
  [150/171]  eta: 0:00:10    time: 0.5377  data: 0.2495  max mem: 0
  [170/171]  eta: 0:00:00    time: 0.5338  data: 0.2458  max mem: 0
 Total time: 0:01:26 (0.5071 s / it)
SDR= 1.8864839657906833
Epoch: [143]  [  0/114]  eta: 0:07:13  lr: 0.001000  loss: 2.9912 (2.9912)  time: 3.7984  data: 1.5451  max mem: 0
Epoch: [143]  [ 50/114]  eta: 0:04:15  lr: 0.001000  loss: 18.7251 (7.2547)  time: 3.9745  data: 1.7207  max mem: 0
Epoch: [143]  [100/114]  eta: 0:00:55  lr: 0.001000  loss: 2.8187 (6.8302)  time: 4.0256  data: 1.7723  max mem: 0
Epoch: [143]  [113/114]  eta: 0:00:03  lr: 0.001000  loss: 2.8877 (6.7085)  time: 4.0087  data: 1.7697  max mem: 0
Epoch: [143] Total time: 0:07:35 (3.9930 s / it)
  [  0/171]  eta: 0:01:17    time: 0.4539  data: 0.1654  max mem: 0
  [ 50/171]  eta: 0:01:00    time: 0.5534  data: 0.2651  max mem: 0
  [100/171]  eta: 0:00:35    time: 0.4576  data: 0.1695  max mem: 0
  [150/171]  eta: 0:00:10    time: 0.5624  data: 0.2742  max mem: 0
  [170/171]  eta: 0:00:00    time: 0.5436  data: 0.2557  max mem: 0
 Total time: 0:01:28 (0.5167 s / it)
SDR= 1.8724730679704626
Epoch: [144]  [  0/114]  eta: 0:07:09  lr: 0.001000  loss: 3.1660 (3.1660)  time: 3.7685  data: 1.5155  max mem: 0
Epoch: [144]  [ 50/114]  eta: 0:04:17  lr: 0.001000  loss: 8.7140 (6.1762)  time: 4.0430  data: 1.7897  max mem: 0
Epoch: [144]  [100/114]  eta: 0:00:56  lr: 0.001000  loss: 3.0036 (6.8400)  time: 3.9752  data: 1.7209  max mem: 0
Epoch: [144]  [113/114]  eta: 0:00:04  lr: 0.001000  loss: 15.6965 (6.7277)  time: 4.0146  data: 1.7757  max mem: 0
Epoch: [144] Total time: 0:07:37 (4.0108 s / it)
  [  0/171]  eta: 0:01:29    time: 0.5218  data: 0.2330  max mem: 0
  [ 50/171]  eta: 0:01:02    time: 0.5561  data: 0.2679  max mem: 0
  [100/171]  eta: 0:00:35    time: 0.4597  data: 0.1716  max mem: 0
  [150/171]  eta: 0:00:10    time: 0.5413  data: 0.2533  max mem: 0
  [170/171]  eta: 0:00:00    time: 0.5626  data: 0.2746  max mem: 0
 Total time: 0:01:29 (0.5223 s / it)
SDR= 1.9024811547079479
Epoch: [145]  [  0/114]  eta: 0:07:41  lr: 0.001000  loss: 10.1130 (10.1130)  time: 4.0485  data: 1.7952  max mem: 0
Epoch: [145]  [ 50/114]  eta: 0:04:16  lr: 0.001000  loss: 2.6172 (5.9013)  time: 3.9735  data: 1.7201  max mem: 0
Epoch: [145]  [100/114]  eta: 0:00:55  lr: 0.001000  loss: 2.9345 (6.8044)  time: 3.9769  data: 1.7237  max mem: 0
Epoch: [145]  [113/114]  eta: 0:00:03  lr: 0.001000  loss: 2.8401 (6.6667)  time: 3.9457  data: 1.7067  max mem: 0
Epoch: [145] Total time: 0:07:34 (3.9843 s / it)
  [  0/171]  eta: 0:01:17    time: 0.4546  data: 0.1663  max mem: 0
  [ 50/171]  eta: 0:00:59    time: 0.5312  data: 0.2432  max mem: 0
  [100/171]  eta: 0:00:34    time: 0.4653  data: 0.1773  max mem: 0
  [150/171]  eta: 0:00:10    time: 0.5543  data: 0.2661  max mem: 0
  [170/171]  eta: 0:00:00    time: 0.5366  data: 0.2486  max mem: 0
 Total time: 0:01:27 (0.5137 s / it)
SDR= 1.903211604619147
Epoch: [146]  [  0/114]  eta: 0:07:37  lr: 0.001000  loss: 7.3089 (7.3089)  time: 4.0169  data: 1.7633  max mem: 0
Epoch: [146]  [ 50/114]  eta: 0:04:17  lr: 0.001000  loss: 3.0571 (6.8664)  time: 4.0251  data: 1.7711  max mem: 0
Epoch: [146]  [100/114]  eta: 0:00:56  lr: 0.001000  loss: 2.7675 (6.7155)  time: 4.0710  data: 1.8172  max mem: 0
Epoch: [146]  [113/114]  eta: 0:00:04  lr: 0.001000  loss: 3.0722 (6.5980)  time: 4.0447  data: 1.8056  max mem: 0
Epoch: [146] Total time: 0:07:38 (4.0176 s / it)
  [  0/171]  eta: 0:01:18    time: 0.4564  data: 0.1681  max mem: 0
  [ 50/171]  eta: 0:00:58    time: 0.5342  data: 0.2462  max mem: 0
  [100/171]  eta: 0:00:34    time: 0.4598  data: 0.1718  max mem: 0
  [150/171]  eta: 0:00:10    time: 0.5641  data: 0.2758  max mem: 0
  [170/171]  eta: 0:00:00    time: 0.5436  data: 0.2556  max mem: 0
 Total time: 0:01:27 (0.5104 s / it)
SDR= 1.8754384460719038
Epoch: [147]  [  0/114]  eta: 0:07:32  lr: 0.001000  loss: 2.8027 (2.8027)  time: 3.9671  data: 1.7130  max mem: 0
Epoch: [147]  [ 50/114]  eta: 0:04:20  lr: 0.001000  loss: 2.8687 (5.5803)  time: 4.0523  data: 1.7987  max mem: 0
Epoch: [147]  [100/114]  eta: 0:00:57  lr: 0.001000  loss: 21.9594 (6.5160)  time: 4.2418  data: 1.9859  max mem: 0
Epoch: [147]  [113/114]  eta: 0:00:04  lr: 0.001000  loss: 2.7697 (6.5852)  time: 4.0741  data: 1.8315  max mem: 0
Epoch: [147] Total time: 0:07:46 (4.0964 s / it)
  [  0/171]  eta: 0:01:19    time: 0.4666  data: 0.1779  max mem: 0
  [ 50/171]  eta: 0:01:00    time: 0.5318  data: 0.2438  max mem: 0
  [100/171]  eta: 0:00:35    time: 0.4763  data: 0.1881  max mem: 0
  [150/171]  eta: 0:00:10    time: 0.5376  data: 0.2495  max mem: 0
  [170/171]  eta: 0:00:00    time: 0.5663  data: 0.2781  max mem: 0
 Total time: 0:01:29 (0.5244 s / it)
SDR= 1.90366327054226
Epoch: [148]  [  0/114]  eta: 0:07:29  lr: 0.001000  loss: 3.2139 (3.2139)  time: 3.9415  data: 1.6870  max mem: 0
Epoch: [148]  [ 50/114]  eta: 0:04:18  lr: 0.001000  loss: 14.5610 (5.1648)  time: 3.9762  data: 1.7218  max mem: 0
Epoch: [148]  [100/114]  eta: 0:00:56  lr: 0.001000  loss: 19.3624 (6.5177)  time: 4.0059  data: 1.7524  max mem: 0
Epoch: [148]  [113/114]  eta: 0:00:04  lr: 0.001000  loss: 2.7556 (6.4815)  time: 4.0103  data: 1.7711  max mem: 0
Epoch: [148] Total time: 0:07:36 (4.0051 s / it)
  [  0/171]  eta: 0:01:21    time: 0.4758  data: 0.1872  max mem: 0
  [ 50/171]  eta: 0:01:00    time: 0.5513  data: 0.2629  max mem: 0
  [100/171]  eta: 0:00:35    time: 0.4719  data: 0.1837  max mem: 0
  [150/171]  eta: 0:00:10    time: 0.5563  data: 0.2681  max mem: 0
  [170/171]  eta: 0:00:00    time: 0.5519  data: 0.2639  max mem: 0
 Total time: 0:01:28 (0.5163 s / it)
SDR= 1.8828849807025063
Epoch: [149]  [  0/114]  eta: 0:07:20  lr: 0.001000  loss: 2.7281 (2.7281)  time: 3.8646  data: 1.6095  max mem: 0
Epoch: [149]  [ 50/114]  eta: 0:04:15  lr: 0.001000  loss: 12.0922 (6.5678)  time: 4.0188  data: 1.7653  max mem: 0
Epoch: [149]  [100/114]  eta: 0:00:56  lr: 0.001000  loss: 2.8907 (6.5867)  time: 3.9933  data: 1.7396  max mem: 0
Epoch: [149]  [113/114]  eta: 0:00:03  lr: 0.001000  loss: 13.4795 (6.6054)  time: 3.9473  data: 1.7084  max mem: 0
Epoch: [149] Total time: 0:07:35 (3.9921 s / it)
  [  0/171]  eta: 0:01:17    time: 0.4530  data: 0.1648  max mem: 0
  [ 50/171]  eta: 0:01:00    time: 0.5421  data: 0.2540  max mem: 0
  [100/171]  eta: 0:00:34    time: 0.4722  data: 0.1839  max mem: 0
  [150/171]  eta: 0:00:10    time: 0.5320  data: 0.2440  max mem: 0
  [170/171]  eta: 0:00:00    time: 0.5395  data: 0.2513  max mem: 0
 Total time: 0:01:27 (0.5106 s / it)
SDR= 1.886170382536209
Epoch: [150]  [  0/114]  eta: 0:07:23  lr: 0.001000  loss: 12.8256 (12.8256)  time: 3.8887  data: 1.6361  max mem: 0
Epoch: [150]  [ 50/114]  eta: 0:04:17  lr: 0.001000  loss: 17.6109 (7.0394)  time: 3.9832  data: 1.7298  max mem: 0
Epoch: [150]  [100/114]  eta: 0:00:56  lr: 0.001000  loss: 18.5443 (6.7790)  time: 4.0662  data: 1.8130  max mem: 0
Epoch: [150]  [113/114]  eta: 0:00:04  lr: 0.001000  loss: 3.0575 (6.7158)  time: 4.0158  data: 1.7770  max mem: 0
Epoch: [150] Total time: 0:07:36 (4.0021 s / it)
  [  0/171]  eta: 0:01:23    time: 0.4887  data: 0.2007  max mem: 0
  [ 50/171]  eta: 0:01:00    time: 0.5485  data: 0.2605  max mem: 0
  [100/171]  eta: 0:00:35    time: 0.4730  data: 0.1848  max mem: 0
  [150/171]  eta: 0:00:10    time: 0.5342  data: 0.2461  max mem: 0
  [170/171]  eta: 0:00:00    time: 0.5629  data: 0.2748  max mem: 0
 Total time: 0:01:28 (0.5176 s / it)
SDR= 1.8975534658260425
Epoch: [151]  [  0/114]  eta: 0:07:31  lr: 0.001000  loss: 3.7059 (3.7059)  time: 3.9595  data: 1.7064  max mem: 0
Epoch: [151]  [ 50/114]  eta: 0:04:13  lr: 0.001000  loss: 3.2279 (7.2549)  time: 3.8991  data: 1.6460  max mem: 0
Epoch: [151]  [100/114]  eta: 0:00:55  lr: 0.001000  loss: 3.1880 (6.9478)  time: 4.0279  data: 1.7746  max mem: 0
Epoch: [151]  [113/114]  eta: 0:00:03  lr: 0.001000  loss: 3.2506 (6.9048)  time: 3.9754  data: 1.7365  max mem: 0
Epoch: [151] Total time: 0:07:34 (3.9909 s / it)
  [  0/171]  eta: 0:01:19    time: 0.4638  data: 0.1755  max mem: 0
  [ 50/171]  eta: 0:00:59    time: 0.5361  data: 0.2480  max mem: 0
  [100/171]  eta: 0:00:34    time: 0.4543  data: 0.1663  max mem: 0
  [150/171]  eta: 0:00:10    time: 0.5574  data: 0.2694  max mem: 0
  [170/171]  eta: 0:00:00    time: 0.5327  data: 0.2448  max mem: 0
 Total time: 0:01:27 (0.5118 s / it)
SDR= 1.8783221407863975
Epoch: [152]  [  0/114]  eta: 0:07:27  lr: 0.001000  loss: 18.1946 (18.1946)  time: 3.9295  data: 1.6762  max mem: 0
Epoch: [152]  [ 50/114]  eta: 0:04:16  lr: 0.001000  loss: 3.1260 (5.6374)  time: 4.0309  data: 1.7776  max mem: 0
Epoch: [152]  [100/114]  eta: 0:00:56  lr: 0.001000  loss: 3.3658 (7.1416)  time: 3.9690  data: 1.7156  max mem: 0
Epoch: [152]  [113/114]  eta: 0:00:03  lr: 0.001000  loss: 3.3555 (7.1154)  time: 3.9492  data: 1.7099  max mem: 0
Epoch: [152] Total time: 0:07:35 (3.9938 s / it)
  [  0/171]  eta: 0:01:21    time: 0.4790  data: 0.1905  max mem: 0
  [ 50/171]  eta: 0:01:00    time: 0.5303  data: 0.2422  max mem: 0
  [100/171]  eta: 0:00:35    time: 0.4762  data: 0.1881  max mem: 0
  [150/171]  eta: 0:00:10    time: 0.5406  data: 0.2526  max mem: 0
  [170/171]  eta: 0:00:00    time: 0.5544  data: 0.2663  max mem: 0
 Total time: 0:01:28 (0.5173 s / it)
SDR= 1.8782283841870546
Epoch: [153]  [  0/114]  eta: 0:07:24  lr: 0.001000  loss: 3.7376 (3.7376)  time: 3.9022  data: 1.6461  max mem: 0
Epoch: [153]  [ 50/114]  eta: 0:04:19  lr: 0.001000  loss: 34.1057 (6.7282)  time: 4.0362  data: 1.7826  max mem: 0
Epoch: [153]  [100/114]  eta: 0:00:56  lr: 0.001000  loss: 3.2489 (7.2619)  time: 3.9321  data: 1.6785  max mem: 0
Epoch: [153]  [113/114]  eta: 0:00:04  lr: 0.001000  loss: 10.9942 (7.0429)  time: 3.9935  data: 1.7540  max mem: 0
Epoch: [153] Total time: 0:07:36 (4.0008 s / it)
  [  0/171]  eta: 0:01:17    time: 0.4527  data: 0.1641  max mem: 0
  [ 50/171]  eta: 0:01:00    time: 0.5493  data: 0.2611  max mem: 0
  [100/171]  eta: 0:00:35    time: 0.4788  data: 0.1908  max mem: 0
  [150/171]  eta: 0:00:10    time: 0.5479  data: 0.2597  max mem: 0
  [170/171]  eta: 0:00:00    time: 0.5362  data: 0.2481  max mem: 0
 Total time: 0:01:28 (0.5162 s / it)
SDR= 1.9087672459363025
Epoch: [154]  [  0/114]  eta: 0:07:56  lr: 0.001000  loss: 3.7571 (3.7571)  time: 4.1785  data: 1.9248  max mem: 0
Epoch: [154]  [ 50/114]  eta: 0:04:15  lr: 0.001000  loss: 3.5575 (5.8727)  time: 4.0218  data: 1.7682  max mem: 0
Epoch: [154]  [100/114]  eta: 0:00:55  lr: 0.001000  loss: 3.3126 (6.7714)  time: 3.9587  data: 1.7054  max mem: 0
Epoch: [154]  [113/114]  eta: 0:00:03  lr: 0.001000  loss: 4.2513 (7.0470)  time: 3.9407  data: 1.7018  max mem: 0
Epoch: [154] Total time: 0:07:33 (3.9786 s / it)
  [  0/171]  eta: 0:01:22    time: 0.4845  data: 0.1959  max mem: 0
  [ 50/171]  eta: 0:00:59    time: 0.5283  data: 0.2402  max mem: 0
  [100/171]  eta: 0:00:34    time: 0.4565  data: 0.1683  max mem: 0
  [150/171]  eta: 0:00:10    time: 0.5335  data: 0.2453  max mem: 0
  [170/171]  eta: 0:00:00    time: 0.5705  data: 0.2822  max mem: 0
 Total time: 0:01:27 (0.5127 s / it)
SDR= 1.8773158272826491
Epoch: [155]  [  0/114]  eta: 0:07:20  lr: 0.001000  loss: 8.0586 (8.0586)  time: 3.8601  data: 1.6069  max mem: 0
Epoch: [155]  [ 50/114]  eta: 0:04:15  lr: 0.001000  loss: 10.0866 (7.8533)  time: 4.0123  data: 1.7583  max mem: 0
Epoch: [155]  [100/114]  eta: 0:00:56  lr: 0.001000  loss: 14.1443 (7.3688)  time: 4.0418  data: 1.7884  max mem: 0
Epoch: [155]  [113/114]  eta: 0:00:04  lr: 0.001000  loss: 4.1979 (7.1600)  time: 3.9958  data: 1.7569  max mem: 0
Epoch: [155] Total time: 0:07:36 (4.0083 s / it)
  [  0/171]  eta: 0:01:19    time: 0.4631  data: 0.1743  max mem: 0
  [ 50/171]  eta: 0:00:59    time: 0.5357  data: 0.2475  max mem: 0
  [100/171]  eta: 0:00:34    time: 0.4576  data: 0.1696  max mem: 0
  [150/171]  eta: 0:00:10    time: 0.5415  data: 0.2532  max mem: 0
  [170/171]  eta: 0:00:00    time: 0.5421  data: 0.2539  max mem: 0
 Total time: 0:01:27 (0.5089 s / it)
SDR= 1.8799467601210453
Epoch: [156]  [  0/114]  eta: 0:07:22  lr: 0.001000  loss: 3.2041 (3.2041)  time: 3.8855  data: 1.6320  max mem: 0
Epoch: [156]  [ 50/114]  eta: 0:04:16  lr: 0.001000  loss: 3.6787 (6.8428)  time: 3.9789  data: 1.7255  max mem: 0
Epoch: [156]  [100/114]  eta: 0:00:56  lr: 0.001000  loss: 3.7212 (7.1977)  time: 4.0474  data: 1.7931  max mem: 0
Epoch: [156]  [113/114]  eta: 0:00:04  lr: 0.001000  loss: 3.8127 (7.3366)  time: 3.9545  data: 1.7154  max mem: 0
Epoch: [156] Total time: 0:07:36 (4.0043 s / it)
  [  0/171]  eta: 0:01:23    time: 0.4890  data: 0.2004  max mem: 0
  [ 50/171]  eta: 0:00:59    time: 0.5209  data: 0.2329  max mem: 0
  [100/171]  eta: 0:00:34    time: 0.4617  data: 0.1736  max mem: 0
  [150/171]  eta: 0:00:10    time: 0.5621  data: 0.2741  max mem: 0
  [170/171]  eta: 0:00:00    time: 0.5600  data: 0.2719  max mem: 0
 Total time: 0:01:28 (0.5181 s / it)
SDR= 1.8879809494897564
Epoch: [157]  [  0/114]  eta: 0:08:28  lr: 0.001000  loss: 19.0311 (19.0311)  time: 4.4592  data: 2.2062  max mem: 0
Epoch: [157]  [ 50/114]  eta: 0:04:16  lr: 0.001000  loss: 12.5754 (6.9325)  time: 3.9846  data: 1.7312  max mem: 0
Epoch: [157]  [100/114]  eta: 0:00:55  lr: 0.001000  loss: 3.4681 (7.2512)  time: 3.9486  data: 1.6949  max mem: 0
Epoch: [157]  [113/114]  eta: 0:00:03  lr: 0.001000  loss: 3.3746 (7.4150)  time: 4.0073  data: 1.7670  max mem: 0
Epoch: [157] Total time: 0:07:35 (3.9948 s / it)
  [  0/171]  eta: 0:01:22    time: 0.4802  data: 0.1917  max mem: 0
  [ 50/171]  eta: 0:00:58    time: 0.5207  data: 0.2327  max mem: 0
  [100/171]  eta: 0:00:34    time: 0.4668  data: 0.1787  max mem: 0
  [150/171]  eta: 0:00:10    time: 0.5356  data: 0.2475  max mem: 0
  [170/171]  eta: 0:00:00    time: 0.5510  data: 0.2630  max mem: 0
 Total time: 0:01:27 (0.5090 s / it)
SDR= 1.9123070227483803
Epoch: [158]  [  0/114]  eta: 0:07:06  lr: 0.001000  loss: 4.0400 (4.0400)  time: 3.7415  data: 1.4879  max mem: 0
Epoch: [158]  [ 50/114]  eta: 0:04:17  lr: 0.001000  loss: 11.2505 (7.0837)  time: 4.0520  data: 1.7985  max mem: 0
Epoch: [158]  [100/114]  eta: 0:00:56  lr: 0.001000  loss: 3.7246 (7.3931)  time: 4.0249  data: 1.7715  max mem: 0
Epoch: [158]  [113/114]  eta: 0:00:04  lr: 0.001000  loss: 3.1519 (7.3165)  time: 4.0305  data: 1.7912  max mem: 0
Epoch: [158] Total time: 0:07:38 (4.0186 s / it)
  [  0/171]  eta: 0:01:17    time: 0.4556  data: 0.1673  max mem: 0
  [ 50/171]  eta: 0:00:59    time: 0.5329  data: 0.2449  max mem: 0
  [100/171]  eta: 0:00:34    time: 0.4628  data: 0.1748  max mem: 0
  [150/171]  eta: 0:00:10    time: 0.5390  data: 0.2510  max mem: 0
  [170/171]  eta: 0:00:00    time: 0.5578  data: 0.2697  max mem: 0
 Total time: 0:01:27 (0.5095 s / it)
SDR= 1.8844174272655332
Epoch: [159]  [  0/114]  eta: 0:08:00  lr: 0.001000  loss: 9.1817 (9.1817)  time: 4.2189  data: 1.9658  max mem: 0
Epoch: [159]  [ 50/114]  eta: 0:04:16  lr: 0.001000  loss: 3.5285 (6.6844)  time: 4.0394  data: 1.7860  max mem: 0
Epoch: [159]  [100/114]  eta: 0:00:56  lr: 0.001000  loss: 3.4766 (7.5455)  time: 4.0585  data: 1.8050  max mem: 0
Epoch: [159]  [113/114]  eta: 0:00:04  lr: 0.001000  loss: 3.3777 (7.3180)  time: 3.9698  data: 1.7306  max mem: 0
Epoch: [159] Total time: 0:07:38 (4.0197 s / it)
  [  0/171]  eta: 0:01:17    time: 0.4555  data: 0.1672  max mem: 0
  [ 50/171]  eta: 0:00:58    time: 0.5273  data: 0.2392  max mem: 0
  [100/171]  eta: 0:00:34    time: 0.4715  data: 0.1835  max mem: 0
  [150/171]  eta: 0:00:10    time: 0.5621  data: 0.2740  max mem: 0
  [170/171]  eta: 0:00:00    time: 0.5363  data: 0.2483  max mem: 0
 Total time: 0:01:26 (0.5073 s / it)
SDR= 1.9450568264381278
Epoch: [160]  [  0/114]  eta: 0:07:14  lr: 0.001000  loss: 3.6556 (3.6556)  time: 3.8116  data: 1.5575  max mem: 0
Epoch: [160]  [ 50/114]  eta: 0:04:16  lr: 0.001000  loss: 3.9712 (6.7636)  time: 3.9744  data: 1.7211  max mem: 0
Epoch: [160]  [100/114]  eta: 0:00:55  lr: 0.001000  loss: 3.5139 (7.3365)  time: 3.9887  data: 1.7347  max mem: 0
Epoch: [160]  [113/114]  eta: 0:00:03  lr: 0.001000  loss: 15.2793 (7.3339)  time: 3.9899  data: 1.7507  max mem: 0
Epoch: [160] Total time: 0:07:34 (3.9861 s / it)
  [  0/171]  eta: 0:01:17    time: 0.4550  data: 0.1667  max mem: 0
  [ 50/171]  eta: 0:00:59    time: 0.5242  data: 0.2361  max mem: 0
  [100/171]  eta: 0:00:34    time: 0.4556  data: 0.1676  max mem: 0
  [150/171]  eta: 0:00:10    time: 0.5329  data: 0.2449  max mem: 0
  [170/171]  eta: 0:00:00    time: 0.5403  data: 0.2523  max mem: 0
 Total time: 0:01:26 (0.5072 s / it)
SDR= 1.8811206460001713
Epoch: [161]  [  0/114]  eta: 0:07:47  lr: 0.001000  loss: 3.6317 (3.6317)  time: 4.1045  data: 1.8496  max mem: 0
Epoch: [161]  [ 50/114]  eta: 0:04:14  lr: 0.001000  loss: 18.8905 (7.8914)  time: 4.0100  data: 1.7566  max mem: 0
Epoch: [161]  [100/114]  eta: 0:00:56  lr: 0.001000  loss: 4.4693 (7.3600)  time: 4.0877  data: 1.8328  max mem: 0
Epoch: [161]  [113/114]  eta: 0:00:04  lr: 0.001000  loss: 32.5966 (7.6492)  time: 4.0267  data: 1.7869  max mem: 0
Epoch: [161] Total time: 0:07:36 (4.0016 s / it)
  [  0/171]  eta: 0:01:17    time: 0.4539  data: 0.1657  max mem: 0
  [ 50/171]  eta: 0:00:59    time: 0.5211  data: 0.2330  max mem: 0
  [100/171]  eta: 0:00:34    time: 0.4572  data: 0.1691  max mem: 0
  [150/171]  eta: 0:00:10    time: 0.5320  data: 0.2441  max mem: 0
  [170/171]  eta: 0:00:00    time: 0.5475  data: 0.2595  max mem: 0
 Total time: 0:01:26 (0.5071 s / it)
SDR= 1.9063139131538747
Epoch: [162]  [  0/114]  eta: 0:07:39  lr: 0.001000  loss: 4.0150 (4.0150)  time: 4.0319  data: 1.7790  max mem: 0
Epoch: [162]  [ 50/114]  eta: 0:04:12  lr: 0.001000  loss: 4.5602 (7.3171)  time: 3.9648  data: 1.7112  max mem: 0
Epoch: [162]  [100/114]  eta: 0:00:55  lr: 0.001000  loss: 14.4284 (8.1473)  time: 4.0385  data: 1.7844  max mem: 0
Epoch: [162]  [113/114]  eta: 0:00:03  lr: 0.001000  loss: 17.7160 (8.0546)  time: 4.0469  data: 1.8054  max mem: 0
Epoch: [162] Total time: 0:07:33 (3.9810 s / it)
  [  0/171]  eta: 0:01:25    time: 0.5017  data: 0.2130  max mem: 0
  [ 50/171]  eta: 0:01:00    time: 0.5399  data: 0.2516  max mem: 0
  [100/171]  eta: 0:00:35    time: 0.4790  data: 0.1908  max mem: 0
  [150/171]  eta: 0:00:11    time: 0.5751  data: 0.2866  max mem: 0
  [170/171]  eta: 0:00:00    time: 0.5713  data: 0.2830  max mem: 0
 Total time: 0:01:30 (0.5308 s / it)
SDR= 1.9192832151984034
Epoch: [163]  [  0/114]  eta: 0:07:26  lr: 0.001000  loss: 4.4825 (4.4825)  time: 3.9160  data: 1.6623  max mem: 0
Epoch: [163]  [ 50/114]  eta: 0:04:21  lr: 0.001000  loss: 14.9877 (8.7159)  time: 4.0306  data: 1.7757  max mem: 0
Epoch: [163]  [100/114]  eta: 0:00:56  lr: 0.001000  loss: 14.9892 (8.0174)  time: 4.0132  data: 1.7594  max mem: 0
Epoch: [163]  [113/114]  eta: 0:00:04  lr: 0.001000  loss: 23.7855 (8.3558)  time: 3.9813  data: 1.7420  max mem: 0
Epoch: [163] Total time: 0:07:41 (4.0507 s / it)
  [  0/171]  eta: 0:01:20    time: 0.4713  data: 0.1819  max mem: 0
  [ 50/171]  eta: 0:00:58    time: 0.5188  data: 0.2308  max mem: 0
  [100/171]  eta: 0:00:34    time: 0.4586  data: 0.1705  max mem: 0
  [150/171]  eta: 0:00:10    time: 0.5303  data: 0.2422  max mem: 0
  [170/171]  eta: 0:00:00    time: 0.5358  data: 0.2479  max mem: 0
 Total time: 0:01:26 (0.5074 s / it)
SDR= 1.8915129524979293
Epoch: [164]  [  0/114]  eta: 0:07:10  lr: 0.001000  loss: 5.3455 (5.3455)  time: 3.7781  data: 1.5247  max mem: 0
Epoch: [164]  [ 50/114]  eta: 0:04:14  lr: 0.001000  loss: 5.1060 (8.5276)  time: 3.9646  data: 1.7111  max mem: 0
Epoch: [164]  [100/114]  eta: 0:00:55  lr: 0.001000  loss: 4.7930 (8.5831)  time: 3.9878  data: 1.7339  max mem: 0
Epoch: [164]  [113/114]  eta: 0:00:03  lr: 0.001000  loss: 3.9325 (8.2360)  time: 3.9639  data: 1.7241  max mem: 0
Epoch: [164] Total time: 0:07:32 (3.9726 s / it)
  [  0/171]  eta: 0:01:21    time: 0.4749  data: 0.1865  max mem: 0
  [ 50/171]  eta: 0:01:00    time: 0.5428  data: 0.2546  max mem: 0
  [100/171]  eta: 0:00:34    time: 0.4626  data: 0.1744  max mem: 0
  [150/171]  eta: 0:00:10    time: 0.5339  data: 0.2458  max mem: 0
  [170/171]  eta: 0:00:00    time: 0.5315  data: 0.2435  max mem: 0
 Total time: 0:01:26 (0.5080 s / it)
SDR= 1.897135272326874
Epoch: [165]  [  0/114]  eta: 0:07:36  lr: 0.001000  loss: 4.2448 (4.2448)  time: 4.0040  data: 1.7494  max mem: 0
Epoch: [165]  [ 50/114]  eta: 0:04:15  lr: 0.001000  loss: 5.0593 (8.5356)  time: 3.9489  data: 1.6957  max mem: 0
Epoch: [165]  [100/114]  eta: 0:00:55  lr: 0.001000  loss: 26.0579 (8.1159)  time: 3.9368  data: 1.6828  max mem: 0
Epoch: [165]  [113/114]  eta: 0:00:03  lr: 0.001000  loss: 3.6901 (7.8095)  time: 3.9074  data: 1.6680  max mem: 0
Epoch: [165] Total time: 0:07:33 (3.9783 s / it)
  [  0/171]  eta: 0:01:19    time: 0.4627  data: 0.1743  max mem: 0
  [ 50/171]  eta: 0:00:59    time: 0.5280  data: 0.2400  max mem: 0
  [100/171]  eta: 0:00:34    time: 0.4554  data: 0.1675  max mem: 0
  [150/171]  eta: 0:00:10    time: 0.5526  data: 0.2645  max mem: 0
  [170/171]  eta: 0:00:00    time: 0.5423  data: 0.2543  max mem: 0
 Total time: 0:01:27 (0.5100 s / it)
SDR= 1.9074033869865008
Epoch: [166]  [  0/114]  eta: 0:07:23  lr: 0.001000  loss: 3.9927 (3.9927)  time: 3.8927  data: 1.6400  max mem: 0
Epoch: [166]  [ 50/114]  eta: 0:04:15  lr: 0.001000  loss: 18.9551 (6.9778)  time: 4.0014  data: 1.7473  max mem: 0
Epoch: [166]  [100/114]  eta: 0:00:56  lr: 0.001000  loss: 3.4309 (7.3365)  time: 4.0486  data: 1.7951  max mem: 0
Epoch: [166]  [113/114]  eta: 0:00:03  lr: 0.001000  loss: 4.4010 (7.4175)  time: 3.9930  data: 1.7532  max mem: 0
Epoch: [166] Total time: 0:07:35 (3.9984 s / it)
  [  0/171]  eta: 0:01:22    time: 0.4795  data: 0.1914  max mem: 0
  [ 50/171]  eta: 0:00:59    time: 0.5375  data: 0.2494  max mem: 0
  [100/171]  eta: 0:00:34    time: 0.4709  data: 0.1828  max mem: 0
  [150/171]  eta: 0:00:10    time: 0.5482  data: 0.2600  max mem: 0
  [170/171]  eta: 0:00:00    time: 0.5338  data: 0.2459  max mem: 0
 Total time: 0:01:26 (0.5086 s / it)
SDR= 1.8706147468395833
Epoch: [167]  [  0/114]  eta: 0:07:13  lr: 0.001000  loss: 3.8420 (3.8420)  time: 3.7986  data: 1.5444  max mem: 0
Epoch: [167]  [ 50/114]  eta: 0:04:17  lr: 0.001000  loss: 3.7276 (6.7371)  time: 3.9417  data: 1.6878  max mem: 0
Epoch: [167]  [100/114]  eta: 0:00:56  lr: 0.001000  loss: 3.4676 (7.1238)  time: 3.9797  data: 1.7264  max mem: 0
Epoch: [167]  [113/114]  eta: 0:00:03  lr: 0.001000  loss: 3.1708 (7.1898)  time: 3.9669  data: 1.7280  max mem: 0
Epoch: [167] Total time: 0:07:35 (3.9968 s / it)
  [  0/171]  eta: 0:01:21    time: 0.4749  data: 0.1864  max mem: 0
  [ 50/171]  eta: 0:01:00    time: 0.5506  data: 0.2624  max mem: 0
  [100/171]  eta: 0:00:34    time: 0.4658  data: 0.1779  max mem: 0
  [150/171]  eta: 0:00:10    time: 0.5297  data: 0.2417  max mem: 0
  [170/171]  eta: 0:00:00    time: 0.5664  data: 0.2783  max mem: 0
 Total time: 0:01:27 (0.5118 s / it)
SDR= 1.8699246247654229
Epoch: [168]  [  0/114]  eta: 0:07:24  lr: 0.001000  loss: 17.1958 (17.1958)  time: 3.8991  data: 1.6450  max mem: 0
Epoch: [168]  [ 50/114]  eta: 0:04:14  lr: 0.001000  loss: 3.7455 (7.3550)  time: 4.0226  data: 1.7689  max mem: 0
Epoch: [168]  [100/114]  eta: 0:00:55  lr: 0.001000  loss: 12.7414 (6.9930)  time: 4.0416  data: 1.7880  max mem: 0
Epoch: [168]  [113/114]  eta: 0:00:03  lr: 0.001000  loss: 14.3775 (7.1585)  time: 3.9636  data: 1.7244  max mem: 0
Epoch: [168] Total time: 0:07:34 (3.9838 s / it)
  [  0/171]  eta: 0:01:22    time: 0.4812  data: 0.1926  max mem: 0
  [ 50/171]  eta: 0:00:59    time: 0.5371  data: 0.2490  max mem: 0
  [100/171]  eta: 0:00:34    time: 0.4745  data: 0.1863  max mem: 0
  [150/171]  eta: 0:00:10    time: 0.5570  data: 0.2689  max mem: 0
  [170/171]  eta: 0:00:00    time: 0.5422  data: 0.2542  max mem: 0
 Total time: 0:01:27 (0.5122 s / it)
SDR= 1.8865231122358916
Epoch: [169]  [  0/114]  eta: 0:07:54  lr: 0.001000  loss: 3.1122 (3.1122)  time: 4.1653  data: 1.9101  max mem: 0
Epoch: [169]  [ 50/114]  eta: 0:04:19  lr: 0.001000  loss: 3.3684 (6.5938)  time: 4.0283  data: 1.7746  max mem: 0
Epoch: [169]  [100/114]  eta: 0:00:56  lr: 0.001000  loss: 2.9055 (6.8516)  time: 4.1357  data: 1.8800  max mem: 0
Epoch: [169]  [113/114]  eta: 0:00:04  lr: 0.001000  loss: 3.3581 (7.1055)  time: 4.0744  data: 1.8327  max mem: 0
Epoch: [169] Total time: 0:07:42 (4.0561 s / it)
  [  0/171]  eta: 0:01:32    time: 0.5423  data: 0.2536  max mem: 0
  [ 50/171]  eta: 0:01:01    time: 0.5314  data: 0.2432  max mem: 0
  [100/171]  eta: 0:00:35    time: 0.4779  data: 0.1896  max mem: 0
  [150/171]  eta: 0:00:10    time: 0.5590  data: 0.2708  max mem: 0
  [170/171]  eta: 0:00:00    time: 0.5850  data: 0.2967  max mem: 0
 Total time: 0:01:29 (0.5252 s / it)
SDR= 1.871495731532143
Epoch: [170]  [  0/114]  eta: 0:07:33  lr: 0.000100  loss: 3.2504 (3.2504)  time: 3.9768  data: 1.7206  max mem: 0
Epoch: [170]  [ 50/114]  eta: 0:04:22  lr: 0.000100  loss: 1.9743 (6.2565)  time: 4.0274  data: 1.7737  max mem: 0
Epoch: [170]  [100/114]  eta: 0:00:57  lr: 0.000100  loss: 12.2772 (5.4372)  time: 4.0197  data: 1.7660  max mem: 0
Epoch: [170]  [113/114]  eta: 0:00:04  lr: 0.000100  loss: 2.1092 (5.6906)  time: 4.0573  data: 1.8171  max mem: 0
Epoch: [170] Total time: 0:07:44 (4.0735 s / it)
  [  0/171]  eta: 0:01:19    time: 0.4626  data: 0.1741  max mem: 0
  [ 50/171]  eta: 0:00:59    time: 0.5378  data: 0.2497  max mem: 0
  [100/171]  eta: 0:00:35    time: 0.4869  data: 0.1987  max mem: 0
  [150/171]  eta: 0:00:10    time: 0.5766  data: 0.2882  max mem: 0
  [170/171]  eta: 0:00:00    time: 0.5617  data: 0.2735  max mem: 0
 Total time: 0:01:28 (0.5201 s / it)
SDR= 1.8623983343942032
Epoch: [171]  [  0/114]  eta: 0:07:48  lr: 0.000100  loss: 2.2726 (2.2726)  time: 4.1128  data: 1.8598  max mem: 0
Epoch: [171]  [ 50/114]  eta: 0:04:21  lr: 0.000100  loss: 16.6199 (4.7766)  time: 4.0902  data: 1.8367  max mem: 0
Epoch: [171]  [100/114]  eta: 0:00:56  lr: 0.000100  loss: 7.6678 (5.0202)  time: 4.1368  data: 1.8816  max mem: 0
Epoch: [171]  [113/114]  eta: 0:00:04  lr: 0.000100  loss: 1.7318 (4.9197)  time: 4.1051  data: 1.8648  max mem: 0
Epoch: [171] Total time: 0:07:42 (4.0607 s / it)
  [  0/171]  eta: 0:01:18    time: 0.4587  data: 0.1702  max mem: 0
  [ 50/171]  eta: 0:01:01    time: 0.5710  data: 0.2825  max mem: 0
  [100/171]  eta: 0:00:35    time: 0.4804  data: 0.1922  max mem: 0
  [150/171]  eta: 0:00:11    time: 0.5759  data: 0.2877  max mem: 0
  [170/171]  eta: 0:00:00    time: 0.5728  data: 0.2845  max mem: 0
 Total time: 0:01:30 (0.5308 s / it)
SDR= 1.8617108622886975
Epoch: [172]  [  0/114]  eta: 0:07:54  lr: 0.000100  loss: 1.4952 (1.4952)  time: 4.1648  data: 1.9115  max mem: 0
Epoch: [172]  [ 50/114]  eta: 0:04:23  lr: 0.000100  loss: 17.5069 (4.3995)  time: 4.1069  data: 1.8511  max mem: 0
Epoch: [172]  [100/114]  eta: 0:00:56  lr: 0.000100  loss: 1.3106 (4.5831)  time: 3.9754  data: 1.7212  max mem: 0
Epoch: [172]  [113/114]  eta: 0:00:04  lr: 0.000100  loss: 1.4325 (4.5792)  time: 3.9921  data: 1.7518  max mem: 0
Epoch: [172] Total time: 0:07:41 (4.0518 s / it)
  [  0/171]  eta: 0:01:22    time: 0.4810  data: 0.1925  max mem: 0
  [ 50/171]  eta: 0:00:59    time: 0.5304  data: 0.2422  max mem: 0
  [100/171]  eta: 0:00:34    time: 0.4718  data: 0.1836  max mem: 0
  [150/171]  eta: 0:00:10    time: 0.5378  data: 0.2498  max mem: 0
  [170/171]  eta: 0:00:00    time: 0.5513  data: 0.2633  max mem: 0
 Total time: 0:01:27 (0.5114 s / it)
SDR= 1.8683373962090755
Epoch: [173]  [  0/114]  eta: 0:08:16  lr: 0.000100  loss: 1.2590 (1.2590)  time: 4.3564  data: 2.1030  max mem: 0
Epoch: [173]  [ 50/114]  eta: 0:04:18  lr: 0.000100  loss: 6.5683 (4.8531)  time: 4.0788  data: 1.8241  max mem: 0
Epoch: [173]  [100/114]  eta: 0:00:56  lr: 0.000100  loss: 7.8952 (4.5554)  time: 3.9849  data: 1.7308  max mem: 0
Epoch: [173]  [113/114]  eta: 0:00:04  lr: 0.000100  loss: 1.2579 (4.3579)  time: 3.9471  data: 1.7077  max mem: 0
Epoch: [173] Total time: 0:07:36 (4.0025 s / it)
  [  0/171]  eta: 0:01:17    time: 0.4553  data: 0.1670  max mem: 0
  [ 50/171]  eta: 0:01:00    time: 0.5412  data: 0.2530  max mem: 0
  [100/171]  eta: 0:00:35    time: 0.4922  data: 0.2037  max mem: 0
  [150/171]  eta: 0:00:10    time: 0.5447  data: 0.2567  max mem: 0
  [170/171]  eta: 0:00:00    time: 0.5304  data: 0.2423  max mem: 0
 Total time: 0:01:28 (0.5150 s / it)
SDR= 1.8645320993142698
Epoch: [174]  [  0/114]  eta: 0:07:23  lr: 0.000100  loss: 1.0828 (1.0828)  time: 3.8874  data: 1.6342  max mem: 0
Epoch: [174]  [ 50/114]  eta: 0:04:16  lr: 0.000100  loss: 1.0689 (3.5695)  time: 4.0817  data: 1.8279  max mem: 0
Epoch: [174]  [100/114]  eta: 0:00:56  lr: 0.000100  loss: 30.9499 (4.0908)  time: 4.0067  data: 1.7524  max mem: 0
Epoch: [174]  [113/114]  eta: 0:00:04  lr: 0.000100  loss: 14.7550 (4.2249)  time: 4.0598  data: 1.8196  max mem: 0
Epoch: [174] Total time: 0:07:37 (4.0172 s / it)
  [  0/171]  eta: 0:01:19    time: 0.4669  data: 0.1790  max mem: 0
  [ 50/171]  eta: 0:01:00    time: 0.5522  data: 0.2638  max mem: 0
  [100/171]  eta: 0:00:35    time: 0.4617  data: 0.1737  max mem: 0
  [150/171]  eta: 0:00:10    time: 0.5480  data: 0.2600  max mem: 0
  [170/171]  eta: 0:00:00    time: 0.5439  data: 0.2556  max mem: 0
 Total time: 0:01:28 (0.5167 s / it)
SDR= 1.8756260825697935
Epoch: [175]  [  0/114]  eta: 0:08:00  lr: 0.000100  loss: 0.9879 (0.9879)  time: 4.2166  data: 1.9631  max mem: 0
Epoch: [175]  [ 50/114]  eta: 0:04:13  lr: 0.000100  loss: 0.9496 (2.9602)  time: 3.9647  data: 1.7109  max mem: 0
Epoch: [175]  [100/114]  eta: 0:00:55  lr: 0.000100  loss: 1.0083 (4.0675)  time: 3.9046  data: 1.6505  max mem: 0
Epoch: [175]  [113/114]  eta: 0:00:03  lr: 0.000100  loss: 1.0998 (4.1343)  time: 3.9747  data: 1.7346  max mem: 0
Epoch: [175] Total time: 0:07:33 (3.9797 s / it)
  [  0/171]  eta: 0:01:20    time: 0.4686  data: 0.1802  max mem: 0
  [ 50/171]  eta: 0:00:58    time: 0.5164  data: 0.2284  max mem: 0
  [100/171]  eta: 0:00:34    time: 0.4565  data: 0.1684  max mem: 0
  [150/171]  eta: 0:00:10    time: 0.5367  data: 0.2486  max mem: 0
  [170/171]  eta: 0:00:00    time: 0.5321  data: 0.2441  max mem: 0
 Total time: 0:01:26 (0.5045 s / it)
SDR= 1.8650509956644012
Epoch: [176]  [  0/114]  eta: 0:08:15  lr: 0.000100  loss: 13.4412 (13.4412)  time: 4.3450  data: 2.0908  max mem: 0
Epoch: [176]  [ 50/114]  eta: 0:04:15  lr: 0.000100  loss: 0.8821 (4.2180)  time: 3.9453  data: 1.6923  max mem: 0
Epoch: [176]  [100/114]  eta: 0:00:55  lr: 0.000100  loss: 0.8969 (4.3219)  time: 4.0036  data: 1.7498  max mem: 0
Epoch: [176]  [113/114]  eta: 0:00:03  lr: 0.000100  loss: 1.1329 (4.0629)  time: 4.0513  data: 1.8118  max mem: 0
Epoch: [176] Total time: 0:07:34 (3.9904 s / it)
  [  0/171]  eta: 0:01:18    time: 0.4567  data: 0.1685  max mem: 0
  [ 50/171]  eta: 0:00:58    time: 0.5229  data: 0.2348  max mem: 0
  [100/171]  eta: 0:00:34    time: 0.4609  data: 0.1729  max mem: 0
  [150/171]  eta: 0:00:10    time: 0.5328  data: 0.2448  max mem: 0
  [170/171]  eta: 0:00:00    time: 0.5326  data: 0.2446  max mem: 0
 Total time: 0:01:26 (0.5032 s / it)
SDR= 1.8634370996751788
Epoch: [177]  [  0/114]  eta: 0:07:43  lr: 0.000100  loss: 0.8111 (0.8111)  time: 4.0682  data: 1.8149  max mem: 0
Epoch: [177]  [ 50/114]  eta: 0:04:16  lr: 0.000100  loss: 10.8763 (3.6250)  time: 3.9984  data: 1.7441  max mem: 0
Epoch: [177]  [100/114]  eta: 0:00:55  lr: 0.000100  loss: 12.9855 (4.1432)  time: 3.9907  data: 1.7363  max mem: 0
Epoch: [177]  [113/114]  eta: 0:00:03  lr: 0.000100  loss: 0.9307 (4.0073)  time: 3.9995  data: 1.7594  max mem: 0
Epoch: [177] Total time: 0:07:35 (3.9986 s / it)
  [  0/171]  eta: 0:01:22    time: 0.4834  data: 0.1951  max mem: 0
  [ 50/171]  eta: 0:00:59    time: 0.5324  data: 0.2443  max mem: 0
  [100/171]  eta: 0:00:34    time: 0.4625  data: 0.1745  max mem: 0
  [150/171]  eta: 0:00:10    time: 0.5425  data: 0.2543  max mem: 0
  [170/171]  eta: 0:00:00    time: 0.5738  data: 0.2855  max mem: 0
 Total time: 0:01:28 (0.5164 s / it)
SDR= 1.8656835052584813
Epoch: [178]  [  0/114]  eta: 0:08:08  lr: 0.000100  loss: 5.7670 (5.7670)  time: 4.2847  data: 2.0321  max mem: 0
Epoch: [178]  [ 50/114]  eta: 0:04:15  lr: 0.000100  loss: 0.7577 (3.6315)  time: 4.0113  data: 1.7570  max mem: 0
Epoch: [178]  [100/114]  eta: 0:00:55  lr: 0.000100  loss: 6.2653 (3.9407)  time: 3.9275  data: 1.6741  max mem: 0
Epoch: [178]  [113/114]  eta: 0:00:03  lr: 0.000100  loss: 0.8515 (3.9485)  time: 3.9034  data: 1.6645  max mem: 0
Epoch: [178] Total time: 0:07:33 (3.9789 s / it)
  [  0/171]  eta: 0:01:17    time: 0.4508  data: 0.1622  max mem: 0
  [ 50/171]  eta: 0:00:59    time: 0.5212  data: 0.2332  max mem: 0
  [100/171]  eta: 0:00:34    time: 0.4568  data: 0.1688  max mem: 0
  [150/171]  eta: 0:00:10    time: 0.5345  data: 0.2464  max mem: 0
  [170/171]  eta: 0:00:00    time: 0.5338  data: 0.2457  max mem: 0
 Total time: 0:01:26 (0.5073 s / it)
SDR= 1.8658423040515089
Epoch: [179]  [  0/114]  eta: 0:07:29  lr: 0.000100  loss: 0.7940 (0.7940)  time: 3.9420  data: 1.6886  max mem: 0
Epoch: [179]  [ 50/114]  eta: 0:04:14  lr: 0.000100  loss: 0.7813 (4.7368)  time: 3.9856  data: 1.7313  max mem: 0
Epoch: [179]  [100/114]  eta: 0:00:55  lr: 0.000100  loss: 0.8364 (3.9832)  time: 4.0294  data: 1.7746  max mem: 0
Epoch: [179]  [113/114]  eta: 0:00:03  lr: 0.000100  loss: 0.8035 (3.9117)  time: 4.0055  data: 1.7660  max mem: 0
Epoch: [179] Total time: 0:07:35 (3.9970 s / it)
  [  0/171]  eta: 0:01:17    time: 0.4510  data: 0.1628  max mem: 0
  [ 50/171]  eta: 0:00:58    time: 0.5212  data: 0.2332  max mem: 0
  [100/171]  eta: 0:00:34    time: 0.4681  data: 0.1800  max mem: 0
  [150/171]  eta: 0:00:10    time: 0.5303  data: 0.2423  max mem: 0
  [170/171]  eta: 0:00:00    time: 0.5547  data: 0.2666  max mem: 0
 Total time: 0:01:27 (0.5090 s / it)
SDR= 1.8671794169197449
Epoch: [180]  [  0/114]  eta: 0:07:33  lr: 0.000100  loss: 0.7933 (0.7933)  time: 3.9768  data: 1.7237  max mem: 0
Epoch: [180]  [ 50/114]  eta: 0:04:16  lr: 0.000100  loss: 0.8520 (4.9075)  time: 4.0325  data: 1.7790  max mem: 0
Epoch: [180]  [100/114]  eta: 0:00:55  lr: 0.000100  loss: 0.7424 (3.8265)  time: 3.9674  data: 1.7143  max mem: 0
Epoch: [180]  [113/114]  eta: 0:00:03  lr: 0.000100  loss: 0.7817 (3.8865)  time: 3.9326  data: 1.6938  max mem: 0
Epoch: [180] Total time: 0:07:32 (3.9677 s / it)
  [  0/171]  eta: 0:01:23    time: 0.4905  data: 0.2021  max mem: 0
  [ 50/171]  eta: 0:01:01    time: 0.5395  data: 0.2513  max mem: 0
  [100/171]  eta: 0:00:35    time: 0.4759  data: 0.1878  max mem: 0
  [150/171]  eta: 0:00:10    time: 0.5529  data: 0.2646  max mem: 0
  [170/171]  eta: 0:00:00    time: 0.5482  data: 0.2601  max mem: 0
 Total time: 0:01:28 (0.5180 s / it)
SDR= 1.865599500606466
Epoch: [181]  [  0/114]  eta: 0:07:22  lr: 0.000100  loss: 0.7292 (0.7292)  time: 3.8843  data: 1.6292  max mem: 0
Epoch: [181]  [ 50/114]  eta: 0:04:16  lr: 0.000100  loss: 0.6994 (3.4329)  time: 4.0593  data: 1.8058  max mem: 0
Epoch: [181]  [100/114]  eta: 0:00:56  lr: 0.000100  loss: 0.8211 (3.6936)  time: 3.9966  data: 1.7430  max mem: 0
Epoch: [181]  [113/114]  eta: 0:00:04  lr: 0.000100  loss: 11.6788 (3.9023)  time: 3.9340  data: 1.6950  max mem: 0
Epoch: [181] Total time: 0:07:36 (4.0027 s / it)
  [  0/171]  eta: 0:01:18    time: 0.4604  data: 0.1719  max mem: 0
  [ 50/171]  eta: 0:00:59    time: 0.5361  data: 0.2481  max mem: 0
  [100/171]  eta: 0:00:34    time: 0.4607  data: 0.1725  max mem: 0
  [150/171]  eta: 0:00:10    time: 0.5331  data: 0.2450  max mem: 0
  [170/171]  eta: 0:00:00    time: 0.5355  data: 0.2475  max mem: 0
 Total time: 0:01:27 (0.5088 s / it)
SDR= 1.8653857306681965
Epoch: [182]  [  0/114]  eta: 0:07:21  lr: 0.000100  loss: 14.9958 (14.9958)  time: 3.8766  data: 1.6241  max mem: 0
Epoch: [182]  [ 50/114]  eta: 0:04:13  lr: 0.000100  loss: 0.7419 (3.6003)  time: 3.9736  data: 1.7198  max mem: 0
Epoch: [182]  [100/114]  eta: 0:00:55  lr: 0.000100  loss: 12.3554 (3.6893)  time: 3.9356  data: 1.6818  max mem: 0
Epoch: [182]  [113/114]  eta: 0:00:03  lr: 0.000100  loss: 0.7373 (3.8423)  time: 3.9781  data: 1.7390  max mem: 0
Epoch: [182] Total time: 0:07:33 (3.9766 s / it)
  [  0/171]  eta: 0:01:17    time: 0.4520  data: 0.1632  max mem: 0
  [ 50/171]  eta: 0:00:59    time: 0.5158  data: 0.2277  max mem: 0
  [100/171]  eta: 0:00:34    time: 0.4576  data: 0.1696  max mem: 0
  [150/171]  eta: 0:00:10    time: 0.5573  data: 0.2691  max mem: 0
  [170/171]  eta: 0:00:00    time: 0.5574  data: 0.2693  max mem: 0
 Total time: 0:01:27 (0.5131 s / it)
SDR= 1.8657285877190333
Epoch: [183]  [  0/114]  eta: 0:07:33  lr: 0.000100  loss: 0.6853 (0.6853)  time: 3.9809  data: 1.7277  max mem: 0
Epoch: [183]  [ 50/114]  eta: 0:04:14  lr: 0.000100  loss: 0.6336 (3.5425)  time: 3.9747  data: 1.7209  max mem: 0
Epoch: [183]  [100/114]  eta: 0:00:55  lr: 0.000100  loss: 0.6961 (3.7695)  time: 3.9487  data: 1.6947  max mem: 0
Epoch: [183]  [113/114]  eta: 0:00:03  lr: 0.000100  loss: 0.6947 (3.8339)  time: 3.9166  data: 1.6775  max mem: 0
Epoch: [183] Total time: 0:07:32 (3.9657 s / it)
  [  0/171]  eta: 0:01:17    time: 0.4528  data: 0.1645  max mem: 0
  [ 50/171]  eta: 0:00:58    time: 0.5204  data: 0.2323  max mem: 0
  [100/171]  eta: 0:00:34    time: 0.4732  data: 0.1851  max mem: 0
  [150/171]  eta: 0:00:10    time: 0.5320  data: 0.2440  max mem: 0
  [170/171]  eta: 0:00:00    time: 0.5409  data: 0.2529  max mem: 0
 Total time: 0:01:27 (0.5109 s / it)
SDR= 1.865816216633897
Epoch: [184]  [  0/114]  eta: 0:07:01  lr: 0.000100  loss: 0.6973 (0.6973)  time: 3.6951  data: 1.4396  max mem: 0
Epoch: [184]  [ 50/114]  eta: 0:04:14  lr: 0.000100  loss: 0.6866 (4.1532)  time: 3.9708  data: 1.7170  max mem: 0
Epoch: [184]  [100/114]  eta: 0:00:56  lr: 0.000100  loss: 9.8488 (3.9580)  time: 4.0593  data: 1.8036  max mem: 0
Epoch: [184]  [113/114]  eta: 0:00:04  lr: 0.000100  loss: 7.0846 (3.8376)  time: 4.0479  data: 1.8063  max mem: 0
Epoch: [184] Total time: 0:07:39 (4.0314 s / it)
  [  0/171]  eta: 0:01:30    time: 0.5294  data: 0.2401  max mem: 0
  [ 50/171]  eta: 0:01:00    time: 0.5342  data: 0.2459  max mem: 0
  [100/171]  eta: 0:00:34    time: 0.4569  data: 0.1687  max mem: 0
  [150/171]  eta: 0:00:10    time: 0.5638  data: 0.2756  max mem: 0
  [170/171]  eta: 0:00:00    time: 0.5322  data: 0.2442  max mem: 0
 Total time: 0:01:27 (0.5137 s / it)
SDR= 1.8678003167210275
Epoch: [185]  [  0/114]  eta: 0:07:28  lr: 0.000100  loss: 10.2224 (10.2224)  time: 3.9385  data: 1.6863  max mem: 0
Epoch: [185]  [ 50/114]  eta: 0:04:19  lr: 0.000100  loss: 0.6716 (3.9787)  time: 4.0617  data: 1.8081  max mem: 0
Epoch: [185]  [100/114]  eta: 0:00:56  lr: 0.000100  loss: 0.6456 (3.6732)  time: 4.0502  data: 1.7960  max mem: 0
Epoch: [185]  [113/114]  eta: 0:00:04  lr: 0.000100  loss: 11.6205 (3.8011)  time: 4.0115  data: 1.7715  max mem: 0
Epoch: [185] Total time: 0:07:37 (4.0091 s / it)
  [  0/171]  eta: 0:01:17    time: 0.4540  data: 0.1655  max mem: 0
  [ 50/171]  eta: 0:00:58    time: 0.5226  data: 0.2345  max mem: 0
  [100/171]  eta: 0:00:34    time: 0.4736  data: 0.1854  max mem: 0
  [150/171]  eta: 0:00:10    time: 0.5679  data: 0.2797  max mem: 0
  [170/171]  eta: 0:00:00    time: 0.5686  data: 0.2804  max mem: 0
 Total time: 0:01:27 (0.5146 s / it)
SDR= 1.8632770672978463
Epoch: [186]  [  0/114]  eta: 0:07:21  lr: 0.000100  loss: 0.7434 (0.7434)  time: 3.8753  data: 1.6197  max mem: 0
Epoch: [186]  [ 50/114]  eta: 0:04:12  lr: 0.000100  loss: 0.7174 (3.4958)  time: 3.9406  data: 1.6868  max mem: 0
Epoch: [186]  [100/114]  eta: 0:00:55  lr: 0.000100  loss: 5.4940 (3.6157)  time: 3.9964  data: 1.7424  max mem: 0
Epoch: [186]  [113/114]  eta: 0:00:03  lr: 0.000100  loss: 14.7514 (3.8255)  time: 3.9035  data: 1.6645  max mem: 0
Epoch: [186] Total time: 0:07:31 (3.9571 s / it)
  [  0/171]  eta: 0:01:19    time: 0.4677  data: 0.1792  max mem: 0
  [ 50/171]  eta: 0:00:58    time: 0.5175  data: 0.2295  max mem: 0
  [100/171]  eta: 0:00:34    time: 0.4546  data: 0.1666  max mem: 0
  [150/171]  eta: 0:00:10    time: 0.5460  data: 0.2579  max mem: 0
  [170/171]  eta: 0:00:00    time: 0.5497  data: 0.2618  max mem: 0
 Total time: 0:01:26 (0.5075 s / it)
SDR= 1.8686179037133872
Epoch: [187]  [  0/114]  eta: 0:07:12  lr: 0.000100  loss: 0.6872 (0.6872)  time: 3.7973  data: 1.5442  max mem: 0
Epoch: [187]  [ 50/114]  eta: 0:04:16  lr: 0.000100  loss: 0.7533 (3.2715)  time: 4.0051  data: 1.7507  max mem: 0
Epoch: [187]  [100/114]  eta: 0:00:56  lr: 0.000100  loss: 0.7334 (3.7134)  time: 3.9924  data: 1.7387  max mem: 0
Epoch: [187]  [113/114]  eta: 0:00:04  lr: 0.000100  loss: 0.9508 (3.8053)  time: 4.0390  data: 1.7990  max mem: 0
Epoch: [187] Total time: 0:07:37 (4.0122 s / it)
  [  0/171]  eta: 0:01:18    time: 0.4608  data: 0.1724  max mem: 0
  [ 50/171]  eta: 0:01:00    time: 0.5376  data: 0.2494  max mem: 0
  [100/171]  eta: 0:00:34    time: 0.4574  data: 0.1693  max mem: 0
  [150/171]  eta: 0:00:10    time: 0.5426  data: 0.2546  max mem: 0
  [170/171]  eta: 0:00:00    time: 0.5498  data: 0.2618  max mem: 0
 Total time: 0:01:27 (0.5146 s / it)
SDR= 1.8683521024118972
Epoch: [188]  [  0/114]  eta: 0:07:39  lr: 0.000100  loss: 0.8387 (0.8387)  time: 4.0264  data: 1.7726  max mem: 0
Epoch: [188]  [ 50/114]  eta: 0:04:15  lr: 0.000100  loss: 18.4073 (3.7907)  time: 3.9756  data: 1.7219  max mem: 0
Epoch: [188]  [100/114]  eta: 0:00:55  lr: 0.000100  loss: 5.6391 (3.1793)  time: 4.0494  data: 1.7948  max mem: 0
Epoch: [188]  [113/114]  eta: 0:00:03  lr: 0.000100  loss: 11.5080 (3.7883)  time: 3.9926  data: 1.7517  max mem: 0
Epoch: [188] Total time: 0:07:35 (3.9944 s / it)
  [  0/171]  eta: 0:01:17    time: 0.4533  data: 0.1649  max mem: 0
  [ 50/171]  eta: 0:00:58    time: 0.5208  data: 0.2328  max mem: 0
  [100/171]  eta: 0:00:34    time: 0.4622  data: 0.1741  max mem: 0
  [150/171]  eta: 0:00:10    time: 0.5619  data: 0.2738  max mem: 0
  [170/171]  eta: 0:00:00    time: 0.5333  data: 0.2452  max mem: 0
 Total time: 0:01:27 (0.5111 s / it)
SDR= 1.866988360264094
Epoch: [189]  [  0/114]  eta: 0:07:20  lr: 0.000100  loss: 12.5644 (12.5644)  time: 3.8631  data: 1.6098  max mem: 0
Epoch: [189]  [ 50/114]  eta: 0:04:14  lr: 0.000100  loss: 0.6994 (3.0439)  time: 4.0378  data: 1.7844  max mem: 0
Epoch: [189]  [100/114]  eta: 0:00:55  lr: 0.000100  loss: 6.3681 (3.9354)  time: 4.0601  data: 1.8065  max mem: 0
Epoch: [189]  [113/114]  eta: 0:00:03  lr: 0.000100  loss: 0.7123 (3.8018)  time: 3.9505  data: 1.7117  max mem: 0
Epoch: [189] Total time: 0:07:34 (3.9871 s / it)
  [  0/171]  eta: 0:01:22    time: 0.4841  data: 0.1956  max mem: 0
  [ 50/171]  eta: 0:01:00    time: 0.5272  data: 0.2391  max mem: 0
  [100/171]  eta: 0:00:34    time: 0.4626  data: 0.1744  max mem: 0
  [150/171]  eta: 0:00:10    time: 0.5589  data: 0.2707  max mem: 0
  [170/171]  eta: 0:00:00    time: 0.5366  data: 0.2485  max mem: 0
 Total time: 0:01:27 (0.5123 s / it)
SDR= 1.867617407167519
Epoch: [190]  [  0/114]  eta: 0:07:43  lr: 0.000100  loss: 0.6099 (0.6099)  time: 4.0671  data: 1.8106  max mem: 0
Epoch: [190]  [ 50/114]  eta: 0:04:16  lr: 0.000100  loss: 0.6221 (4.4768)  time: 4.0596  data: 1.8063  max mem: 0
Epoch: [190]  [100/114]  eta: 0:00:55  lr: 0.000100  loss: 3.1323 (4.0747)  time: 3.9895  data: 1.7347  max mem: 0
Epoch: [190]  [113/114]  eta: 0:00:03  lr: 0.000100  loss: 0.6107 (3.7543)  time: 4.0146  data: 1.7747  max mem: 0
Epoch: [190] Total time: 0:07:35 (3.9914 s / it)
  [  0/171]  eta: 0:01:17    time: 0.4539  data: 0.1655  max mem: 0
  [ 50/171]  eta: 0:00:59    time: 0.5150  data: 0.2270  max mem: 0
  [100/171]  eta: 0:00:34    time: 0.4691  data: 0.1811  max mem: 0
  [150/171]  eta: 0:00:10    time: 0.5438  data: 0.2557  max mem: 0
  [170/171]  eta: 0:00:00    time: 0.5675  data: 0.2794  max mem: 0
 Total time: 0:01:27 (0.5129 s / it)
SDR= 1.8686311407348861
Epoch: [191]  [  0/114]  eta: 0:07:35  lr: 0.000100  loss: 8.2679 (8.2679)  time: 3.9933  data: 1.7400  max mem: 0
Epoch: [191]  [ 50/114]  eta: 0:04:19  lr: 0.000100  loss: 0.6098 (3.9689)  time: 4.0386  data: 1.7851  max mem: 0
Epoch: [191]  [100/114]  eta: 0:00:55  lr: 0.000100  loss: 0.6674 (3.7990)  time: 3.8477  data: 1.5949  max mem: 0
Epoch: [191]  [113/114]  eta: 0:00:03  lr: 0.000100  loss: 0.8186 (3.7815)  time: 3.8620  data: 1.6236  max mem: 0
Epoch: [191] Total time: 0:07:32 (3.9722 s / it)
  [  0/171]  eta: 0:01:18    time: 0.4592  data: 0.1709  max mem: 0
  [ 50/171]  eta: 0:01:00    time: 0.5231  data: 0.2349  max mem: 0
  [100/171]  eta: 0:00:34    time: 0.4561  data: 0.1680  max mem: 0
  [150/171]  eta: 0:00:10    time: 0.5369  data: 0.2489  max mem: 0
  [170/171]  eta: 0:00:00    time: 0.5417  data: 0.2537  max mem: 0
 Total time: 0:01:27 (0.5098 s / it)
SDR= 1.8688988215057012
Epoch: [192]  [  0/114]  eta: 0:07:15  lr: 0.000100  loss: 8.9577 (8.9577)  time: 3.8159  data: 1.5629  max mem: 0
Epoch: [192]  [ 50/114]  eta: 0:04:13  lr: 0.000100  loss: 6.8138 (4.4714)  time: 3.9765  data: 1.7227  max mem: 0
Epoch: [192]  [100/114]  eta: 0:00:55  lr: 0.000100  loss: 0.5871 (3.8800)  time: 3.9779  data: 1.7247  max mem: 0
Epoch: [192]  [113/114]  eta: 0:00:03  lr: 0.000100  loss: 22.2012 (3.7746)  time: 4.0117  data: 1.7729  max mem: 0
Epoch: [192] Total time: 0:07:33 (3.9817 s / it)
  [  0/171]  eta: 0:01:23    time: 0.4877  data: 0.1992  max mem: 0
  [ 50/171]  eta: 0:00:58    time: 0.5226  data: 0.2346  max mem: 0
  [100/171]  eta: 0:00:34    time: 0.4710  data: 0.1830  max mem: 0
  [150/171]  eta: 0:00:10    time: 0.5513  data: 0.2632  max mem: 0
  [170/171]  eta: 0:00:00    time: 0.5378  data: 0.2496  max mem: 0
 Total time: 0:01:27 (0.5142 s / it)
SDR= 1.8688373460957803
Epoch: [193]  [  0/114]  eta: 0:07:16  lr: 0.000100  loss: 0.6912 (0.6912)  time: 3.8276  data: 1.5742  max mem: 0
Epoch: [193]  [ 50/114]  eta: 0:04:15  lr: 0.000100  loss: 0.6630 (4.2814)  time: 4.0492  data: 1.7945  max mem: 0
Epoch: [193]  [100/114]  eta: 0:00:55  lr: 0.000100  loss: 14.3032 (3.9525)  time: 3.9541  data: 1.7006  max mem: 0
Epoch: [193]  [113/114]  eta: 0:00:03  lr: 0.000100  loss: 0.6927 (3.7590)  time: 3.9632  data: 1.7235  max mem: 0
Epoch: [193] Total time: 0:07:32 (3.9705 s / it)
  [  0/171]  eta: 0:01:18    time: 0.4565  data: 0.1680  max mem: 0
  [ 50/171]  eta: 0:01:00    time: 0.5320  data: 0.2439  max mem: 0
  [100/171]  eta: 0:00:34    time: 0.4634  data: 0.1753  max mem: 0
  [150/171]  eta: 0:00:10    time: 0.5342  data: 0.2462  max mem: 0
  [170/171]  eta: 0:00:00    time: 0.5346  data: 0.2467  max mem: 0
 Total time: 0:01:27 (0.5104 s / it)
SDR= 1.8704154931563313
Epoch: [194]  [  0/114]  eta: 0:07:50  lr: 0.000100  loss: 0.7654 (0.7654)  time: 4.1313  data: 1.8787  max mem: 0
Epoch: [194]  [ 50/114]  eta: 0:04:14  lr: 0.000100  loss: 0.7029 (4.5628)  time: 3.9525  data: 1.6992  max mem: 0
Epoch: [194]  [100/114]  eta: 0:00:55  lr: 0.000100  loss: 0.7407 (3.9677)  time: 3.8856  data: 1.6324  max mem: 0
Epoch: [194]  [113/114]  eta: 0:00:03  lr: 0.000100  loss: 0.6146 (3.7526)  time: 3.9163  data: 1.6778  max mem: 0
Epoch: [194] Total time: 0:07:29 (3.9417 s / it)
  [  0/171]  eta: 0:01:17    time: 0.4555  data: 0.1674  max mem: 0
  [ 50/171]  eta: 0:00:58    time: 0.5181  data: 0.2301  max mem: 0
  [100/171]  eta: 0:00:33    time: 0.4569  data: 0.1689  max mem: 0
  [150/171]  eta: 0:00:10    time: 0.5326  data: 0.2447  max mem: 0
  [170/171]  eta: 0:00:00    time: 0.5493  data: 0.2613  max mem: 0
 Total time: 0:01:26 (0.5051 s / it)
SDR= 1.8727839957230232
Epoch: [195]  [  0/114]  eta: 0:07:33  lr: 0.000100  loss: 0.6698 (0.6698)  time: 3.9778  data: 1.7229  max mem: 0
Epoch: [195]  [ 50/114]  eta: 0:04:14  lr: 0.000100  loss: 1.8527 (3.5797)  time: 4.0244  data: 1.7706  max mem: 0
Epoch: [195]  [100/114]  eta: 0:00:55  lr: 0.000100  loss: 7.7795 (3.9377)  time: 3.9799  data: 1.7262  max mem: 0
Epoch: [195]  [113/114]  eta: 0:00:03  lr: 0.000100  loss: 0.6088 (3.7676)  time: 3.9245  data: 1.6852  max mem: 0
Epoch: [195] Total time: 0:07:34 (3.9871 s / it)
  [  0/171]  eta: 0:01:18    time: 0.4584  data: 0.1701  max mem: 0
  [ 50/171]  eta: 0:00:58    time: 0.5204  data: 0.2324  max mem: 0
  [100/171]  eta: 0:00:34    time: 0.4578  data: 0.1696  max mem: 0
  [150/171]  eta: 0:00:10    time: 0.5335  data: 0.2456  max mem: 0
  [170/171]  eta: 0:00:00    time: 0.5347  data: 0.2467  max mem: 0
 Total time: 0:01:26 (0.5047 s / it)
SDR= 1.8716890321140998
Epoch: [196]  [  0/114]  eta: 0:07:18  lr: 0.000100  loss: 0.5980 (0.5980)  time: 3.8467  data: 1.5936  max mem: 0
Epoch: [196]  [ 50/114]  eta: 0:04:13  lr: 0.000100  loss: 0.6226 (3.8553)  time: 3.9718  data: 1.7185  max mem: 0
Epoch: [196]  [100/114]  eta: 0:00:55  lr: 0.000100  loss: 0.5941 (3.5256)  time: 4.0167  data: 1.7634  max mem: 0
Epoch: [196]  [113/114]  eta: 0:00:03  lr: 0.000100  loss: 0.5992 (3.7253)  time: 3.9946  data: 1.7558  max mem: 0
Epoch: [196] Total time: 0:07:34 (3.9904 s / it)
  [  0/171]  eta: 0:01:21    time: 0.4794  data: 0.1911  max mem: 0
  [ 50/171]  eta: 0:01:01    time: 0.5705  data: 0.2821  max mem: 0
  [100/171]  eta: 0:00:35    time: 0.4699  data: 0.1819  max mem: 0
  [150/171]  eta: 0:00:10    time: 0.5497  data: 0.2615  max mem: 0
  [170/171]  eta: 0:00:00    time: 0.5452  data: 0.2572  max mem: 0
 Total time: 0:01:28 (0.5163 s / it)
SDR= 1.8734200010343263
Epoch: [197]  [  0/114]  eta: 0:07:59  lr: 0.000100  loss: 4.8755 (4.8755)  time: 4.2079  data: 1.9526  max mem: 0
Epoch: [197]  [ 50/114]  eta: 0:04:13  lr: 0.000100  loss: 12.5605 (4.8524)  time: 3.9338  data: 1.6806  max mem: 0
Epoch: [197]  [100/114]  eta: 0:00:55  lr: 0.000100  loss: 5.4296 (3.6774)  time: 4.0257  data: 1.7725  max mem: 0
Epoch: [197]  [113/114]  eta: 0:00:03  lr: 0.000100  loss: 0.6427 (3.7391)  time: 3.9894  data: 1.7502  max mem: 0
Epoch: [197] Total time: 0:07:32 (3.9660 s / it)
  [  0/171]  eta: 0:01:22    time: 0.4831  data: 0.1947  max mem: 0
  [ 50/171]  eta: 0:01:00    time: 0.5272  data: 0.2392  max mem: 0
  [100/171]  eta: 0:00:34    time: 0.4570  data: 0.1689  max mem: 0
  [150/171]  eta: 0:00:10    time: 0.5330  data: 0.2451  max mem: 0
  [170/171]  eta: 0:00:00    time: 0.5318  data: 0.2438  max mem: 0
 Total time: 0:01:27 (0.5089 s / it)
SDR= 1.8705844802283502
Epoch: [198]  [  0/114]  eta: 0:07:21  lr: 0.000100  loss: 0.6448 (0.6448)  time: 3.8751  data: 1.6214  max mem: 0
Epoch: [198]  [ 50/114]  eta: 0:04:10  lr: 0.000100  loss: 8.6919 (4.0257)  time: 3.9009  data: 1.6474  max mem: 0
Epoch: [198]  [100/114]  eta: 0:00:55  lr: 0.000100  loss: 13.3204 (3.7931)  time: 3.9633  data: 1.7097  max mem: 0
Epoch: [198]  [113/114]  eta: 0:00:03  lr: 0.000100  loss: 6.4761 (3.7448)  time: 3.9519  data: 1.7126  max mem: 0
Epoch: [198] Total time: 0:07:28 (3.9308 s / it)
  [  0/171]  eta: 0:01:17    time: 0.4557  data: 0.1674  max mem: 0
  [ 50/171]  eta: 0:00:58    time: 0.5191  data: 0.2311  max mem: 0
  [100/171]  eta: 0:00:34    time: 0.4568  data: 0.1687  max mem: 0
  [150/171]  eta: 0:00:10    time: 0.5340  data: 0.2460  max mem: 0
  [170/171]  eta: 0:00:00    time: 0.5314  data: 0.2434  max mem: 0
 Total time: 0:01:25 (0.5021 s / it)
SDR= 1.8703893515592889
Epoch: [199]  [  0/114]  eta: 0:07:16  lr: 0.000100  loss: 10.5629 (10.5629)  time: 3.8255  data: 1.5724  max mem: 0
Epoch: [199]  [ 50/114]  eta: 0:04:12  lr: 0.000100  loss: 0.6439 (4.0013)  time: 3.9340  data: 1.6807  max mem: 0
Epoch: [199]  [100/114]  eta: 0:00:55  lr: 0.000100  loss: 19.5231 (3.7898)  time: 3.9451  data: 1.6917  max mem: 0
Epoch: [199]  [113/114]  eta: 0:00:03  lr: 0.000100  loss: 0.6448 (3.7641)  time: 3.9309  data: 1.6917  max mem: 0
Epoch: [199] Total time: 0:07:30 (3.9512 s / it)
  [  0/171]  eta: 0:01:21    time: 0.4790  data: 0.1906  max mem: 0
  [ 50/171]  eta: 0:00:59    time: 0.5207  data: 0.2327  max mem: 0
  [100/171]  eta: 0:00:34    time: 0.4644  data: 0.1763  max mem: 0
  [150/171]  eta: 0:00:10    time: 0.5664  data: 0.2782  max mem: 0
  [170/171]  eta: 0:00:00    time: 0.5699  data: 0.2816  max mem: 0
 Total time: 0:01:29 (0.5244 s / it)
SDR= 1.863070515044642
Epoch: [200]  [  0/114]  eta: 0:07:41  lr: 0.000010  loss: 0.7531 (0.7531)  time: 4.0465  data: 1.7932  max mem: 0
Epoch: [200]  [ 50/114]  eta: 0:04:19  lr: 0.000010  loss: 0.6813 (3.1813)  time: 4.0734  data: 1.8197  max mem: 0
Epoch: [200]  [100/114]  eta: 0:00:56  lr: 0.000010  loss: 0.5969 (3.4217)  time: 4.1626  data: 1.9063  max mem: 0
Epoch: [200]  [113/114]  eta: 0:00:04  lr: 0.000010  loss: 10.9191 (3.5744)  time: 4.1083  data: 1.8683  max mem: 0
Epoch: [200] Total time: 0:07:42 (4.0574 s / it)
  [  0/171]  eta: 0:01:20    time: 0.4712  data: 0.1821  max mem: 0
  [ 50/171]  eta: 0:01:00    time: 0.5404  data: 0.2520  max mem: 0
  [100/171]  eta: 0:00:35    time: 0.4818  data: 0.1935  max mem: 0
  [150/171]  eta: 0:00:10    time: 0.5623  data: 0.2740  max mem: 0
  [170/171]  eta: 0:00:00    time: 0.5570  data: 0.2687  max mem: 0
 Total time: 0:01:29 (0.5231 s / it)
SDR= 1.8688554052257167
Epoch: [201]  [  0/114]  eta: 0:07:57  lr: 0.000010  loss: 0.5181 (0.5181)  time: 4.1875  data: 1.9342  max mem: 0
Epoch: [201]  [ 50/114]  eta: 0:04:28  lr: 0.000010  loss: 0.5365 (4.1035)  time: 4.2437  data: 1.9881  max mem: 0
Epoch: [201]  [100/114]  eta: 0:00:57  lr: 0.000010  loss: 7.3636 (3.5058)  time: 4.0357  data: 1.7821  max mem: 0
Epoch: [201]  [113/114]  eta: 0:00:04  lr: 0.000010  loss: 0.5666 (3.5356)  time: 4.0146  data: 1.7756  max mem: 0
Epoch: [201] Total time: 0:07:48 (4.1082 s / it)
  [  0/171]  eta: 0:01:22    time: 0.4854  data: 0.1966  max mem: 0
  [ 50/171]  eta: 0:01:00    time: 0.5375  data: 0.2493  max mem: 0
  [100/171]  eta: 0:00:34    time: 0.4652  data: 0.1772  max mem: 0
  [150/171]  eta: 0:00:10    time: 0.5429  data: 0.2549  max mem: 0
  [170/171]  eta: 0:00:00    time: 0.5823  data: 0.2941  max mem: 0
 Total time: 0:01:28 (0.5200 s / it)
SDR= 1.8701730260999947
Epoch: [202]  [  0/114]  eta: 0:08:11  lr: 0.000010  loss: 0.5373 (0.5373)  time: 4.3081  data: 2.0537  max mem: 0
Epoch: [202]  [ 50/114]  eta: 0:04:21  lr: 0.000010  loss: 0.5848 (2.8830)  time: 4.1139  data: 1.8601  max mem: 0
Epoch: [202]  [100/114]  eta: 0:00:57  lr: 0.000010  loss: 0.5785 (3.5609)  time: 4.1229  data: 1.8685  max mem: 0
Epoch: [202]  [113/114]  eta: 0:00:04  lr: 0.000010  loss: 8.6551 (3.5449)  time: 4.0811  data: 1.8416  max mem: 0
Epoch: [202] Total time: 0:07:47 (4.1047 s / it)
  [  0/171]  eta: 0:01:23    time: 0.4907  data: 0.2020  max mem: 0
  [ 50/171]  eta: 0:01:00    time: 0.5512  data: 0.2631  max mem: 0
  [100/171]  eta: 0:00:35    time: 0.4576  data: 0.1696  max mem: 0
  [150/171]  eta: 0:00:10    time: 0.5449  data: 0.2568  max mem: 0
  [170/171]  eta: 0:00:00    time: 0.5710  data: 0.2828  max mem: 0
 Total time: 0:01:29 (0.5207 s / it)
SDR= 1.8692804372147012
Epoch: [203]  [  0/114]  eta: 0:07:25  lr: 0.000010  loss: 5.2846 (5.2846)  time: 3.9117  data: 1.6584  max mem: 0
Epoch: [203]  [ 50/114]  eta: 0:04:23  lr: 0.000010  loss: 0.5357 (2.9818)  time: 4.0867  data: 1.8326  max mem: 0
Epoch: [203]  [100/114]  eta: 0:00:57  lr: 0.000010  loss: 12.3595 (3.4702)  time: 4.0337  data: 1.7801  max mem: 0
Epoch: [203]  [113/114]  eta: 0:00:04  lr: 0.000010  loss: 0.5908 (3.5271)  time: 4.0594  data: 1.8204  max mem: 0
Epoch: [203] Total time: 0:07:45 (4.0869 s / it)
  [  0/171]  eta: 0:01:18    time: 0.4602  data: 0.1718  max mem: 0
  [ 50/171]  eta: 0:01:00    time: 0.5555  data: 0.2674  max mem: 0
  [100/171]  eta: 0:00:35    time: 0.4719  data: 0.1839  max mem: 0
  [150/171]  eta: 0:00:10    time: 0.5656  data: 0.2773  max mem: 0
  [170/171]  eta: 0:00:00    time: 0.5344  data: 0.2463  max mem: 0
 Total time: 0:01:28 (0.5202 s / it)
SDR= 1.8709014397318129
Epoch: [204]  [  0/114]  eta: 0:07:46  lr: 0.000010  loss: 7.2240 (7.2240)  time: 4.0957  data: 1.8414  max mem: 0
Epoch: [204]  [ 50/114]  eta: 0:04:15  lr: 0.000010  loss: 7.0506 (2.9564)  time: 4.0017  data: 1.7478  max mem: 0
Epoch: [204]  [100/114]  eta: 0:00:56  lr: 0.000010  loss: 11.4887 (3.2419)  time: 4.1025  data: 1.8477  max mem: 0
Epoch: [204]  [113/114]  eta: 0:00:04  lr: 0.000010  loss: 7.0292 (3.5292)  time: 4.1001  data: 1.8589  max mem: 0
Epoch: [204] Total time: 0:07:39 (4.0348 s / it)
  [  0/171]  eta: 0:01:18    time: 0.4600  data: 0.1716  max mem: 0
  [ 50/171]  eta: 0:01:00    time: 0.5421  data: 0.2540  max mem: 0
  [100/171]  eta: 0:00:35    time: 0.4842  data: 0.1959  max mem: 0
  [150/171]  eta: 0:00:10    time: 0.5706  data: 0.2824  max mem: 0
  [170/171]  eta: 0:00:00    time: 0.5770  data: 0.2888  max mem: 0
 Total time: 0:01:30 (0.5268 s / it)
SDR= 1.8682676607978745
Epoch: [205]  [  0/114]  eta: 0:07:46  lr: 0.000010  loss: 0.6035 (0.6035)  time: 4.0949  data: 1.8411  max mem: 0
Epoch: [205]  [ 50/114]  eta: 0:04:21  lr: 0.000010  loss: 12.9078 (3.4486)  time: 4.0808  data: 1.8264  max mem: 0
Epoch: [205]  [100/114]  eta: 0:00:57  lr: 0.000010  loss: 0.6669 (3.3098)  time: 4.1192  data: 1.8643  max mem: 0
Epoch: [205]  [113/114]  eta: 0:00:04  lr: 0.000010  loss: 0.5533 (3.5274)  time: 4.1431  data: 1.9021  max mem: 0
Epoch: [205] Total time: 0:07:47 (4.0984 s / it)
  [  0/171]  eta: 0:01:20    time: 0.4689  data: 0.1803  max mem: 0
  [ 50/171]  eta: 0:01:00    time: 0.5402  data: 0.2520  max mem: 0
  [100/171]  eta: 0:00:35    time: 0.4867  data: 0.1985  max mem: 0
  [150/171]  eta: 0:00:11    time: 0.5805  data: 0.2920  max mem: 0
  [170/171]  eta: 0:00:00    time: 0.5590  data: 0.2708  max mem: 0
 Total time: 0:01:31 (0.5351 s / it)
SDR= 1.8700238513142138
Epoch: [206]  [  0/114]  eta: 0:07:33  lr: 0.000010  loss: 15.2301 (15.2301)  time: 3.9740  data: 1.7175  max mem: 0
Epoch: [206]  [ 50/114]  eta: 0:04:23  lr: 0.000010  loss: 0.4946 (3.4534)  time: 4.1372  data: 1.8821  max mem: 0
Epoch: [206]  [100/114]  eta: 0:00:57  lr: 0.000010  loss: 15.9005 (3.2861)  time: 4.1855  data: 1.9298  max mem: 0
Epoch: [206]  [113/114]  eta: 0:00:04  lr: 0.000010  loss: 14.3018 (3.5382)  time: 4.0809  data: 1.8402  max mem: 0
Epoch: [206] Total time: 0:07:49 (4.1151 s / it)
  [  0/171]  eta: 0:01:19    time: 0.4620  data: 0.1739  max mem: 0
  [ 50/171]  eta: 0:00:58    time: 0.5167  data: 0.2287  max mem: 0
  [100/171]  eta: 0:00:34    time: 0.4531  data: 0.1651  max mem: 0
  [150/171]  eta: 0:00:10    time: 0.5295  data: 0.2416  max mem: 0
  [170/171]  eta: 0:00:00    time: 0.5484  data: 0.2604  max mem: 0
 Total time: 0:01:25 (0.5027 s / it)
SDR= 1.8687028027299553
Epoch: [207]  [  0/114]  eta: 0:07:32  lr: 0.000010  loss: 9.0005 (9.0005)  time: 3.9695  data: 1.7164  max mem: 0
Epoch: [207]  [ 50/114]  eta: 0:04:10  lr: 0.000010  loss: 6.1798 (4.1051)  time: 3.9413  data: 1.6877  max mem: 0
Epoch: [207]  [100/114]  eta: 0:00:54  lr: 0.000010  loss: 0.5241 (3.6689)  time: 3.9474  data: 1.6940  max mem: 0
Epoch: [207]  [113/114]  eta: 0:00:03  lr: 0.000010  loss: 9.7949 (3.5280)  time: 3.9185  data: 1.6793  max mem: 0
Epoch: [207] Total time: 0:07:26 (3.9134 s / it)
  [  0/171]  eta: 0:01:19    time: 0.4676  data: 0.1794  max mem: 0
  [ 50/171]  eta: 0:00:58    time: 0.5169  data: 0.2289  max mem: 0
  [100/171]  eta: 0:00:33    time: 0.4565  data: 0.1685  max mem: 0
  [150/171]  eta: 0:00:10    time: 0.5312  data: 0.2432  max mem: 0
  [170/171]  eta: 0:00:00    time: 0.5317  data: 0.2438  max mem: 0
 Total time: 0:01:25 (0.4997 s / it)
SDR= 1.8707301589593748
Epoch: [208]  [  0/114]  eta: 0:07:35  lr: 0.000010  loss: 0.5810 (0.5810)  time: 3.9938  data: 1.7398  max mem: 0
Epoch: [208]  [ 50/114]  eta: 0:04:12  lr: 0.000010  loss: 1.4817 (2.9762)  time: 3.9949  data: 1.7401  max mem: 0
Epoch: [208]  [100/114]  eta: 0:00:54  lr: 0.000010  loss: 0.6333 (3.7258)  time: 3.8816  data: 1.6282  max mem: 0
Epoch: [208]  [113/114]  eta: 0:00:03  lr: 0.000010  loss: 0.7231 (3.5278)  time: 3.9628  data: 1.7235  max mem: 0
Epoch: [208] Total time: 0:07:27 (3.9293 s / it)
  [  0/171]  eta: 0:01:17    time: 0.4509  data: 0.1628  max mem: 0
  [ 50/171]  eta: 0:00:57    time: 0.5140  data: 0.2261  max mem: 0
  [100/171]  eta: 0:00:33    time: 0.4515  data: 0.1635  max mem: 0
  [150/171]  eta: 0:00:10    time: 0.5341  data: 0.2461  max mem: 0
  [170/171]  eta: 0:00:00    time: 0.5297  data: 0.2418  max mem: 0
 Total time: 0:01:25 (0.5017 s / it)
SDR= 1.8702293421297396
Epoch: [209]  [  0/114]  eta: 0:08:09  lr: 0.000010  loss: 0.5948 (0.5948)  time: 4.2961  data: 2.0431  max mem: 0
Epoch: [209]  [ 50/114]  eta: 0:04:11  lr: 0.000010  loss: 0.5478 (2.2227)  time: 3.8829  data: 1.6295  max mem: 0
Epoch: [209]  [100/114]  eta: 0:00:54  lr: 0.000010  loss: 0.5536 (3.1444)  time: 3.9394  data: 1.6861  max mem: 0
Epoch: [209]  [113/114]  eta: 0:00:03  lr: 0.000010  loss: 0.5254 (3.5165)  time: 3.8829  data: 1.6441  max mem: 0
Epoch: [209] Total time: 0:07:26 (3.9141 s / it)
  [  0/171]  eta: 0:01:17    time: 0.4510  data: 0.1627  max mem: 0
  [ 50/171]  eta: 0:00:58    time: 0.5195  data: 0.2315  max mem: 0
  [100/171]  eta: 0:00:33    time: 0.4531  data: 0.1652  max mem: 0
  [150/171]  eta: 0:00:10    time: 0.5293  data: 0.2413  max mem: 0
  [170/171]  eta: 0:00:00    time: 0.5305  data: 0.2425  max mem: 0
 Total time: 0:01:25 (0.5001 s / it)
SDR= 1.8716487228044565
Epoch: [210]  [  0/114]  eta: 0:07:28  lr: 0.000010  loss: 0.5332 (0.5332)  time: 3.9351  data: 1.6811  max mem: 0
Epoch: [210]  [ 50/114]  eta: 0:04:10  lr: 0.000010  loss: 5.6284 (3.3409)  time: 3.9209  data: 1.6676  max mem: 0
Epoch: [210]  [100/114]  eta: 0:00:54  lr: 0.000010  loss: 0.5322 (3.4230)  time: 3.9098  data: 1.6566  max mem: 0
Epoch: [210]  [113/114]  eta: 0:00:03  lr: 0.000010  loss: 0.5019 (3.5178)  time: 3.9131  data: 1.6741  max mem: 0
Epoch: [210] Total time: 0:07:26 (3.9173 s / it)
  [  0/171]  eta: 0:01:17    time: 0.4541  data: 0.1658  max mem: 0
  [ 50/171]  eta: 0:00:58    time: 0.5301  data: 0.2421  max mem: 0
  [100/171]  eta: 0:00:33    time: 0.4519  data: 0.1640  max mem: 0
  [150/171]  eta: 0:00:10    time: 0.5464  data: 0.2582  max mem: 0
  [170/171]  eta: 0:00:00    time: 0.5323  data: 0.2443  max mem: 0
 Total time: 0:01:26 (0.5030 s / it)
SDR= 1.870379460189648
Epoch: [211]  [  0/114]  eta: 0:07:55  lr: 0.000010  loss: 0.5228 (0.5228)  time: 4.1727  data: 1.9192  max mem: 0
Epoch: [211]  [ 50/114]  eta: 0:04:10  lr: 0.000010  loss: 0.5235 (2.8413)  time: 3.8834  data: 1.6298  max mem: 0
Epoch: [211]  [100/114]  eta: 0:00:54  lr: 0.000010  loss: 14.2030 (3.2058)  time: 3.9258  data: 1.6724  max mem: 0
Epoch: [211]  [113/114]  eta: 0:00:03  lr: 0.000010  loss: 0.4764 (3.5096)  time: 3.8946  data: 1.6557  max mem: 0
Epoch: [211] Total time: 0:07:26 (3.9149 s / it)
  [  0/171]  eta: 0:01:20    time: 0.4700  data: 0.1815  max mem: 0
  [ 50/171]  eta: 0:00:58    time: 0.5158  data: 0.2278  max mem: 0
  [100/171]  eta: 0:00:34    time: 0.4548  data: 0.1668  max mem: 0
  [150/171]  eta: 0:00:10    time: 0.5327  data: 0.2445  max mem: 0
  [170/171]  eta: 0:00:00    time: 0.5477  data: 0.2597  max mem: 0
 Total time: 0:01:26 (0.5046 s / it)
SDR= 1.872065914241087
Epoch: [212]  [  0/114]  eta: 0:07:21  lr: 0.000010  loss: 0.4716 (0.4716)  time: 3.8743  data: 1.6198  max mem: 0
Epoch: [212]  [ 50/114]  eta: 0:04:09  lr: 0.000010  loss: 10.0646 (3.6521)  time: 3.8696  data: 1.6165  max mem: 0
Epoch: [212]  [100/114]  eta: 0:00:54  lr: 0.000010  loss: 0.5626 (3.6574)  time: 3.8708  data: 1.6176  max mem: 0
Epoch: [212]  [113/114]  eta: 0:00:03  lr: 0.000010  loss: 0.5281 (3.5123)  time: 3.8528  data: 1.6138  max mem: 0
Epoch: [212] Total time: 0:07:26 (3.9139 s / it)
  [  0/171]  eta: 0:01:17    time: 0.4521  data: 0.1638  max mem: 0
  [ 50/171]  eta: 0:00:57    time: 0.5144  data: 0.2264  max mem: 0
  [100/171]  eta: 0:00:33    time: 0.4526  data: 0.1646  max mem: 0
  [150/171]  eta: 0:00:10    time: 0.5306  data: 0.2426  max mem: 0
  [170/171]  eta: 0:00:00    time: 0.5301  data: 0.2421  max mem: 0
 Total time: 0:01:25 (0.4975 s / it)
SDR= 1.8708864105032685
Epoch: [213]  [  0/114]  eta: 0:07:34  lr: 0.000010  loss: 0.5260 (0.5260)  time: 3.9847  data: 1.7318  max mem: 0
Epoch: [213]  [ 50/114]  eta: 0:04:11  lr: 0.000010  loss: 0.5842 (4.0336)  time: 3.9705  data: 1.7173  max mem: 0
Epoch: [213]  [100/114]  eta: 0:00:54  lr: 0.000010  loss: 0.5319 (3.7137)  time: 3.9346  data: 1.6816  max mem: 0
Epoch: [213]  [113/114]  eta: 0:00:03  lr: 0.000010  loss: 0.5228 (3.5062)  time: 3.8797  data: 1.6407  max mem: 0
Epoch: [213] Total time: 0:07:24 (3.8990 s / it)
  [  0/171]  eta: 0:01:18    time: 0.4568  data: 0.1685  max mem: 0
  [ 50/171]  eta: 0:00:58    time: 0.5241  data: 0.2358  max mem: 0
  [100/171]  eta: 0:00:33    time: 0.4527  data: 0.1647  max mem: 0
  [150/171]  eta: 0:00:10    time: 0.5312  data: 0.2431  max mem: 0
  [170/171]  eta: 0:00:00    time: 0.5302  data: 0.2422  max mem: 0
 Total time: 0:01:25 (0.4991 s / it)
SDR= 1.8711337583132297
Epoch: [214]  [  0/114]  eta: 0:07:32  lr: 0.000010  loss: 4.8677 (4.8677)  time: 3.9730  data: 1.7195  max mem: 0
Epoch: [214]  [ 50/114]  eta: 0:04:08  lr: 0.000010  loss: 0.5171 (3.2924)  time: 3.8607  data: 1.6076  max mem: 0
Epoch: [214]  [100/114]  eta: 0:00:54  lr: 0.000010  loss: 0.5064 (3.3630)  time: 3.9192  data: 1.6655  max mem: 0
Epoch: [214]  [113/114]  eta: 0:00:03  lr: 0.000010  loss: 17.3779 (3.5275)  time: 3.8867  data: 1.6476  max mem: 0
Epoch: [214] Total time: 0:07:23 (3.8944 s / it)
  [  0/171]  eta: 0:01:18    time: 0.4619  data: 0.1736  max mem: 0
  [ 50/171]  eta: 0:00:59    time: 0.5428  data: 0.2547  max mem: 0
  [100/171]  eta: 0:00:34    time: 0.4527  data: 0.1647  max mem: 0
  [150/171]  eta: 0:00:10    time: 0.5301  data: 0.2420  max mem: 0
  [170/171]  eta: 0:00:00    time: 0.5299  data: 0.2419  max mem: 0
 Total time: 0:01:25 (0.5017 s / it)
SDR= 1.8695794016001737
Epoch: [215]  [  0/114]  eta: 0:07:18  lr: 0.000010  loss: 0.4909 (0.4909)  time: 3.8432  data: 1.5909  max mem: 0
Epoch: [215]  [ 50/114]  eta: 0:04:10  lr: 0.000010  loss: 0.5230 (2.9367)  time: 3.8672  data: 1.6134  max mem: 0
Epoch: [215]  [100/114]  eta: 0:00:54  lr: 0.000010  loss: 15.1363 (3.5976)  time: 3.9318  data: 1.6786  max mem: 0
Epoch: [215]  [113/114]  eta: 0:00:03  lr: 0.000010  loss: 0.6727 (3.4999)  time: 3.8654  data: 1.6266  max mem: 0
Epoch: [215] Total time: 0:07:25 (3.9118 s / it)
  [  0/171]  eta: 0:01:17    time: 0.4532  data: 0.1648  max mem: 0
  [ 50/171]  eta: 0:00:58    time: 0.5227  data: 0.2347  max mem: 0
  [100/171]  eta: 0:00:33    time: 0.4551  data: 0.1670  max mem: 0
  [150/171]  eta: 0:00:10    time: 0.5347  data: 0.2466  max mem: 0
  [170/171]  eta: 0:00:00    time: 0.5302  data: 0.2422  max mem: 0
 Total time: 0:01:25 (0.5003 s / it)
SDR= 1.8711791748763702
Epoch: [216]  [  0/114]  eta: 0:07:05  lr: 0.000010  loss: 0.5630 (0.5630)  time: 3.7362  data: 1.4836  max mem: 0
Epoch: [216]  [ 50/114]  eta: 0:04:09  lr: 0.000010  loss: 0.5188 (2.6907)  time: 3.8983  data: 1.6449  max mem: 0
Epoch: [216]  [100/114]  eta: 0:00:54  lr: 0.000010  loss: 0.5079 (3.1230)  time: 3.8898  data: 1.6365  max mem: 0
Epoch: [216]  [113/114]  eta: 0:00:03  lr: 0.000010  loss: 0.6488 (3.5089)  time: 3.8836  data: 1.6448  max mem: 0
Epoch: [216] Total time: 0:07:23 (3.8892 s / it)
  [  0/171]  eta: 0:01:17    time: 0.4548  data: 0.1665  max mem: 0
  [ 50/171]  eta: 0:00:57    time: 0.5148  data: 0.2269  max mem: 0
  [100/171]  eta: 0:00:33    time: 0.4517  data: 0.1636  max mem: 0
  [150/171]  eta: 0:00:10    time: 0.5247  data: 0.2367  max mem: 0
  [170/171]  eta: 0:00:00    time: 0.5254  data: 0.2374  max mem: 0
 Total time: 0:01:24 (0.4965 s / it)
SDR= 1.8696755275269377
Epoch: [217]  [  0/114]  eta: 0:06:59  lr: 0.000010  loss: 0.5664 (0.5664)  time: 3.6764  data: 1.4240  max mem: 0
Epoch: [217]  [ 50/114]  eta: 0:04:10  lr: 0.000010  loss: 0.5083 (2.8844)  time: 3.8922  data: 1.6389  max mem: 0
Epoch: [217]  [100/114]  eta: 0:00:54  lr: 0.000010  loss: 0.5193 (3.5110)  time: 3.9368  data: 1.6836  max mem: 0
Epoch: [217]  [113/114]  eta: 0:00:03  lr: 0.000010  loss: 0.5946 (3.5082)  time: 3.8858  data: 1.6469  max mem: 0
Epoch: [217] Total time: 0:07:25 (3.9052 s / it)
  [  0/171]  eta: 0:01:16    time: 0.4501  data: 0.1619  max mem: 0
  [ 50/171]  eta: 0:00:57    time: 0.5157  data: 0.2277  max mem: 0
  [100/171]  eta: 0:00:33    time: 0.4502  data: 0.1622  max mem: 0
  [150/171]  eta: 0:00:10    time: 0.5408  data: 0.2528  max mem: 0
  [170/171]  eta: 0:00:00    time: 0.5298  data: 0.2418  max mem: 0
 Total time: 0:01:25 (0.5000 s / it)
SDR= 1.8710206819775934
Epoch: [218]  [  0/114]  eta: 0:07:11  lr: 0.000010  loss: 9.1645 (9.1645)  time: 3.7846  data: 1.5315  max mem: 0
Epoch: [218]  [ 50/114]  eta: 0:04:11  lr: 0.000010  loss: 0.5445 (3.4636)  time: 3.9417  data: 1.6885  max mem: 0
Epoch: [218]  [100/114]  eta: 0:00:54  lr: 0.000010  loss: 0.4910 (3.5613)  time: 3.9247  data: 1.6711  max mem: 0
Epoch: [218]  [113/114]  eta: 0:00:03  lr: 0.000010  loss: 0.5352 (3.5035)  time: 3.8575  data: 1.6186  max mem: 0
Epoch: [218] Total time: 0:07:24 (3.9034 s / it)
  [  0/171]  eta: 0:01:18    time: 0.4597  data: 0.1712  max mem: 0
  [ 50/171]  eta: 0:00:57    time: 0.5149  data: 0.2270  max mem: 0
  [100/171]  eta: 0:00:33    time: 0.4546  data: 0.1666  max mem: 0
  [150/171]  eta: 0:00:10    time: 0.5311  data: 0.2431  max mem: 0
  [170/171]  eta: 0:00:00    time: 0.5309  data: 0.2430  max mem: 0
 Total time: 0:01:25 (0.4976 s / it)
SDR= 1.8719607964462486
Epoch: [219]  [  0/114]  eta: 0:07:28  lr: 0.000010  loss: 0.4759 (0.4759)  time: 3.9369  data: 1.6837  max mem: 0
Epoch: [219]  [ 50/114]  eta: 0:04:09  lr: 0.000010  loss: 0.5907 (3.4295)  time: 3.8726  data: 1.6197  max mem: 0
Epoch: [219]  [100/114]  eta: 0:00:54  lr: 0.000010  loss: 15.7109 (3.3123)  time: 3.9609  data: 1.7078  max mem: 0
Epoch: [219]  [113/114]  eta: 0:00:03  lr: 0.000010  loss: 0.5824 (3.5113)  time: 3.8762  data: 1.6373  max mem: 0
Epoch: [219] Total time: 0:07:24 (3.8988 s / it)
  [  0/171]  eta: 0:01:19    time: 0.4670  data: 0.1789  max mem: 0
  [ 50/171]  eta: 0:00:57    time: 0.5107  data: 0.2228  max mem: 0
  [100/171]  eta: 0:00:33    time: 0.4518  data: 0.1638  max mem: 0
  [150/171]  eta: 0:00:10    time: 0.5293  data: 0.2414  max mem: 0
  [170/171]  eta: 0:00:00    time: 0.5289  data: 0.2409  max mem: 0
 Total time: 0:01:24 (0.4967 s / it)
SDR= 1.871945575641131
Epoch: [220]  [  0/114]  eta: 0:07:18  lr: 0.000010  loss: 0.5089 (0.5089)  time: 3.8496  data: 1.5962  max mem: 0
Epoch: [220]  [ 50/114]  eta: 0:04:10  lr: 0.000010  loss: 0.7735 (4.2832)  time: 3.8906  data: 1.6373  max mem: 0
Epoch: [220]  [100/114]  eta: 0:00:54  lr: 0.000010  loss: 0.5200 (3.7629)  time: 3.9538  data: 1.7002  max mem: 0
Epoch: [220]  [113/114]  eta: 0:00:03  lr: 0.000010  loss: 0.5755 (3.5078)  time: 3.9081  data: 1.6683  max mem: 0
Epoch: [220] Total time: 0:07:26 (3.9137 s / it)
  [  0/171]  eta: 0:01:21    time: 0.4791  data: 0.1909  max mem: 0
  [ 50/171]  eta: 0:01:00    time: 0.5522  data: 0.2639  max mem: 0
  [100/171]  eta: 0:00:34    time: 0.4561  data: 0.1680  max mem: 0
  [150/171]  eta: 0:00:10    time: 0.5307  data: 0.2426  max mem: 0
  [170/171]  eta: 0:00:00    time: 0.5311  data: 0.2431  max mem: 0
 Total time: 0:01:26 (0.5066 s / it)
SDR= 1.8718538504456137
Epoch: [221]  [  0/114]  eta: 0:07:21  lr: 0.000010  loss: 0.5392 (0.5392)  time: 3.8708  data: 1.6156  max mem: 0
Epoch: [221]  [ 50/114]  eta: 0:04:11  lr: 0.000010  loss: 0.5298 (3.5101)  time: 3.9002  data: 1.6469  max mem: 0
Epoch: [221]  [100/114]  eta: 0:00:54  lr: 0.000010  loss: 0.5746 (3.3810)  time: 3.9180  data: 1.6645  max mem: 0
Epoch: [221]  [113/114]  eta: 0:00:03  lr: 0.000010  loss: 0.5729 (3.5033)  time: 3.8757  data: 1.6371  max mem: 0
Epoch: [221] Total time: 0:07:25 (3.9053 s / it)
  [  0/171]  eta: 0:01:17    time: 0.4534  data: 0.1652  max mem: 0
  [ 50/171]  eta: 0:00:57    time: 0.5136  data: 0.2257  max mem: 0
  [100/171]  eta: 0:00:33    time: 0.4529  data: 0.1649  max mem: 0
  [150/171]  eta: 0:00:10    time: 0.5327  data: 0.2447  max mem: 0
  [170/171]  eta: 0:00:00    time: 0.5294  data: 0.2414  max mem: 0
 Total time: 0:01:25 (0.4982 s / it)
SDR= 1.870370980345098
Epoch: [222]  [  0/114]  eta: 0:07:32  lr: 0.000010  loss: 0.5292 (0.5292)  time: 3.9695  data: 1.7157  max mem: 0
Epoch: [222]  [ 50/114]  eta: 0:04:08  lr: 0.000010  loss: 0.6402 (3.8339)  time: 3.8734  data: 1.6202  max mem: 0
Epoch: [222]  [100/114]  eta: 0:00:54  lr: 0.000010  loss: 0.5506 (3.7707)  time: 3.9044  data: 1.6510  max mem: 0
Epoch: [222]  [113/114]  eta: 0:00:03  lr: 0.000010  loss: 0.4941 (3.5023)  time: 3.9104  data: 1.6717  max mem: 0
Epoch: [222] Total time: 0:07:24 (3.8956 s / it)
  [  0/171]  eta: 0:01:17    time: 0.4558  data: 0.1676  max mem: 0
  [ 50/171]  eta: 0:00:58    time: 0.5323  data: 0.2443  max mem: 0
  [100/171]  eta: 0:00:33    time: 0.4534  data: 0.1653  max mem: 0
  [150/171]  eta: 0:00:10    time: 0.5285  data: 0.2405  max mem: 0
  [170/171]  eta: 0:00:00    time: 0.5286  data: 0.2406  max mem: 0
 Total time: 0:01:25 (0.4997 s / it)
SDR= 1.8708347918195152
Epoch: [223]  [  0/114]  eta: 0:07:11  lr: 0.000010  loss: 0.5258 (0.5258)  time: 3.7852  data: 1.5319  max mem: 0
Epoch: [223]  [ 50/114]  eta: 0:04:10  lr: 0.000010  loss: 5.2170 (2.5065)  time: 3.9543  data: 1.7008  max mem: 0
Epoch: [223]  [100/114]  eta: 0:00:54  lr: 0.000010  loss: 0.6251 (3.6486)  time: 3.9474  data: 1.6939  max mem: 0
Epoch: [223]  [113/114]  eta: 0:00:03  lr: 0.000010  loss: 1.4408 (3.4942)  time: 3.9010  data: 1.6622  max mem: 0
Epoch: [223] Total time: 0:07:24 (3.9029 s / it)
  [  0/171]  eta: 0:01:19    time: 0.4645  data: 0.1761  max mem: 0
  [ 50/171]  eta: 0:00:57    time: 0.5137  data: 0.2258  max mem: 0
  [100/171]  eta: 0:00:33    time: 0.4540  data: 0.1657  max mem: 0
  [150/171]  eta: 0:00:10    time: 0.5282  data: 0.2401  max mem: 0
  [170/171]  eta: 0:00:00    time: 0.5288  data: 0.2409  max mem: 0
 Total time: 0:01:25 (0.5003 s / it)
SDR= 1.8712167397813575
Epoch: [224]  [  0/114]  eta: 0:07:30  lr: 0.000010  loss: 0.6582 (0.6582)  time: 3.9496  data: 1.6966  max mem: 0
Epoch: [224]  [ 50/114]  eta: 0:04:09  lr: 0.000010  loss: 0.5335 (3.5094)  time: 3.9005  data: 1.6470  max mem: 0
Epoch: [224]  [100/114]  eta: 0:00:54  lr: 0.000010  loss: 0.6056 (3.4875)  time: 3.9233  data: 1.6696  max mem: 0
Epoch: [224]  [113/114]  eta: 0:00:03  lr: 0.000010  loss: 0.5431 (3.4936)  time: 3.9104  data: 1.6713  max mem: 0
Epoch: [224] Total time: 0:07:24 (3.9003 s / it)
  [  0/171]  eta: 0:01:17    time: 0.4556  data: 0.1673  max mem: 0
  [ 50/171]  eta: 0:00:57    time: 0.5139  data: 0.2259  max mem: 0
  [100/171]  eta: 0:00:33    time: 0.4537  data: 0.1657  max mem: 0
  [150/171]  eta: 0:00:10    time: 0.5377  data: 0.2497  max mem: 0
  [170/171]  eta: 0:00:00    time: 0.5309  data: 0.2430  max mem: 0
 Total time: 0:01:25 (0.4990 s / it)
SDR= 1.871983047693319
Epoch: [225]  [  0/114]  eta: 0:07:35  lr: 0.000010  loss: 15.7341 (15.7341)  time: 3.9976  data: 1.7439  max mem: 0
Epoch: [225]  [ 50/114]  eta: 0:04:10  lr: 0.000010  loss: 5.0677 (3.0546)  time: 3.9119  data: 1.6586  max mem: 0
Epoch: [225]  [100/114]  eta: 0:00:54  lr: 0.000010  loss: 0.5446 (3.4830)  time: 3.8679  data: 1.6146  max mem: 0
Epoch: [225]  [113/114]  eta: 0:00:03  lr: 0.000010  loss: 0.5437 (3.5095)  time: 3.8435  data: 1.6047  max mem: 0
Epoch: [225] Total time: 0:07:24 (3.8957 s / it)
  [  0/171]  eta: 0:01:17    time: 0.4523  data: 0.1640  max mem: 0
  [ 50/171]  eta: 0:00:57    time: 0.5162  data: 0.2282  max mem: 0
  [100/171]  eta: 0:00:34    time: 0.4557  data: 0.1677  max mem: 0
  [150/171]  eta: 0:00:10    time: 0.5302  data: 0.2422  max mem: 0
  [170/171]  eta: 0:00:00    time: 0.5374  data: 0.2494  max mem: 0
 Total time: 0:01:25 (0.5021 s / it)
SDR= 1.8699508443932118
Epoch: [226]  [  0/114]  eta: 0:08:11  lr: 0.000010  loss: 0.6045 (0.6045)  time: 4.3085  data: 2.0557  max mem: 0
Epoch: [226]  [ 50/114]  eta: 0:04:10  lr: 0.000010  loss: 0.4686 (2.5737)  time: 3.9161  data: 1.6630  max mem: 0
Epoch: [226]  [100/114]  eta: 0:00:54  lr: 0.000010  loss: 0.4765 (3.5180)  time: 3.9407  data: 1.6871  max mem: 0
Epoch: [226]  [113/114]  eta: 0:00:03  lr: 0.000010  loss: 12.3209 (3.5220)  time: 3.8568  data: 1.6180  max mem: 0
Epoch: [226] Total time: 0:07:25 (3.9055 s / it)
  [  0/171]  eta: 0:01:24    time: 0.4931  data: 0.1990  max mem: 0
  [ 50/171]  eta: 0:00:57    time: 0.5145  data: 0.2265  max mem: 0
  [100/171]  eta: 0:00:33    time: 0.4537  data: 0.1657  max mem: 0
  [150/171]  eta: 0:00:10    time: 0.5300  data: 0.2419  max mem: 0
  [170/171]  eta: 0:00:00    time: 0.5420  data: 0.2539  max mem: 0
 Total time: 0:01:25 (0.5006 s / it)
SDR= 1.8701752045199989
Epoch: [227]  [  0/114]  eta: 0:07:08  lr: 0.000010  loss: 0.6580 (0.6580)  time: 3.7629  data: 1.5101  max mem: 0
Epoch: [227]  [ 50/114]  eta: 0:04:08  lr: 0.000010  loss: 1.8095 (3.5550)  time: 3.8928  data: 1.6393  max mem: 0
Epoch: [227]  [100/114]  eta: 0:00:54  lr: 0.000010  loss: 0.5213 (3.4303)  time: 3.9078  data: 1.6547  max mem: 0
Epoch: [227]  [113/114]  eta: 0:00:03  lr: 0.000010  loss: 0.6249 (3.4982)  time: 3.8812  data: 1.6423  max mem: 0
Epoch: [227] Total time: 0:07:24 (3.9027 s / it)
  [  0/171]  eta: 0:01:17    time: 0.4533  data: 0.1649  max mem: 0
  [ 50/171]  eta: 0:00:57    time: 0.5145  data: 0.2266  max mem: 0
  [100/171]  eta: 0:00:33    time: 0.4544  data: 0.1664  max mem: 0
  [150/171]  eta: 0:00:10    time: 0.5348  data: 0.2468  max mem: 0
  [170/171]  eta: 0:00:00    time: 0.5322  data: 0.2442  max mem: 0
 Total time: 0:01:25 (0.5010 s / it)
SDR= 1.872026974712935
Epoch: [228]  [  0/114]  eta: 0:07:12  lr: 0.000010  loss: 0.5019 (0.5019)  time: 3.7964  data: 1.5429  max mem: 0
Epoch: [228]  [ 50/114]  eta: 0:04:11  lr: 0.000010  loss: 0.5618 (3.0351)  time: 3.9499  data: 1.6965  max mem: 0
Epoch: [228]  [100/114]  eta: 0:00:54  lr: 0.000010  loss: 0.4936 (3.3414)  time: 3.9003  data: 1.6471  max mem: 0
Epoch: [228]  [113/114]  eta: 0:00:03  lr: 0.000010  loss: 0.5084 (3.4991)  time: 3.8964  data: 1.6574  max mem: 0
Epoch: [228] Total time: 0:07:26 (3.9208 s / it)
  [  0/171]  eta: 0:01:18    time: 0.4566  data: 0.1685  max mem: 0
  [ 50/171]  eta: 0:00:57    time: 0.5135  data: 0.2255  max mem: 0
  [100/171]  eta: 0:00:33    time: 0.4510  data: 0.1630  max mem: 0
  [150/171]  eta: 0:00:10    time: 0.5293  data: 0.2413  max mem: 0
  [170/171]  eta: 0:00:00    time: 0.5374  data: 0.2494  max mem: 0
 Total time: 0:01:25 (0.5014 s / it)
SDR= 1.8703330332507162
Epoch: [229]  [  0/114]  eta: 0:07:27  lr: 0.000010  loss: 0.5373 (0.5373)  time: 3.9290  data: 1.6750  max mem: 0
Epoch: [229]  [ 50/114]  eta: 0:04:09  lr: 0.000010  loss: 0.6292 (3.5357)  time: 3.9208  data: 1.6677  max mem: 0
Epoch: [229]  [100/114]  eta: 0:00:54  lr: 0.000010  loss: 0.4798 (3.4318)  time: 3.9277  data: 1.6743  max mem: 0
Epoch: [229]  [113/114]  eta: 0:00:03  lr: 0.000010  loss: 18.3003 (3.5161)  time: 3.8874  data: 1.6480  max mem: 0
Epoch: [229] Total time: 0:07:24 (3.8986 s / it)
  [  0/171]  eta: 0:01:18    time: 0.4595  data: 0.1708  max mem: 0
  [ 50/171]  eta: 0:00:57    time: 0.5178  data: 0.2297  max mem: 0
  [100/171]  eta: 0:00:33    time: 0.4506  data: 0.1625  max mem: 0
  [150/171]  eta: 0:00:10    time: 0.5317  data: 0.2436  max mem: 0
  [170/171]  eta: 0:00:00    time: 0.5287  data: 0.2408  max mem: 0
 Total time: 0:01:25 (0.4973 s / it)
SDR= 1.8700598997162774
Epoch: [230]  [  0/114]  eta: 0:07:27  lr: 0.000010  loss: 0.5783 (0.5783)  time: 3.9279  data: 1.6747  max mem: 0
Epoch: [230]  [ 50/114]  eta: 0:04:11  lr: 0.000010  loss: 0.5213 (3.2575)  time: 3.9370  data: 1.6838  max mem: 0
Epoch: [230]  [100/114]  eta: 0:00:54  lr: 0.000010  loss: 9.9994 (3.5238)  time: 3.8598  data: 1.6066  max mem: 0
Epoch: [230]  [113/114]  eta: 0:00:03  lr: 0.000010  loss: 0.5274 (3.4954)  time: 3.8979  data: 1.6592  max mem: 0
Epoch: [230] Total time: 0:07:25 (3.9091 s / it)
  [  0/171]  eta: 0:01:17    time: 0.4525  data: 0.1642  max mem: 0
  [ 50/171]  eta: 0:00:57    time: 0.5161  data: 0.2281  max mem: 0
  [100/171]  eta: 0:00:33    time: 0.4492  data: 0.1611  max mem: 0
  [150/171]  eta: 0:00:10    time: 0.5303  data: 0.2423  max mem: 0
  [170/171]  eta: 0:00:00    time: 0.5280  data: 0.2401  max mem: 0
 Total time: 0:01:24 (0.4962 s / it)
SDR= 1.8699243047833054
Epoch: [231]  [  0/114]  eta: 0:07:25  lr: 0.000010  loss: 0.5329 (0.5329)  time: 3.9086  data: 1.6555  max mem: 0
Epoch: [231]  [ 50/114]  eta: 0:04:09  lr: 0.000010  loss: 7.5387 (2.9579)  time: 3.9040  data: 1.6509  max mem: 0
Epoch: [231]  [100/114]  eta: 0:00:54  lr: 0.000010  loss: 0.5347 (3.3383)  time: 3.8912  data: 1.6378  max mem: 0
Epoch: [231]  [113/114]  eta: 0:00:03  lr: 0.000010  loss: 0.5490 (3.4895)  time: 3.8762  data: 1.6373  max mem: 0
Epoch: [231] Total time: 0:07:24 (3.8967 s / it)
  [  0/171]  eta: 0:01:17    time: 0.4523  data: 0.1640  max mem: 0
  [ 50/171]  eta: 0:00:57    time: 0.5141  data: 0.2262  max mem: 0
  [100/171]  eta: 0:00:33    time: 0.4589  data: 0.1708  max mem: 0
  [150/171]  eta: 0:00:10    time: 0.5325  data: 0.2444  max mem: 0
  [170/171]  eta: 0:00:00    time: 0.5301  data: 0.2421  max mem: 0
 Total time: 0:01:25 (0.5016 s / it)
SDR= 1.8693717208894463
Epoch: [232]  [  0/114]  eta: 0:07:33  lr: 0.000010  loss: 0.5196 (0.5196)  time: 3.9790  data: 1.7253  max mem: 0
Epoch: [232]  [ 50/114]  eta: 0:04:08  lr: 0.000010  loss: 0.5048 (3.2231)  time: 3.8712  data: 1.6180  max mem: 0
Epoch: [232]  [100/114]  eta: 0:00:54  lr: 0.000010  loss: 0.5710 (3.1919)  time: 3.8917  data: 1.6384  max mem: 0
Epoch: [232]  [113/114]  eta: 0:00:03  lr: 0.000010  loss: 0.5308 (3.4911)  time: 3.8819  data: 1.6431  max mem: 0
Epoch: [232] Total time: 0:07:24 (3.8963 s / it)
  [  0/171]  eta: 0:01:21    time: 0.4786  data: 0.1901  max mem: 0
  [ 50/171]  eta: 0:00:58    time: 0.5141  data: 0.2261  max mem: 0
  [100/171]  eta: 0:00:33    time: 0.4533  data: 0.1654  max mem: 0
  [150/171]  eta: 0:00:10    time: 0.5319  data: 0.2438  max mem: 0
  [170/171]  eta: 0:00:00    time: 0.5303  data: 0.2423  max mem: 0
 Total time: 0:01:25 (0.4992 s / it)
SDR= 1.8710310983249092
Epoch: [233]  [  0/114]  eta: 0:07:37  lr: 0.000010  loss: 0.5204 (0.5204)  time: 4.0149  data: 1.7618  max mem: 0
Epoch: [233]  [ 50/114]  eta: 0:04:09  lr: 0.000010  loss: 4.8376 (3.2232)  time: 3.8685  data: 1.6152  max mem: 0
Epoch: [233]  [100/114]  eta: 0:00:54  lr: 0.000010  loss: 7.7208 (3.5815)  time: 3.9056  data: 1.6525  max mem: 0
Epoch: [233]  [113/114]  eta: 0:00:03  lr: 0.000010  loss: 5.7733 (3.4935)  time: 3.8863  data: 1.6474  max mem: 0
Epoch: [233] Total time: 0:07:23 (3.8920 s / it)
  [  0/171]  eta: 0:01:17    time: 0.4550  data: 0.1665  max mem: 0
  [ 50/171]  eta: 0:00:57    time: 0.5162  data: 0.2283  max mem: 0
  [100/171]  eta: 0:00:33    time: 0.4540  data: 0.1660  max mem: 0
  [150/171]  eta: 0:00:10    time: 0.5285  data: 0.2405  max mem: 0
  [170/171]  eta: 0:00:00    time: 0.5297  data: 0.2417  max mem: 0
 Total time: 0:01:25 (0.4973 s / it)
SDR= 1.8711659537666006
Epoch: [234]  [  0/114]  eta: 0:07:21  lr: 0.000010  loss: 0.5096 (0.5096)  time: 3.8689  data: 1.6153  max mem: 0
Epoch: [234]  [ 50/114]  eta: 0:04:11  lr: 0.000010  loss: 28.6319 (3.6667)  time: 3.9474  data: 1.6943  max mem: 0
Epoch: [234]  [100/114]  eta: 0:00:54  lr: 0.000010  loss: 0.5745 (3.5365)  time: 3.8844  data: 1.6311  max mem: 0
Epoch: [234]  [113/114]  eta: 0:00:03  lr: 0.000010  loss: 0.5739 (3.4949)  time: 3.8797  data: 1.6402  max mem: 0
Epoch: [234] Total time: 0:07:25 (3.9056 s / it)
  [  0/171]  eta: 0:01:18    time: 0.4610  data: 0.1730  max mem: 0
  [ 50/171]  eta: 0:00:57    time: 0.5148  data: 0.2269  max mem: 0
  [100/171]  eta: 0:00:33    time: 0.4607  data: 0.1728  max mem: 0
  [150/171]  eta: 0:00:10    time: 0.5310  data: 0.2429  max mem: 0
  [170/171]  eta: 0:00:00    time: 0.5533  data: 0.2653  max mem: 0
 Total time: 0:01:26 (0.5030 s / it)
SDR= 1.8711282096395314
Epoch: [235]  [  0/114]  eta: 0:07:34  lr: 0.000010  loss: 28.2572 (28.2572)  time: 3.9894  data: 1.7370  max mem: 0
Epoch: [235]  [ 50/114]  eta: 0:04:10  lr: 0.000010  loss: 0.5774 (4.0670)  time: 3.8681  data: 1.6149  max mem: 0
Epoch: [235]  [100/114]  eta: 0:00:54  lr: 0.000010  loss: 0.5606 (3.5013)  time: 3.9030  data: 1.6498  max mem: 0
Epoch: [235]  [113/114]  eta: 0:00:03  lr: 0.000010  loss: 0.4780 (3.4865)  time: 3.8623  data: 1.6234  max mem: 0
Epoch: [235] Total time: 0:07:23 (3.8935 s / it)
  [  0/171]  eta: 0:01:16    time: 0.4490  data: 0.1607  max mem: 0
  [ 50/171]  eta: 0:00:57    time: 0.5161  data: 0.2281  max mem: 0
  [100/171]  eta: 0:00:33    time: 0.4605  data: 0.1723  max mem: 0
  [150/171]  eta: 0:00:10    time: 0.5299  data: 0.2418  max mem: 0
  [170/171]  eta: 0:00:00    time: 0.5280  data: 0.2401  max mem: 0
 Total time: 0:01:25 (0.4981 s / it)
SDR= 1.8715475753465032
Epoch: [236]  [  0/114]  eta: 0:07:05  lr: 0.000010  loss: 0.5532 (0.5532)  time: 3.7289  data: 1.4762  max mem: 0
Epoch: [236]  [ 50/114]  eta: 0:04:10  lr: 0.000010  loss: 16.0023 (2.7828)  time: 3.9269  data: 1.6738  max mem: 0
Epoch: [236]  [100/114]  eta: 0:00:54  lr: 0.000010  loss: 0.5064 (3.2890)  time: 3.8951  data: 1.6422  max mem: 0
Epoch: [236]  [113/114]  eta: 0:00:03  lr: 0.000010  loss: 0.5650 (3.4902)  time: 3.8375  data: 1.5985  max mem: 0
Epoch: [236] Total time: 0:07:23 (3.8939 s / it)
  [  0/171]  eta: 0:01:17    time: 0.4540  data: 0.1655  max mem: 0
  [ 50/171]  eta: 0:00:57    time: 0.5143  data: 0.2264  max mem: 0
  [100/171]  eta: 0:00:33    time: 0.4531  data: 0.1650  max mem: 0
  [150/171]  eta: 0:00:10    time: 0.5322  data: 0.2442  max mem: 0
  [170/171]  eta: 0:00:00    time: 0.5404  data: 0.2523  max mem: 0
 Total time: 0:01:25 (0.4985 s / it)
SDR= 1.871220418163201
Epoch: [237]  [  0/114]  eta: 0:07:00  lr: 0.000010  loss: 1.3897 (1.3897)  time: 3.6903  data: 1.4372  max mem: 0
Epoch: [237]  [ 50/114]  eta: 0:04:09  lr: 0.000010  loss: 0.5149 (4.1195)  time: 3.8970  data: 1.6438  max mem: 0
Epoch: [237]  [100/114]  eta: 0:00:54  lr: 0.000010  loss: 6.7300 (3.6206)  time: 3.8858  data: 1.6323  max mem: 0
Epoch: [237]  [113/114]  eta: 0:00:03  lr: 0.000010  loss: 0.5613 (3.4839)  time: 3.8527  data: 1.6135  max mem: 0
Epoch: [237] Total time: 0:07:23 (3.8907 s / it)
  [  0/171]  eta: 0:01:17    time: 0.4521  data: 0.1638  max mem: 0
  [ 50/171]  eta: 0:00:57    time: 0.5135  data: 0.2255  max mem: 0
  [100/171]  eta: 0:00:33    time: 0.4490  data: 0.1609  max mem: 0
  [150/171]  eta: 0:00:10    time: 0.5302  data: 0.2421  max mem: 0
  [170/171]  eta: 0:00:00    time: 0.5283  data: 0.2403  max mem: 0
 Total time: 0:01:24 (0.4969 s / it)
SDR= 1.8690105654340767
Epoch: [238]  [  0/114]  eta: 0:07:49  lr: 0.000010  loss: 0.5529 (0.5529)  time: 4.1165  data: 1.8637  max mem: 0
Epoch: [238]  [ 50/114]  eta: 0:04:09  lr: 0.000010  loss: 8.7994 (3.2103)  time: 3.9006  data: 1.6475  max mem: 0
Epoch: [238]  [100/114]  eta: 0:00:54  lr: 0.000010  loss: 9.1991 (3.5348)  time: 3.8417  data: 1.5888  max mem: 0
Epoch: [238]  [113/114]  eta: 0:00:03  lr: 0.000010  loss: 0.6157 (3.4924)  time: 3.8479  data: 1.6095  max mem: 0
Epoch: [238] Total time: 0:07:23 (3.8923 s / it)
  [  0/171]  eta: 0:01:17    time: 0.4538  data: 0.1655  max mem: 0
  [ 50/171]  eta: 0:00:57    time: 0.5128  data: 0.2248  max mem: 0
  [100/171]  eta: 0:00:33    time: 0.4531  data: 0.1650  max mem: 0
  [150/171]  eta: 0:00:10    time: 0.5446  data: 0.2566  max mem: 0
  [170/171]  eta: 0:00:00    time: 0.5312  data: 0.2431  max mem: 0
 Total time: 0:01:25 (0.4992 s / it)
SDR= 1.8720569530017417
Epoch: [239]  [  0/114]  eta: 0:07:49  lr: 0.000010  loss: 21.6232 (21.6232)  time: 4.1184  data: 1.8653  max mem: 0
Epoch: [239]  [ 50/114]  eta: 0:04:10  lr: 0.000010  loss: 4.5195 (3.2143)  time: 3.9318  data: 1.6783  max mem: 0
Epoch: [239]  [100/114]  eta: 0:00:54  lr: 0.000010  loss: 0.4864 (3.7300)  time: 3.9053  data: 1.6522  max mem: 0
Epoch: [239]  [113/114]  eta: 0:00:03  lr: 0.000010  loss: 0.5568 (3.4826)  time: 3.8631  data: 1.6244  max mem: 0
Epoch: [239] Total time: 0:07:24 (3.9019 s / it)
  [  0/171]  eta: 0:01:17    time: 0.4527  data: 0.1643  max mem: 0
  [ 50/171]  eta: 0:00:57    time: 0.5198  data: 0.2318  max mem: 0
  [100/171]  eta: 0:00:34    time: 0.4614  data: 0.1733  max mem: 0
  [150/171]  eta: 0:00:10    time: 0.5280  data: 0.2400  max mem: 0
  [170/171]  eta: 0:00:00    time: 0.5286  data: 0.2406  max mem: 0
 Total time: 0:01:25 (0.4999 s / it)
SDR= 1.871561307564637
Epoch: [240]  [  0/114]  eta: 0:07:36  lr: 0.000010  loss: 0.5615 (0.5615)  time: 4.0064  data: 1.7529  max mem: 0
Epoch: [240]  [ 50/114]  eta: 0:04:10  lr: 0.000010  loss: 0.5017 (3.1660)  time: 3.9001  data: 1.6472  max mem: 0
Epoch: [240]  [100/114]  eta: 0:00:54  lr: 0.000010  loss: 0.5916 (3.3173)  time: 3.8540  data: 1.6010  max mem: 0
Epoch: [240]  [113/114]  eta: 0:00:03  lr: 0.000010  loss: 0.5506 (3.4799)  time: 3.8547  data: 1.6162  max mem: 0
Epoch: [240] Total time: 0:07:24 (3.8950 s / it)
  [  0/171]  eta: 0:01:17    time: 0.4532  data: 0.1647  max mem: 0
  [ 50/171]  eta: 0:00:58    time: 0.5253  data: 0.2372  max mem: 0
  [100/171]  eta: 0:00:33    time: 0.4514  data: 0.1635  max mem: 0
  [150/171]  eta: 0:00:10    time: 0.5274  data: 0.2394  max mem: 0
  [170/171]  eta: 0:00:00    time: 0.5269  data: 0.2390  max mem: 0
 Total time: 0:01:25 (0.4979 s / it)
SDR= 1.8703404828981047
Epoch: [241]  [  0/114]  eta: 0:06:43  lr: 0.000010  loss: 7.5280 (7.5280)  time: 3.5439  data: 1.2907  max mem: 0
Epoch: [241]  [ 50/114]  eta: 0:04:09  lr: 0.000010  loss: 0.5055 (2.8422)  time: 3.9094  data: 1.6560  max mem: 0
Epoch: [241]  [100/114]  eta: 0:00:54  lr: 0.000010  loss: 0.5199 (3.6585)  time: 3.9044  data: 1.6512  max mem: 0
Epoch: [241]  [113/114]  eta: 0:00:03  lr: 0.000010  loss: 0.5385 (3.4829)  time: 3.8586  data: 1.6196  max mem: 0
Epoch: [241] Total time: 0:07:24 (3.8966 s / it)
  [  0/171]  eta: 0:01:17    time: 0.4534  data: 0.1651  max mem: 0
  [ 50/171]  eta: 0:00:58    time: 0.5139  data: 0.2260  max mem: 0
  [100/171]  eta: 0:00:34    time: 0.4632  data: 0.1751  max mem: 0
  [150/171]  eta: 0:00:10    time: 0.5289  data: 0.2409  max mem: 0
  [170/171]  eta: 0:00:00    time: 0.5320  data: 0.2439  max mem: 0
 Total time: 0:01:25 (0.5009 s / it)
SDR= 1.8697549121466541
Epoch: [242]  [  0/114]  eta: 0:07:33  lr: 0.000010  loss: 0.5109 (0.5109)  time: 3.9820  data: 1.7286  max mem: 0
Epoch: [242]  [ 50/114]  eta: 0:04:11  lr: 0.000010  loss: 0.4871 (4.5959)  time: 3.9872  data: 1.7341  max mem: 0
Epoch: [242]  [100/114]  eta: 0:00:54  lr: 0.000010  loss: 0.6578 (3.6189)  time: 3.9010  data: 1.6478  max mem: 0
Epoch: [242]  [113/114]  eta: 0:00:03  lr: 0.000010  loss: 0.5713 (3.4845)  time: 3.8477  data: 1.6090  max mem: 0
Epoch: [242] Total time: 0:07:25 (3.9069 s / it)
  [  0/171]  eta: 0:01:21    time: 0.4790  data: 0.1906  max mem: 0
  [ 50/171]  eta: 0:00:59    time: 0.5297  data: 0.2416  max mem: 0
  [100/171]  eta: 0:00:34    time: 0.4501  data: 0.1621  max mem: 0
  [150/171]  eta: 0:00:10    time: 0.5281  data: 0.2401  max mem: 0
  [170/171]  eta: 0:00:00    time: 0.5302  data: 0.2422  max mem: 0
 Total time: 0:01:25 (0.5007 s / it)
SDR= 1.871046332997091
Epoch: [243]  [  0/114]  eta: 0:07:22  lr: 0.000010  loss: 0.4802 (0.4802)  time: 3.8793  data: 1.6255  max mem: 0
Epoch: [243]  [ 50/114]  eta: 0:04:09  lr: 0.000010  loss: 8.4458 (3.4768)  time: 3.9539  data: 1.7005  max mem: 0
Epoch: [243]  [100/114]  eta: 0:00:54  lr: 0.000010  loss: 1.3775 (3.3078)  time: 3.9007  data: 1.6472  max mem: 0
Epoch: [243]  [113/114]  eta: 0:00:03  lr: 0.000010  loss: 5.8867 (3.4850)  time: 3.9089  data: 1.6687  max mem: 0
Epoch: [243] Total time: 0:07:24 (3.9032 s / it)
  [  0/171]  eta: 0:01:17    time: 0.4536  data: 0.1652  max mem: 0
  [ 50/171]  eta: 0:00:57    time: 0.5129  data: 0.2247  max mem: 0
  [100/171]  eta: 0:00:33    time: 0.4511  data: 0.1631  max mem: 0
  [150/171]  eta: 0:00:10    time: 0.5394  data: 0.2514  max mem: 0
  [170/171]  eta: 0:00:00    time: 0.5360  data: 0.2479  max mem: 0
 Total time: 0:01:25 (0.4981 s / it)
SDR= 1.8706372025798526
Epoch: [244]  [  0/114]  eta: 0:07:34  lr: 0.000010  loss: 0.5577 (0.5577)  time: 3.9889  data: 1.7342  max mem: 0
Epoch: [244]  [ 50/114]  eta: 0:04:10  lr: 0.000010  loss: 0.5742 (4.0361)  time: 3.9018  data: 1.6481  max mem: 0
Epoch: [244]  [100/114]  eta: 0:00:54  lr: 0.000010  loss: 0.4855 (3.6681)  time: 3.9115  data: 1.6583  max mem: 0
Epoch: [244]  [113/114]  eta: 0:00:03  lr: 0.000010  loss: 5.4420 (3.4828)  time: 3.8762  data: 1.6376  max mem: 0
Epoch: [244] Total time: 0:07:26 (3.9161 s / it)
  [  0/171]  eta: 0:01:17    time: 0.4525  data: 0.1643  max mem: 0
  [ 50/171]  eta: 0:00:58    time: 0.5374  data: 0.2493  max mem: 0
  [100/171]  eta: 0:00:34    time: 0.4535  data: 0.1656  max mem: 0
  [150/171]  eta: 0:00:10    time: 0.5286  data: 0.2407  max mem: 0
  [170/171]  eta: 0:00:00    time: 0.5279  data: 0.2399  max mem: 0
 Total time: 0:01:25 (0.5026 s / it)
SDR= 1.8704512966616094
Epoch: [245]  [  0/114]  eta: 0:07:20  lr: 0.000010  loss: 0.4696 (0.4696)  time: 3.8662  data: 1.6124  max mem: 0
Epoch: [245]  [ 50/114]  eta: 0:04:10  lr: 0.000010  loss: 5.6791 (4.7705)  time: 3.9198  data: 1.6667  max mem: 0
Epoch: [245]  [100/114]  eta: 0:00:54  lr: 0.000010  loss: 0.5153 (3.3566)  time: 3.9636  data: 1.7104  max mem: 0
Epoch: [245]  [113/114]  eta: 0:00:03  lr: 0.000010  loss: 0.4837 (3.4669)  time: 3.8739  data: 1.6352  max mem: 0
Epoch: [245] Total time: 0:07:25 (3.9059 s / it)
  [  0/171]  eta: 0:01:17    time: 0.4544  data: 0.1663  max mem: 0
  [ 50/171]  eta: 0:00:57    time: 0.5146  data: 0.2266  max mem: 0
  [100/171]  eta: 0:00:33    time: 0.4556  data: 0.1675  max mem: 0
  [150/171]  eta: 0:00:10    time: 0.5300  data: 0.2419  max mem: 0
  [170/171]  eta: 0:00:00    time: 0.5375  data: 0.2495  max mem: 0
 Total time: 0:01:25 (0.4992 s / it)
SDR= 1.8709434305795747
Epoch: [246]  [  0/114]  eta: 0:07:12  lr: 0.000010  loss: 7.8482 (7.8482)  time: 3.7961  data: 1.5431  max mem: 0
Epoch: [246]  [ 50/114]  eta: 0:04:08  lr: 0.000010  loss: 0.5907 (2.7150)  time: 3.9018  data: 1.6489  max mem: 0
Epoch: [246]  [100/114]  eta: 0:00:54  lr: 0.000010  loss: 0.6610 (3.2410)  time: 3.8818  data: 1.6288  max mem: 0
Epoch: [246]  [113/114]  eta: 0:00:03  lr: 0.000010  loss: 21.0431 (3.4983)  time: 3.8906  data: 1.6520  max mem: 0
Epoch: [246] Total time: 0:07:22 (3.8802 s / it)
  [  0/171]  eta: 0:01:17    time: 0.4521  data: 0.1638  max mem: 0
  [ 50/171]  eta: 0:00:58    time: 0.5137  data: 0.2258  max mem: 0
  [100/171]  eta: 0:00:34    time: 0.4509  data: 0.1628  max mem: 0
  [150/171]  eta: 0:00:10    time: 0.5291  data: 0.2410  max mem: 0
  [170/171]  eta: 0:00:00    time: 0.5282  data: 0.2402  max mem: 0
 Total time: 0:01:25 (0.4994 s / it)
SDR= 1.8700060425300642
Epoch: [247]  [  0/114]  eta: 0:07:18  lr: 0.000010  loss: 11.8194 (11.8194)  time: 3.8444  data: 1.5910  max mem: 0
Epoch: [247]  [ 50/114]  eta: 0:04:08  lr: 0.000010  loss: 0.5240 (3.5841)  time: 3.8694  data: 1.6163  max mem: 0
Epoch: [247]  [100/114]  eta: 0:00:54  lr: 0.000010  loss: 0.5497 (3.5552)  time: 3.8791  data: 1.6258  max mem: 0
Epoch: [247]  [113/114]  eta: 0:00:03  lr: 0.000010  loss: 0.4980 (3.4703)  time: 3.8917  data: 1.6529  max mem: 0
Epoch: [247] Total time: 0:07:22 (3.8852 s / it)
  [  0/171]  eta: 0:01:17    time: 0.4518  data: 0.1635  max mem: 0
  [ 50/171]  eta: 0:00:57    time: 0.5145  data: 0.2265  max mem: 0
  [100/171]  eta: 0:00:33    time: 0.4579  data: 0.1699  max mem: 0
  [150/171]  eta: 0:00:10    time: 0.5403  data: 0.2522  max mem: 0
  [170/171]  eta: 0:00:00    time: 0.5361  data: 0.2479  max mem: 0
 Total time: 0:01:25 (0.5001 s / it)
SDR= 1.8717481046765643
Epoch: [248]  [  0/114]  eta: 0:07:10  lr: 0.000010  loss: 12.2322 (12.2322)  time: 3.7780  data: 1.5244  max mem: 0
Epoch: [248]  [ 50/114]  eta: 0:04:08  lr: 0.000010  loss: 7.6309 (3.8135)  time: 3.8839  data: 1.6308  max mem: 0
Epoch: [248]  [100/114]  eta: 0:00:54  lr: 0.000010  loss: 0.5632 (3.7399)  time: 3.9481  data: 1.6948  max mem: 0
Epoch: [248]  [113/114]  eta: 0:00:03  lr: 0.000010  loss: 0.5539 (3.4757)  time: 3.8728  data: 1.6339  max mem: 0
Epoch: [248] Total time: 0:07:23 (3.8945 s / it)
  [  0/171]  eta: 0:01:17    time: 0.4549  data: 0.1666  max mem: 0
  [ 50/171]  eta: 0:00:58    time: 0.5234  data: 0.2354  max mem: 0
  [100/171]  eta: 0:00:33    time: 0.4543  data: 0.1663  max mem: 0
  [150/171]  eta: 0:00:10    time: 0.5287  data: 0.2407  max mem: 0
  [170/171]  eta: 0:00:00    time: 0.5278  data: 0.2398  max mem: 0
 Total time: 0:01:25 (0.5001 s / it)
SDR= 1.8688580247424258
Epoch: [249]  [  0/114]  eta: 0:07:08  lr: 0.000010  loss: 0.5217 (0.5217)  time: 3.7554  data: 1.5026  max mem: 0
Epoch: [249]  [ 50/114]  eta: 0:04:09  lr: 0.000010  loss: 0.4949 (3.8872)  time: 3.9450  data: 1.6920  max mem: 0
Epoch: [249]  [100/114]  eta: 0:00:54  lr: 0.000010  loss: 7.8342 (3.6533)  time: 3.9366  data: 1.6834  max mem: 0
Epoch: [249]  [113/114]  eta: 0:00:03  lr: 0.000010  loss: 1.6941 (3.4892)  time: 3.9128  data: 1.6741  max mem: 0
Epoch: [249] Total time: 0:07:24 (3.8955 s / it)
  [  0/171]  eta: 0:01:16    time: 0.4488  data: 0.1603  max mem: 0
  [ 50/171]  eta: 0:00:57    time: 0.5213  data: 0.2333  max mem: 0
  [100/171]  eta: 0:00:33    time: 0.4552  data: 0.1671  max mem: 0
  [150/171]  eta: 0:00:10    time: 0.5275  data: 0.2396  max mem: 0
  [170/171]  eta: 0:00:00    time: 0.5278  data: 0.2397  max mem: 0
 Total time: 0:01:25 (0.4996 s / it)
SDR= 1.8712242913756139
Epoch: [250]  [  0/114]  eta: 0:07:03  lr: 0.000010  loss: 0.5583 (0.5583)  time: 3.7169  data: 1.4645  max mem: 0
Epoch: [250]  [ 50/114]  eta: 0:04:10  lr: 0.000010  loss: 1.7085 (3.5203)  time: 3.9562  data: 1.7025  max mem: 0
Epoch: [250]  [100/114]  eta: 0:00:54  lr: 0.000010  loss: 9.3155 (3.1673)  time: 3.8649  data: 1.6117  max mem: 0
Epoch: [250]  [113/114]  eta: 0:00:03  lr: 0.000010  loss: 1.4765 (3.4677)  time: 3.9045  data: 1.6654  max mem: 0
Epoch: [250] Total time: 0:07:24 (3.9028 s / it)
  [  0/171]  eta: 0:01:21    time: 0.4786  data: 0.1903  max mem: 0
  [ 50/171]  eta: 0:00:57    time: 0.5143  data: 0.2263  max mem: 0
  [100/171]  eta: 0:00:33    time: 0.4520  data: 0.1639  max mem: 0
  [150/171]  eta: 0:00:10    time: 0.5290  data: 0.2409  max mem: 0
  [170/171]  eta: 0:00:00    time: 0.5300  data: 0.2420  max mem: 0
 Total time: 0:01:25 (0.4973 s / it)
SDR= 1.871190610665657
Epoch: [251]  [  0/114]  eta: 0:07:33  lr: 0.000010  loss: 0.5081 (0.5081)  time: 3.9812  data: 1.7277  max mem: 0
Epoch: [251]  [ 50/114]  eta: 0:04:08  lr: 0.000010  loss: 0.4972 (3.0877)  time: 3.8290  data: 1.5751  max mem: 0
Epoch: [251]  [100/114]  eta: 0:00:54  lr: 0.000010  loss: 0.5061 (3.6613)  time: 3.9206  data: 1.6672  max mem: 0
Epoch: [251]  [113/114]  eta: 0:00:03  lr: 0.000010  loss: 0.5114 (3.4705)  time: 3.8540  data: 1.6150  max mem: 0
Epoch: [251] Total time: 0:07:23 (3.8899 s / it)
  [  0/171]  eta: 0:01:17    time: 0.4525  data: 0.1642  max mem: 0
  [ 50/171]  eta: 0:00:57    time: 0.5136  data: 0.2256  max mem: 0
  [100/171]  eta: 0:00:33    time: 0.4553  data: 0.1671  max mem: 0
  [150/171]  eta: 0:00:10    time: 0.5277  data: 0.2397  max mem: 0
  [170/171]  eta: 0:00:00    time: 0.5277  data: 0.2395  max mem: 0
 Total time: 0:01:25 (0.4973 s / it)
SDR= 1.8706872649158133
Epoch: [252]  [  0/114]  eta: 0:07:10  lr: 0.000010  loss: 0.5129 (0.5129)  time: 3.7753  data: 1.5226  max mem: 0
Epoch: [252]  [ 50/114]  eta: 0:04:11  lr: 0.000010  loss: 0.4856 (3.1503)  time: 3.9330  data: 1.6792  max mem: 0
Epoch: [252]  [100/114]  eta: 0:00:54  lr: 0.000010  loss: 0.5400 (3.6135)  time: 3.8602  data: 1.6069  max mem: 0
Epoch: [252]  [113/114]  eta: 0:00:03  lr: 0.000010  loss: 0.4539 (3.4599)  time: 3.8670  data: 1.6279  max mem: 0
Epoch: [252] Total time: 0:07:25 (3.9042 s / it)
  [  0/171]  eta: 0:01:16    time: 0.4483  data: 0.1602  max mem: 0
  [ 50/171]  eta: 0:00:57    time: 0.5142  data: 0.2262  max mem: 0
  [100/171]  eta: 0:00:33    time: 0.4547  data: 0.1666  max mem: 0
  [150/171]  eta: 0:00:10    time: 0.5290  data: 0.2410  max mem: 0
  [170/171]  eta: 0:00:00    time: 0.5299  data: 0.2419  max mem: 0
 Total time: 0:01:24 (0.4969 s / it)
SDR= 1.870863922691088
Epoch: [253]  [  0/114]  eta: 0:07:27  lr: 0.000010  loss: 0.5334 (0.5334)  time: 3.9298  data: 1.6760  max mem: 0
Epoch: [253]  [ 50/114]  eta: 0:04:08  lr: 0.000010  loss: 0.4952 (3.2732)  time: 3.8650  data: 1.6119  max mem: 0
Epoch: [253]  [100/114]  eta: 0:00:54  lr: 0.000010  loss: 0.5749 (3.5044)  time: 3.9200  data: 1.6665  max mem: 0
Epoch: [253]  [113/114]  eta: 0:00:03  lr: 0.000010  loss: 0.5400 (3.4809)  time: 3.8591  data: 1.6200  max mem: 0
Epoch: [253] Total time: 0:07:22 (3.8855 s / it)
  [  0/171]  eta: 0:01:17    time: 0.4544  data: 0.1660  max mem: 0
  [ 50/171]  eta: 0:00:57    time: 0.5138  data: 0.2259  max mem: 0
  [100/171]  eta: 0:00:33    time: 0.4517  data: 0.1636  max mem: 0
  [150/171]  eta: 0:00:10    time: 0.5288  data: 0.2408  max mem: 0
  [170/171]  eta: 0:00:00    time: 0.5291  data: 0.2412  max mem: 0
 Total time: 0:01:24 (0.4967 s / it)
SDR= 1.8696819340055224
Epoch: [254]  [  0/114]  eta: 0:07:10  lr: 0.000010  loss: 9.2075 (9.2075)  time: 3.7802  data: 1.5264  max mem: 0
Epoch: [254]  [ 50/114]  eta: 0:04:08  lr: 0.000010  loss: 0.5026 (3.4384)  time: 3.8864  data: 1.6329  max mem: 0
Epoch: [254]  [100/114]  eta: 0:00:54  lr: 0.000010  loss: 9.2401 (3.2524)  time: 3.8641  data: 1.6106  max mem: 0
Epoch: [254]  [113/114]  eta: 0:00:03  lr: 0.000010  loss: 0.5128 (3.4749)  time: 3.8740  data: 1.6352  max mem: 0
Epoch: [254] Total time: 0:07:23 (3.8880 s / it)
  [  0/171]  eta: 0:01:17    time: 0.4523  data: 0.1639  max mem: 0
  [ 50/171]  eta: 0:00:58    time: 0.5280  data: 0.2400  max mem: 0
  [100/171]  eta: 0:00:33    time: 0.4510  data: 0.1628  max mem: 0
  [150/171]  eta: 0:00:10    time: 0.5270  data: 0.2390  max mem: 0
  [170/171]  eta: 0:00:00    time: 0.5284  data: 0.2405  max mem: 0
 Total time: 0:01:25 (0.4979 s / it)
SDR= 1.8719818125904317
Epoch: [255]  [  0/114]  eta: 0:07:49  lr: 0.000010  loss: 4.4847 (4.4847)  time: 4.1197  data: 1.8665  max mem: 0
Epoch: [255]  [ 50/114]  eta: 0:04:10  lr: 0.000010  loss: 20.0176 (3.5839)  time: 3.8805  data: 1.6273  max mem: 0
Epoch: [255]  [100/114]  eta: 0:00:54  lr: 0.000010  loss: 0.5427 (3.6075)  time: 3.8641  data: 1.6104  max mem: 0
Epoch: [255]  [113/114]  eta: 0:00:03  lr: 0.000010  loss: 0.5329 (3.4754)  time: 3.8410  data: 1.6017  max mem: 0
Epoch: [255] Total time: 0:07:23 (3.8908 s / it)
  [  0/171]  eta: 0:01:17    time: 0.4511  data: 0.1628  max mem: 0
  [ 50/171]  eta: 0:00:57    time: 0.5147  data: 0.2268  max mem: 0
  [100/171]  eta: 0:00:33    time: 0.4516  data: 0.1636  max mem: 0
  [150/171]  eta: 0:00:10    time: 0.5294  data: 0.2414  max mem: 0
  [170/171]  eta: 0:00:00    time: 0.5288  data: 0.2408  max mem: 0
 Total time: 0:01:24 (0.4962 s / it)
SDR= 1.870683387863338
Epoch: [256]  [  0/114]  eta: 0:07:28  lr: 0.000010  loss: 0.4581 (0.4581)  time: 3.9332  data: 1.6802  max mem: 0
Epoch: [256]  [ 50/114]  eta: 0:04:09  lr: 0.000010  loss: 10.1437 (3.9064)  time: 3.8897  data: 1.6367  max mem: 0
Epoch: [256]  [100/114]  eta: 0:00:54  lr: 0.000010  loss: 0.5405 (3.1917)  time: 3.8870  data: 1.6338  max mem: 0
Epoch: [256]  [113/114]  eta: 0:00:03  lr: 0.000010  loss: 0.5521 (3.4656)  time: 3.8742  data: 1.6353  max mem: 0
Epoch: [256] Total time: 0:07:23 (3.8937 s / it)
  [  0/171]  eta: 0:01:17    time: 0.4505  data: 0.1622  max mem: 0
  [ 50/171]  eta: 0:00:58    time: 0.5155  data: 0.2276  max mem: 0
  [100/171]  eta: 0:00:33    time: 0.4523  data: 0.1643  max mem: 0
  [150/171]  eta: 0:00:10    time: 0.5469  data: 0.2588  max mem: 0
  [170/171]  eta: 0:00:00    time: 0.5398  data: 0.2518  max mem: 0
 Total time: 0:01:25 (0.5020 s / it)
SDR= 1.8687801278623402
Epoch: [257]  [  0/114]  eta: 0:07:48  lr: 0.000010  loss: 1.5790 (1.5790)  time: 4.1068  data: 1.8536  max mem: 0
Epoch: [257]  [ 50/114]  eta: 0:04:09  lr: 0.000010  loss: 0.5415 (4.4211)  time: 3.8486  data: 1.5956  max mem: 0
Epoch: [257]  [100/114]  eta: 0:00:54  lr: 0.000010  loss: 0.5196 (3.7039)  time: 3.8435  data: 1.5903  max mem: 0
Epoch: [257]  [113/114]  eta: 0:00:03  lr: 0.000010  loss: 0.5657 (3.4605)  time: 3.8703  data: 1.6316  max mem: 0
Epoch: [257] Total time: 0:07:23 (3.8872 s / it)
  [  0/171]  eta: 0:01:17    time: 0.4561  data: 0.1677  max mem: 0
  [ 50/171]  eta: 0:00:57    time: 0.5134  data: 0.2254  max mem: 0
  [100/171]  eta: 0:00:33    time: 0.4521  data: 0.1641  max mem: 0
  [150/171]  eta: 0:00:10    time: 0.5294  data: 0.2413  max mem: 0
  [170/171]  eta: 0:00:00    time: 0.5291  data: 0.2411  max mem: 0
 Total time: 0:01:24 (0.4967 s / it)
SDR= 1.8695420326659005
Epoch: [258]  [  0/114]  eta: 0:07:28  lr: 0.000010  loss: 0.5502 (0.5502)  time: 3.9345  data: 1.6812  max mem: 0
Epoch: [258]  [ 50/114]  eta: 0:04:09  lr: 0.000010  loss: 9.2206 (3.8895)  time: 3.8952  data: 1.6415  max mem: 0
Epoch: [258]  [100/114]  eta: 0:00:54  lr: 0.000010  loss: 0.4743 (3.5243)  time: 3.9305  data: 1.6774  max mem: 0
Epoch: [258]  [113/114]  eta: 0:00:03  lr: 0.000010  loss: 0.5570 (3.4628)  time: 3.9336  data: 1.6947  max mem: 0
Epoch: [258] Total time: 0:07:25 (3.9068 s / it)
  [  0/171]  eta: 0:01:16    time: 0.4487  data: 0.1606  max mem: 0
  [ 50/171]  eta: 0:00:57    time: 0.5110  data: 0.2231  max mem: 0
  [100/171]  eta: 0:00:33    time: 0.4554  data: 0.1674  max mem: 0
  [150/171]  eta: 0:00:10    time: 0.5262  data: 0.2383  max mem: 0
  [170/171]  eta: 0:00:00    time: 0.5270  data: 0.2391  max mem: 0
 Total time: 0:01:24 (0.4954 s / it)
SDR= 1.869717217362299
Epoch: [259]  [  0/114]  eta: 0:07:21  lr: 0.000010  loss: 11.4051 (11.4051)  time: 3.8754  data: 1.6219  max mem: 0
Epoch: [259]  [ 50/114]  eta: 0:04:10  lr: 0.000010  loss: 0.5314 (3.1518)  time: 3.8893  data: 1.6363  max mem: 0
Epoch: [259]  [100/114]  eta: 0:00:54  lr: 0.000010  loss: 8.1544 (3.4010)  time: 3.8977  data: 1.6442  max mem: 0
Epoch: [259]  [113/114]  eta: 0:00:03  lr: 0.000010  loss: 0.4912 (3.4609)  time: 3.8464  data: 1.6079  max mem: 0
Epoch: [259] Total time: 0:07:26 (3.9192 s / it)
  [  0/171]  eta: 0:01:17    time: 0.4544  data: 0.1659  max mem: 0
  [ 50/171]  eta: 0:00:59    time: 0.5413  data: 0.2533  max mem: 0
  [100/171]  eta: 0:00:34    time: 0.4625  data: 0.1744  max mem: 0
  [150/171]  eta: 0:00:10    time: 0.5348  data: 0.2469  max mem: 0
  [170/171]  eta: 0:00:00    time: 0.5303  data: 0.2424  max mem: 0
 Total time: 0:01:26 (0.5078 s / it)
SDR= 1.87141697405139
Epoch: [260]  [  0/114]  eta: 0:07:02  lr: 0.000010  loss: 0.5397 (0.5397)  time: 3.7023  data: 1.4495  max mem: 0
Epoch: [260]  [ 50/114]  eta: 0:04:11  lr: 0.000010  loss: 0.5530 (3.6366)  time: 3.9891  data: 1.7354  max mem: 0
Epoch: [260]  [100/114]  eta: 0:00:55  lr: 0.000010  loss: 8.7317 (3.4046)  time: 3.9641  data: 1.7111  max mem: 0
Epoch: [260]  [113/114]  eta: 0:00:03  lr: 0.000010  loss: 10.4647 (3.4797)  time: 3.8932  data: 1.6545  max mem: 0
Epoch: [260] Total time: 0:07:29 (3.9423 s / it)
  [  0/171]  eta: 0:01:18    time: 0.4575  data: 0.1693  max mem: 0
  [ 50/171]  eta: 0:00:59    time: 0.5308  data: 0.2429  max mem: 0
  [100/171]  eta: 0:00:35    time: 0.4673  data: 0.1794  max mem: 0
  [150/171]  eta: 0:00:10    time: 0.5482  data: 0.2603  max mem: 0
  [170/171]  eta: 0:00:00    time: 0.5356  data: 0.2478  max mem: 0
 Total time: 0:01:27 (0.5135 s / it)
SDR= 1.8711200006196023
Epoch: [261]  [  0/114]  eta: 0:07:27  lr: 0.000010  loss: 0.4995 (0.4995)  time: 3.9214  data: 1.6685  max mem: 0
