nohup: ignoring input
[Warning] Fused window process have not been installed. Please refer to get_started.md for installation.
[Warning] Fused window process have not been installed. Please refer to get_started.md for installation.
[Warning] Fused window process have not been installed. Please refer to get_started.md for installation.
[Warning] Fused window process have not been installed. Please refer to get_started.md for installation.
[Warning] Fused window process have not been installed. Please refer to get_started.md for installation.
Using Pytorch  for DW-Conv
[Warning] Fused window process have not been installed. Please refer to get_started.md for installation.
[Warning] Fused window process have not been installed. Please refer to get_started.md for installation.
/home/jxzhu/HrNet/model/pvt_v2.py:332: UserWarning: Overwriting pvt_v2_b0 in registry with model.pvt_v2.pvt_v2_b0. This is because the name being registered conflicts with an existing name. Please check if this is not expected.
  def pvt_v2_b0(pretrained=False, **kwargs):
/home/jxzhu/HrNet/model/pvt_v2.py:343: UserWarning: Overwriting pvt_v2_b1 in registry with model.pvt_v2.pvt_v2_b1. This is because the name being registered conflicts with an existing name. Please check if this is not expected.
  def pvt_v2_b1(pretrained=False, **kwargs):
/home/jxzhu/HrNet/model/pvt_v2.py:354: UserWarning: Overwriting pvt_v2_b2 in registry with model.pvt_v2.pvt_v2_b2. This is because the name being registered conflicts with an existing name. Please check if this is not expected.
  def pvt_v2_b2(pretrained=False, **kwargs):
/home/jxzhu/HrNet/model/pvt_v2.py:364: UserWarning: Overwriting pvt_v2_b3 in registry with model.pvt_v2.pvt_v2_b3. This is because the name being registered conflicts with an existing name. Please check if this is not expected.
  def pvt_v2_b3(pretrained=False, **kwargs):
/home/jxzhu/HrNet/model/pvt_v2.py:375: UserWarning: Overwriting pvt_v2_b4 in registry with model.pvt_v2.pvt_v2_b4. This is because the name being registered conflicts with an existing name. Please check if this is not expected.
  def pvt_v2_b4(pretrained=False, **kwargs):
/home/jxzhu/HrNet/model/pvt_v2.py:386: UserWarning: Overwriting pvt_v2_b5 in registry with model.pvt_v2.pvt_v2_b5. This is because the name being registered conflicts with an existing name. Please check if this is not expected.
  def pvt_v2_b5(pretrained=False, **kwargs):
/home/jxzhu/HrNet/model/pvt_v2.py:397: UserWarning: Overwriting pvt_v2_b2_li in registry with model.pvt_v2.pvt_v2_b2_li. This is because the name being registered conflicts with an existing name. Please check if this is not expected.
  def pvt_v2_b2_li(pretrained=False, **kwargs):
Namespace(device='cuda:1', data_path='/home/jxzhu/HrNet/data2', fixed_size=[672, 672], num_joints=29, output_dir='/home/jxzhu/NewNet/weight1', resume='', start_epoch=0, epochs=300, lr_steps=[170, 200], lr_gamma=0.1, lr=0.001, weight_decay=0.0001, batch_size=6, amp=False)
Using cuda device training.
/home/jxzhu/.conda/envs/PCTT/lib/python3.10/site-packages/torch/nn/functional.py:3769: UserWarning: nn.functional.upsample is deprecated. Use nn.functional.interpolate instead.
  warnings.warn("nn.functional.upsample is deprecated. Use nn.functional.interpolate instead.")
Epoch: [0]  [ 0/25]  eta: 0:01:19  lr: 0.000043  loss: 337.9133 (337.9133)  time: 3.1988  data: 1.4988  max mem: 0
Epoch: [0]  [24/25]  eta: 0:00:02  lr: 0.001000  loss: 105.2574 (165.5508)  time: 2.1929  data: 1.3263  max mem: 0
Epoch: [0] Total time: 0:00:57 (2.2864 s / it)
  [  0/150]  eta: 0:01:04    time: 0.4332  data: 0.1934  max mem: 0
  [ 40/150]  eta: 0:00:32    time: 0.2763  data: 0.2316  max mem: 0
  [ 80/150]  eta: 0:00:19    time: 0.2699  data: 0.2252  max mem: 0
  [120/150]  eta: 0:00:08    time: 0.3019  data: 0.2555  max mem: 0
  [149/150]  eta: 0:00:00    time: 0.2983  data: 0.2535  max mem: 0
 Total time: 0:00:43 (0.2885 s / it)
tensor(158.6251, device='cuda:1')
Epoch: [1]  [ 0/25]  eta: 0:00:55  lr: 0.001000  loss: 105.1756 (105.1756)  time: 2.2300  data: 1.3647  max mem: 0
Epoch: [1]  [24/25]  eta: 0:00:02  lr: 0.001000  loss: 104.7597 (104.9595)  time: 2.3017  data: 1.4355  max mem: 0
Epoch: [1] Total time: 0:00:57 (2.2921 s / it)
  [  0/150]  eta: 0:00:41    time: 0.2799  data: 0.2351  max mem: 0
  [ 40/150]  eta: 0:00:29    time: 0.2706  data: 0.2259  max mem: 0
  [ 80/150]  eta: 0:00:19    time: 0.2923  data: 0.2466  max mem: 0
  [120/150]  eta: 0:00:08    time: 0.2874  data: 0.2414  max mem: 0
  [149/150]  eta: 0:00:00    time: 0.2705  data: 0.2258  max mem: 0
 Total time: 0:00:41 (0.2778 s / it)
tensor(48.3525, device='cuda:1')
Epoch: [2]  [ 0/25]  eta: 0:00:54  lr: 0.001000  loss: 104.7683 (104.7683)  time: 2.1656  data: 1.2992  max mem: 0
Epoch: [2]  [24/25]  eta: 0:00:02  lr: 0.001000  loss: 104.2538 (104.5612)  time: 2.3664  data: 1.4997  max mem: 0
Epoch: [2] Total time: 0:00:58 (2.3567 s / it)
  [  0/150]  eta: 0:00:42    time: 0.2848  data: 0.2399  max mem: 0
  [ 40/150]  eta: 0:00:31    time: 0.2777  data: 0.2320  max mem: 0
  [ 80/150]  eta: 0:00:19    time: 0.2767  data: 0.2320  max mem: 0
  [120/150]  eta: 0:00:08    time: 0.3063  data: 0.2614  max mem: 0
  [149/150]  eta: 0:00:00    time: 0.2714  data: 0.2267  max mem: 0
 Total time: 0:00:42 (0.2819 s / it)
tensor(31.0142, device='cuda:1')
Epoch: [3]  [ 0/25]  eta: 0:00:58  lr: 0.001000  loss: 104.3549 (104.3549)  time: 2.3455  data: 1.4796  max mem: 0
Epoch: [3]  [24/25]  eta: 0:00:02  lr: 0.001000  loss: 103.3329 (103.8373)  time: 2.2195  data: 1.3532  max mem: 0
Epoch: [3] Total time: 0:00:55 (2.2216 s / it)
  [  0/150]  eta: 0:00:42    time: 0.2855  data: 0.2406  max mem: 0
  [ 40/150]  eta: 0:00:30    time: 0.2754  data: 0.2306  max mem: 0
  [ 80/150]  eta: 0:00:19    time: 0.2704  data: 0.2258  max mem: 0
  [120/150]  eta: 0:00:08    time: 0.2708  data: 0.2261  max mem: 0
  [149/150]  eta: 0:00:00    time: 0.2711  data: 0.2264  max mem: 0
 Total time: 0:00:40 (0.2732 s / it)
tensor(12.3342, device='cuda:1')
Epoch: [4]  [ 0/25]  eta: 0:00:54  lr: 0.001000  loss: 103.3569 (103.3569)  time: 2.1798  data: 1.3140  max mem: 0
Epoch: [4]  [24/25]  eta: 0:00:02  lr: 0.001000  loss: 102.3834 (102.8493)  time: 2.2512  data: 1.3849  max mem: 0
Epoch: [4] Total time: 0:00:55 (2.2372 s / it)
  [  0/150]  eta: 0:00:42    time: 0.2860  data: 0.2411  max mem: 0
  [ 40/150]  eta: 0:00:30    time: 0.2784  data: 0.2330  max mem: 0
  [ 80/150]  eta: 0:00:20    time: 0.3176  data: 0.2727  max mem: 0
  [120/150]  eta: 0:00:08    time: 0.2711  data: 0.2263  max mem: 0
  [149/150]  eta: 0:00:00    time: 0.2844  data: 0.2396  max mem: 0
 Total time: 0:00:43 (0.2875 s / it)
tensor(6.1712, device='cuda:1')
Epoch: [5]  [ 0/25]  eta: 0:00:54  lr: 0.001000  loss: 102.3079 (102.3079)  time: 2.1809  data: 1.3150  max mem: 0
Epoch: [5]  [24/25]  eta: 0:00:02  lr: 0.001000  loss: 101.5696 (101.9689)  time: 2.2214  data: 1.3554  max mem: 0
Epoch: [5] Total time: 0:00:55 (2.2219 s / it)
  [  0/150]  eta: 0:00:42    time: 0.2832  data: 0.2383  max mem: 0
  [ 40/150]  eta: 0:00:31    time: 0.2711  data: 0.2264  max mem: 0
  [ 80/150]  eta: 0:00:19    time: 0.2679  data: 0.2232  max mem: 0
  [120/150]  eta: 0:00:08    time: 0.2708  data: 0.2261  max mem: 0
  [149/150]  eta: 0:00:00    time: 0.2716  data: 0.2268  max mem: 0
 Total time: 0:00:41 (0.2735 s / it)
tensor(3.2699, device='cuda:1')
Epoch: [6]  [ 0/25]  eta: 0:00:54  lr: 0.001000  loss: 101.5202 (101.5202)  time: 2.1791  data: 1.3126  max mem: 0
Epoch: [6]  [24/25]  eta: 0:00:02  lr: 0.001000  loss: 101.0657 (101.3456)  time: 2.2605  data: 1.3942  max mem: 0
Epoch: [6] Total time: 0:00:56 (2.2447 s / it)
  [  0/150]  eta: 0:00:59    time: 0.3994  data: 0.3542  max mem: 0
  [ 40/150]  eta: 0:00:31    time: 0.2702  data: 0.2255  max mem: 0
  [ 80/150]  eta: 0:00:19    time: 0.2783  data: 0.2331  max mem: 0
  [120/150]  eta: 0:00:08    time: 0.2703  data: 0.2257  max mem: 0
  [149/150]  eta: 0:00:00    time: 0.2702  data: 0.2255  max mem: 0
 Total time: 0:00:41 (0.2764 s / it)
tensor(2.4169, device='cuda:1')
Epoch: [7]  [ 0/25]  eta: 0:00:53  lr: 0.001000  loss: 101.0912 (101.0912)  time: 2.1443  data: 1.2784  max mem: 0
Epoch: [7]  [24/25]  eta: 0:00:02  lr: 0.001000  loss: 100.8266 (100.9212)  time: 2.2231  data: 1.3571  max mem: 0
Epoch: [7] Total time: 0:00:55 (2.2092 s / it)
  [  0/150]  eta: 0:00:41    time: 0.2764  data: 0.2316  max mem: 0
  [ 40/150]  eta: 0:00:29    time: 0.2640  data: 0.2194  max mem: 0
  [ 80/150]  eta: 0:00:18    time: 0.2683  data: 0.2236  max mem: 0
  [120/150]  eta: 0:00:08    time: 0.2687  data: 0.2238  max mem: 0
  [149/150]  eta: 0:00:00    time: 0.2757  data: 0.2307  max mem: 0
 Total time: 0:00:40 (0.2692 s / it)
tensor(2.3078, device='cuda:1')
Epoch: [8]  [ 0/25]  eta: 0:00:53  lr: 0.001000  loss: 100.8732 (100.8732)  time: 2.1389  data: 1.2731  max mem: 0
Epoch: [8]  [24/25]  eta: 0:00:02  lr: 0.001000  loss: 100.7153 (100.7545)  time: 2.3477  data: 1.4811  max mem: 0
Epoch: [8] Total time: 0:00:57 (2.3138 s / it)
  [  0/150]  eta: 0:00:41    time: 0.2762  data: 0.2313  max mem: 0
  [ 40/150]  eta: 0:00:29    time: 0.2711  data: 0.2259  max mem: 0
  [ 80/150]  eta: 0:00:18    time: 0.2711  data: 0.2257  max mem: 0
  [120/150]  eta: 0:00:08    time: 0.2650  data: 0.2203  max mem: 0
  [149/150]  eta: 0:00:00    time: 0.2654  data: 0.2207  max mem: 0
 Total time: 0:00:40 (0.2669 s / it)
tensor(2.4462, device='cuda:1')
Epoch: [9]  [ 0/25]  eta: 0:00:53  lr: 0.001000  loss: 100.7189 (100.7189)  time: 2.1448  data: 1.2776  max mem: 0
Epoch: [9]  [24/25]  eta: 0:00:02  lr: 0.001000  loss: 100.6123 (100.6468)  time: 2.2462  data: 1.3798  max mem: 0
Epoch: [9] Total time: 0:00:55 (2.2372 s / it)
  [  0/150]  eta: 0:00:52    time: 0.3508  data: 0.3055  max mem: 0
  [ 40/150]  eta: 0:00:30    time: 0.2677  data: 0.2230  max mem: 0
  [ 80/150]  eta: 0:00:18    time: 0.2692  data: 0.2244  max mem: 0
  [120/150]  eta: 0:00:08    time: 0.2675  data: 0.2228  max mem: 0
  [149/150]  eta: 0:00:00    time: 0.2653  data: 0.2206  max mem: 0
 Total time: 0:00:40 (0.2677 s / it)
tensor(2.2078, device='cuda:1')
Epoch: [10]  [ 0/25]  eta: 0:00:56  lr: 0.001000  loss: 100.6117 (100.6117)  time: 2.2475  data: 1.3825  max mem: 0
Epoch: [10]  [24/25]  eta: 0:00:02  lr: 0.001000  loss: 100.5605 (100.5784)  time: 2.1828  data: 1.3163  max mem: 0
Epoch: [10] Total time: 0:00:54 (2.1858 s / it)
  [  0/150]  eta: 0:00:41    time: 0.2789  data: 0.2340  max mem: 0
  [ 40/150]  eta: 0:00:29    time: 0.2671  data: 0.2224  max mem: 0
  [ 80/150]  eta: 0:00:18    time: 0.2689  data: 0.2237  max mem: 0
  [120/150]  eta: 0:00:08    time: 0.2728  data: 0.2275  max mem: 0
  [149/150]  eta: 0:00:00    time: 0.2897  data: 0.2450  max mem: 0
 Total time: 0:00:40 (0.2715 s / it)
tensor(2.1237, device='cuda:1')
Epoch: [11]  [ 0/25]  eta: 0:00:59  lr: 0.001000  loss: 100.6240 (100.6240)  time: 2.3904  data: 1.5232  max mem: 0
Epoch: [11]  [24/25]  eta: 0:00:02  lr: 0.001000  loss: 100.4235 (100.4985)  time: 2.2095  data: 1.3430  max mem: 0
Epoch: [11] Total time: 0:00:56 (2.2540 s / it)
  [  0/150]  eta: 0:00:41    time: 0.2739  data: 0.2291  max mem: 0
  [ 40/150]  eta: 0:00:30    time: 0.2777  data: 0.2326  max mem: 0
  [ 80/150]  eta: 0:00:19    time: 0.2760  data: 0.2305  max mem: 0
  [120/150]  eta: 0:00:08    time: 0.2869  data: 0.2404  max mem: 0
  [149/150]  eta: 0:00:00    time: 0.2675  data: 0.2227  max mem: 0
 Total time: 0:00:42 (0.2811 s / it)
tensor(2.0195, device='cuda:1')
Epoch: [12]  [ 0/25]  eta: 0:00:56  lr: 0.001000  loss: 100.4383 (100.4383)  time: 2.2768  data: 1.4109  max mem: 0
Epoch: [12]  [24/25]  eta: 0:00:02  lr: 0.001000  loss: 100.3390 (100.3717)  time: 2.1614  data: 1.2950  max mem: 0
Epoch: [12] Total time: 0:00:54 (2.1648 s / it)
  [  0/150]  eta: 0:00:41    time: 0.2748  data: 0.2300  max mem: 0
  [ 40/150]  eta: 0:00:29    time: 0.2682  data: 0.2229  max mem: 0
  [ 80/150]  eta: 0:00:18    time: 0.2781  data: 0.2333  max mem: 0
  [120/150]  eta: 0:00:08    time: 0.3037  data: 0.2587  max mem: 0
  [149/150]  eta: 0:00:00    time: 0.2673  data: 0.2225  max mem: 0
 Total time: 0:00:41 (0.2738 s / it)
tensor(1.9556, device='cuda:1')
Epoch: [13]  [ 0/25]  eta: 0:00:53  lr: 0.001000  loss: 100.3525 (100.3525)  time: 2.1264  data: 1.2604  max mem: 0
Epoch: [13]  [24/25]  eta: 0:00:02  lr: 0.001000  loss: 100.2425 (100.3082)  time: 2.1457  data: 1.2795  max mem: 0
Epoch: [13] Total time: 0:00:53 (2.1542 s / it)
  [  0/150]  eta: 0:00:41    time: 0.2765  data: 0.2316  max mem: 0
  [ 40/150]  eta: 0:00:29    time: 0.2641  data: 0.2194  max mem: 0
  [ 80/150]  eta: 0:00:18    time: 0.2633  data: 0.2187  max mem: 0
  [120/150]  eta: 0:00:07    time: 0.2650  data: 0.2203  max mem: 0
  [149/150]  eta: 0:00:00    time: 0.2643  data: 0.2196  max mem: 0
 Total time: 0:00:39 (0.2642 s / it)
tensor(1.9338, device='cuda:1')
Epoch: [14]  [ 0/25]  eta: 0:00:53  lr: 0.001000  loss: 100.2847 (100.2847)  time: 2.1321  data: 1.2651  max mem: 0
Epoch: [14]  [24/25]  eta: 0:00:02  lr: 0.001000  loss: 100.1923 (100.2268)  time: 2.1460  data: 1.2798  max mem: 0
Epoch: [14] Total time: 0:00:53 (2.1448 s / it)
  [  0/150]  eta: 0:00:41    time: 0.2758  data: 0.2311  max mem: 0
  [ 40/150]  eta: 0:00:29    time: 0.2635  data: 0.2188  max mem: 0
  [ 80/150]  eta: 0:00:18    time: 0.2636  data: 0.2189  max mem: 0
  [120/150]  eta: 0:00:07    time: 0.2635  data: 0.2188  max mem: 0
  [149/150]  eta: 0:00:00    time: 0.2636  data: 0.2189  max mem: 0
 Total time: 0:00:39 (0.2640 s / it)
tensor(1.8745, device='cuda:1')
Epoch: [15]  [ 0/25]  eta: 0:00:53  lr: 0.001000  loss: 100.2233 (100.2233)  time: 2.1244  data: 1.2584  max mem: 0
Epoch: [15]  [24/25]  eta: 0:00:02  lr: 0.001000  loss: 100.1538 (100.1955)  time: 2.1747  data: 1.3082  max mem: 0
Epoch: [15] Total time: 0:00:54 (2.1675 s / it)
  [  0/150]  eta: 0:00:41    time: 0.2737  data: 0.2289  max mem: 0
  [ 40/150]  eta: 0:00:28    time: 0.2620  data: 0.2173  max mem: 0
  [ 80/150]  eta: 0:00:18    time: 0.2626  data: 0.2179  max mem: 0
  [120/150]  eta: 0:00:07    time: 0.2620  data: 0.2174  max mem: 0
  [149/150]  eta: 0:00:00    time: 0.2627  data: 0.2181  max mem: 0
 Total time: 0:00:39 (0.2624 s / it)
tensor(1.8280, device='cuda:1')
Epoch: [16]  [ 0/25]  eta: 0:00:53  lr: 0.001000  loss: 100.1726 (100.1726)  time: 2.1320  data: 1.2655  max mem: 0
Epoch: [16]  [24/25]  eta: 0:00:02  lr: 0.001000  loss: 100.1165 (100.1398)  time: 2.1479  data: 1.2815  max mem: 0
Epoch: [16] Total time: 0:00:53 (2.1460 s / it)
  [  0/150]  eta: 0:00:41    time: 0.2767  data: 0.2318  max mem: 0
  [ 40/150]  eta: 0:00:29    time: 0.2643  data: 0.2196  max mem: 0
  [ 80/150]  eta: 0:00:18    time: 0.2638  data: 0.2191  max mem: 0
  [120/150]  eta: 0:00:07    time: 0.2642  data: 0.2195  max mem: 0
  [149/150]  eta: 0:00:00    time: 0.2643  data: 0.2196  max mem: 0
 Total time: 0:00:39 (0.2644 s / it)
tensor(1.7900, device='cuda:1')
Epoch: [17]  [ 0/25]  eta: 0:00:53  lr: 0.001000  loss: 100.1320 (100.1320)  time: 2.1398  data: 1.2742  max mem: 0
Epoch: [17]  [24/25]  eta: 0:00:02  lr: 0.001000  loss: 99.7972 (99.9805)  time: 2.1474  data: 1.2811  max mem: 0
Epoch: [17] Total time: 0:00:53 (2.1467 s / it)
  [  0/150]  eta: 0:00:41    time: 0.2744  data: 0.2297  max mem: 0
  [ 40/150]  eta: 0:00:29    time: 0.2639  data: 0.2193  max mem: 0
  [ 80/150]  eta: 0:00:18    time: 0.2626  data: 0.2179  max mem: 0
  [120/150]  eta: 0:00:07    time: 0.2628  data: 0.2181  max mem: 0
  [149/150]  eta: 0:00:00    time: 0.2629  data: 0.2183  max mem: 0
 Total time: 0:00:39 (0.2634 s / it)
tensor(2.1657, device='cuda:1')
Epoch: [18]  [ 0/25]  eta: 0:00:53  lr: 0.001000  loss: 99.8318 (99.8318)  time: 2.1326  data: 1.2671  max mem: 0
Epoch: [18]  [24/25]  eta: 0:00:02  lr: 0.001000  loss: 99.2938 (99.5478)  time: 2.1467  data: 1.2803  max mem: 0
Epoch: [18] Total time: 0:00:53 (2.1454 s / it)
  [  0/150]  eta: 0:00:41    time: 0.2742  data: 0.2294  max mem: 0
  [ 40/150]  eta: 0:00:29    time: 0.2637  data: 0.2190  max mem: 0
  [ 80/150]  eta: 0:00:19    time: 0.2814  data: 0.2367  max mem: 0
  [120/150]  eta: 0:00:08    time: 0.2629  data: 0.2182  max mem: 0
  [149/150]  eta: 0:00:00    time: 0.2794  data: 0.2346  max mem: 0
 Total time: 0:00:41 (0.2749 s / it)
tensor(1.9798, device='cuda:1')
Epoch: [19]  [ 0/25]  eta: 0:00:53  lr: 0.001000  loss: 99.3629 (99.3629)  time: 2.1405  data: 1.2747  max mem: 0
Epoch: [19]  [24/25]  eta: 0:00:02  lr: 0.001000  loss: 99.0144 (99.1537)  time: 2.2233  data: 1.3568  max mem: 0
Epoch: [19] Total time: 0:00:55 (2.2236 s / it)
  [  0/150]  eta: 0:00:41    time: 0.2761  data: 0.2313  max mem: 0
  [ 40/150]  eta: 0:00:29    time: 0.2677  data: 0.2230  max mem: 0
  [ 80/150]  eta: 0:00:18    time: 0.2690  data: 0.2243  max mem: 0
  [120/150]  eta: 0:00:08    time: 0.2706  data: 0.2258  max mem: 0
  [149/150]  eta: 0:00:00    time: 0.2633  data: 0.2186  max mem: 0
 Total time: 0:00:40 (0.2669 s / it)
tensor(1.9086, device='cuda:1')
Epoch: [20]  [ 0/25]  eta: 0:00:53  lr: 0.001000  loss: 99.0354 (99.0354)  time: 2.1479  data: 1.2815  max mem: 0
Epoch: [20]  [24/25]  eta: 0:00:02  lr: 0.001000  loss: 98.8130 (98.9183)  time: 2.1891  data: 1.3230  max mem: 0
Epoch: [20] Total time: 0:00:54 (2.1864 s / it)
  [  0/150]  eta: 0:00:41    time: 0.2739  data: 0.2291  max mem: 0
  [ 40/150]  eta: 0:00:29    time: 0.2639  data: 0.2192  max mem: 0
  [ 80/150]  eta: 0:00:18    time: 0.2836  data: 0.2379  max mem: 0
  [120/150]  eta: 0:00:08    time: 0.2632  data: 0.2185  max mem: 0
  [149/150]  eta: 0:00:00    time: 0.2647  data: 0.2200  max mem: 0
 Total time: 0:00:40 (0.2696 s / it)
tensor(1.8756, device='cuda:1')
Epoch: [21]  [ 0/25]  eta: 0:00:53  lr: 0.001000  loss: 98.8796 (98.8796)  time: 2.1484  data: 1.2816  max mem: 0
Epoch: [21]  [24/25]  eta: 0:00:02  lr: 0.001000  loss: 98.7439 (98.7825)  time: 2.2548  data: 1.3880  max mem: 0
Epoch: [21] Total time: 0:00:56 (2.2442 s / it)
  [  0/150]  eta: 0:00:42    time: 0.2825  data: 0.2374  max mem: 0
  [ 40/150]  eta: 0:00:31    time: 0.2979  data: 0.2530  max mem: 0
  [ 80/150]  eta: 0:00:20    time: 0.2707  data: 0.2259  max mem: 0
  [120/150]  eta: 0:00:08    time: 0.2739  data: 0.2290  max mem: 0
  [149/150]  eta: 0:00:00    time: 0.2745  data: 0.2296  max mem: 0
 Total time: 0:00:42 (0.2866 s / it)
tensor(1.8638, device='cuda:1')
Epoch: [22]  [ 0/25]  eta: 0:00:54  lr: 0.001000  loss: 98.8098 (98.8098)  time: 2.1943  data: 1.3258  max mem: 0
Epoch: [22]  [24/25]  eta: 0:00:02  lr: 0.001000  loss: 98.7796 (98.7643)  time: 2.2886  data: 1.4212  max mem: 0
Epoch: [22] Total time: 0:00:56 (2.2686 s / it)
  [  0/150]  eta: 0:00:41    time: 0.2757  data: 0.2309  max mem: 0
  [ 40/150]  eta: 0:00:29    time: 0.2668  data: 0.2220  max mem: 0
  [ 80/150]  eta: 0:00:18    time: 0.2654  data: 0.2207  max mem: 0
  [120/150]  eta: 0:00:08    time: 0.2719  data: 0.2272  max mem: 0
  [149/150]  eta: 0:00:00    time: 0.2703  data: 0.2252  max mem: 0
 Total time: 0:00:40 (0.2696 s / it)
tensor(1.9313, device='cuda:1')
Epoch: [23]  [ 0/25]  eta: 0:00:53  lr: 0.001000  loss: 98.8226 (98.8226)  time: 2.1384  data: 1.2728  max mem: 0
Epoch: [23]  [24/25]  eta: 0:00:02  lr: 0.001000  loss: 98.7030 (98.7540)  time: 2.1863  data: 1.3202  max mem: 0
Epoch: [23] Total time: 0:00:54 (2.1847 s / it)
  [  0/150]  eta: 0:00:41    time: 0.2746  data: 0.2299  max mem: 0
  [ 40/150]  eta: 0:00:29    time: 0.2687  data: 0.2240  max mem: 0
  [ 80/150]  eta: 0:00:18    time: 0.2665  data: 0.2218  max mem: 0
  [120/150]  eta: 0:00:08    time: 0.2695  data: 0.2246  max mem: 0
  [149/150]  eta: 0:00:00    time: 0.2690  data: 0.2243  max mem: 0
 Total time: 0:00:40 (0.2679 s / it)
tensor(1.8102, device='cuda:1')
Epoch: [24]  [ 0/25]  eta: 0:00:59  lr: 0.001000  loss: 98.7866 (98.7866)  time: 2.3795  data: 1.5123  max mem: 0
Epoch: [24]  [24/25]  eta: 0:00:02  lr: 0.001000  loss: 98.6957 (98.7330)  time: 2.2768  data: 1.4105  max mem: 0
Epoch: [24] Total time: 0:00:56 (2.2703 s / it)
  [  0/150]  eta: 0:00:41    time: 0.2771  data: 0.2323  max mem: 0
  [ 40/150]  eta: 0:00:29    time: 0.2639  data: 0.2192  max mem: 0
  [ 80/150]  eta: 0:00:18    time: 0.2672  data: 0.2225  max mem: 0
  [120/150]  eta: 0:00:08    time: 0.2615  data: 0.2168  max mem: 0
  [149/150]  eta: 0:00:00    time: 0.2716  data: 0.2269  max mem: 0
 Total time: 0:00:41 (0.2734 s / it)
tensor(1.8041, device='cuda:1')
Epoch: [25]  [ 0/25]  eta: 0:00:53  lr: 0.001000  loss: 98.7207 (98.7207)  time: 2.1453  data: 1.2784  max mem: 0
Epoch: [25]  [24/25]  eta: 0:00:02  lr: 0.001000  loss: 98.6760 (98.7093)  time: 2.2299  data: 1.3633  max mem: 0
Epoch: [25] Total time: 0:00:55 (2.2132 s / it)
  [  0/150]  eta: 0:00:41    time: 0.2734  data: 0.2286  max mem: 0
  [ 40/150]  eta: 0:00:29    time: 0.2645  data: 0.2198  max mem: 0
  [ 80/150]  eta: 0:00:18    time: 0.2645  data: 0.2198  max mem: 0
  [120/150]  eta: 0:00:08    time: 0.2888  data: 0.2439  max mem: 0
  [149/150]  eta: 0:00:00    time: 0.2722  data: 0.2274  max mem: 0
 Total time: 0:00:40 (0.2700 s / it)
tensor(1.8894, device='cuda:1')
Epoch: [26]  [ 0/25]  eta: 0:00:58  lr: 0.001000  loss: 98.7383 (98.7383)  time: 2.3485  data: 1.4827  max mem: 0
Epoch: [26]  [24/25]  eta: 0:00:02  lr: 0.001000  loss: 98.6439 (98.6894)  time: 2.2472  data: 1.3809  max mem: 0
Epoch: [26] Total time: 0:00:56 (2.2734 s / it)
  [  0/150]  eta: 0:00:43    time: 0.2876  data: 0.2427  max mem: 0
  [ 40/150]  eta: 0:00:30    time: 0.2648  data: 0.2201  max mem: 0
  [ 80/150]  eta: 0:00:19    time: 0.2693  data: 0.2246  max mem: 0
  [120/150]  eta: 0:00:08    time: 0.2645  data: 0.2198  max mem: 0
  [149/150]  eta: 0:00:00    time: 0.2656  data: 0.2209  max mem: 0
 Total time: 0:00:40 (0.2721 s / it)
tensor(1.7352, device='cuda:1')
Epoch: [27]  [ 0/25]  eta: 0:00:53  lr: 0.001000  loss: 98.6861 (98.6861)  time: 2.1442  data: 1.2779  max mem: 0
Epoch: [27]  [24/25]  eta: 0:00:02  lr: 0.001000  loss: 98.6490 (98.6706)  time: 2.2649  data: 1.3985  max mem: 0
Epoch: [27] Total time: 0:00:56 (2.2440 s / it)
  [  0/150]  eta: 0:00:41    time: 0.2750  data: 0.2302  max mem: 0
  [ 40/150]  eta: 0:00:29    time: 0.2637  data: 0.2190  max mem: 0
  [ 80/150]  eta: 0:00:18    time: 0.2658  data: 0.2211  max mem: 0
  [120/150]  eta: 0:00:08    time: 0.2629  data: 0.2182  max mem: 0
  [149/150]  eta: 0:00:00    time: 0.2672  data: 0.2225  max mem: 0
 Total time: 0:00:40 (0.2677 s / it)
tensor(1.7168, device='cuda:1')
Epoch: [28]  [ 0/25]  eta: 0:00:53  lr: 0.001000  loss: 98.6753 (98.6753)  time: 2.1502  data: 1.2834  max mem: 0
Epoch: [28]  [24/25]  eta: 0:00:02  lr: 0.001000  loss: 98.6350 (98.6553)  time: 2.1532  data: 1.2868  max mem: 0
Epoch: [28] Total time: 0:00:53 (2.1538 s / it)
  [  0/150]  eta: 0:00:41    time: 0.2757  data: 0.2309  max mem: 0
  [ 40/150]  eta: 0:00:28    time: 0.2628  data: 0.2181  max mem: 0
  [ 80/150]  eta: 0:00:18    time: 0.2630  data: 0.2183  max mem: 0
  [120/150]  eta: 0:00:07    time: 0.2698  data: 0.2251  max mem: 0
  [149/150]  eta: 0:00:00    time: 0.2680  data: 0.2233  max mem: 0
 Total time: 0:00:39 (0.2656 s / it)
tensor(1.7428, device='cuda:1')
Epoch: [29]  [ 0/25]  eta: 0:00:54  lr: 0.001000  loss: 98.6584 (98.6584)  time: 2.1793  data: 1.3133  max mem: 0
Epoch: [29]  [24/25]  eta: 0:00:02  lr: 0.001000  loss: 98.6530 (98.6525)  time: 2.2057  data: 1.3393  max mem: 0
Epoch: [29] Total time: 0:00:54 (2.1982 s / it)
  [  0/150]  eta: 0:00:41    time: 0.2780  data: 0.2332  max mem: 0
  [ 40/150]  eta: 0:00:30    time: 0.2642  data: 0.2195  max mem: 0
  [ 80/150]  eta: 0:00:19    time: 0.2675  data: 0.2228  max mem: 0
  [120/150]  eta: 0:00:08    time: 0.2740  data: 0.2292  max mem: 0
  [149/150]  eta: 0:00:00    time: 0.2656  data: 0.2208  max mem: 0
 Total time: 0:00:40 (0.2707 s / it)
tensor(1.6939, device='cuda:1')
Epoch: [30]  [ 0/25]  eta: 0:00:57  lr: 0.001000  loss: 98.6557 (98.6557)  time: 2.2802  data: 1.4123  max mem: 0
Epoch: [30]  [24/25]  eta: 0:00:02  lr: 0.001000  loss: 98.6206 (98.6446)  time: 2.2155  data: 1.3485  max mem: 0
Epoch: [30] Total time: 0:00:55 (2.2107 s / it)
  [  0/150]  eta: 0:00:57    time: 0.3837  data: 0.3384  max mem: 0
  [ 40/150]  eta: 0:00:30    time: 0.2690  data: 0.2243  max mem: 0
  [ 80/150]  eta: 0:00:19    time: 0.2758  data: 0.2300  max mem: 0
  [120/150]  eta: 0:00:08    time: 0.2638  data: 0.2191  max mem: 0
  [149/150]  eta: 0:00:00    time: 0.2680  data: 0.2232  max mem: 0
 Total time: 0:00:40 (0.2725 s / it)
tensor(1.7500, device='cuda:1')
Epoch: [31]  [ 0/25]  eta: 0:00:59  lr: 0.001000  loss: 98.6586 (98.6586)  time: 2.3848  data: 1.5158  max mem: 0
Epoch: [31]  [24/25]  eta: 0:00:02  lr: 0.001000  loss: 98.6384 (98.6467)  time: 2.2281  data: 1.3614  max mem: 0
Epoch: [31] Total time: 0:00:56 (2.2453 s / it)
  [  0/150]  eta: 0:00:56    time: 0.3762  data: 0.3309  max mem: 0
  [ 40/150]  eta: 0:00:29    time: 0.2692  data: 0.2241  max mem: 0
  [ 80/150]  eta: 0:00:18    time: 0.2626  data: 0.2179  max mem: 0
  [120/150]  eta: 0:00:08    time: 0.2878  data: 0.2430  max mem: 0
  [149/150]  eta: 0:00:00    time: 0.2628  data: 0.2181  max mem: 0
 Total time: 0:00:40 (0.2720 s / it)
tensor(1.7429, device='cuda:1')
Epoch: [32]  [ 0/25]  eta: 0:00:53  lr: 0.001000  loss: 98.6589 (98.6589)  time: 2.1387  data: 1.2719  max mem: 0
Epoch: [32]  [24/25]  eta: 0:00:02  lr: 0.001000  loss: 98.6226 (98.6402)  time: 2.1401  data: 1.2737  max mem: 0
Epoch: [32] Total time: 0:00:53 (2.1390 s / it)
  [  0/150]  eta: 0:00:40    time: 0.2727  data: 0.2279  max mem: 0
  [ 40/150]  eta: 0:00:28    time: 0.2610  data: 0.2163  max mem: 0
  [ 80/150]  eta: 0:00:18    time: 0.2660  data: 0.2213  max mem: 0
  [120/150]  eta: 0:00:08    time: 0.2916  data: 0.2467  max mem: 0
  [149/150]  eta: 0:00:00    time: 0.2664  data: 0.2216  max mem: 0
 Total time: 0:00:40 (0.2729 s / it)
tensor(1.7405, device='cuda:1')
Epoch: [33]  [ 0/25]  eta: 0:00:52  lr: 0.001000  loss: 98.6535 (98.6535)  time: 2.1175  data: 1.2498  max mem: 0
Epoch: [33]  [24/25]  eta: 0:00:02  lr: 0.001000  loss: 98.6297 (98.6328)  time: 2.1664  data: 1.3000  max mem: 0
Epoch: [33] Total time: 0:00:53 (2.1593 s / it)
  [  0/150]  eta: 0:00:40    time: 0.2724  data: 0.2276  max mem: 0
  [ 40/150]  eta: 0:00:28    time: 0.2627  data: 0.2181  max mem: 0
  [ 80/150]  eta: 0:00:18    time: 0.2600  data: 0.2153  max mem: 0
  [120/150]  eta: 0:00:08    time: 0.2976  data: 0.2527  max mem: 0
  [149/150]  eta: 0:00:00    time: 0.2601  data: 0.2154  max mem: 0
 Total time: 0:00:40 (0.2690 s / it)
tensor(1.7699, device='cuda:1')
Epoch: [34]  [ 0/25]  eta: 0:00:52  lr: 0.001000  loss: 98.6451 (98.6451)  time: 2.1191  data: 1.2520  max mem: 0
Epoch: [34]  [24/25]  eta: 0:00:02  lr: 0.001000  loss: 98.6035 (98.6324)  time: 2.1513  data: 1.2846  max mem: 0
Epoch: [34] Total time: 0:00:55 (2.2226 s / it)
  [  0/150]  eta: 0:00:40    time: 0.2721  data: 0.2273  max mem: 0
  [ 40/150]  eta: 0:00:28    time: 0.2609  data: 0.2162  max mem: 0
  [ 80/150]  eta: 0:00:18    time: 0.2595  data: 0.2148  max mem: 0
  [120/150]  eta: 0:00:08    time: 0.2599  data: 0.2153  max mem: 0
  [149/150]  eta: 0:00:00    time: 0.3238  data: 0.2788  max mem: 0
 Total time: 0:00:42 (0.2816 s / it)
tensor(1.8423, device='cuda:1')
Epoch: [35]  [ 0/25]  eta: 0:00:56  lr: 0.001000  loss: 98.6675 (98.6675)  time: 2.2505  data: 1.3839  max mem: 0
Epoch: [35]  [24/25]  eta: 0:00:02  lr: 0.001000  loss: 98.6070 (98.6347)  time: 2.1312  data: 1.2648  max mem: 0
Epoch: [35] Total time: 0:00:53 (2.1367 s / it)
  [  0/150]  eta: 0:00:41    time: 0.2734  data: 0.2286  max mem: 0
  [ 40/150]  eta: 0:00:28    time: 0.2654  data: 0.2207  max mem: 0
  [ 80/150]  eta: 0:00:19    time: 0.2642  data: 0.2195  max mem: 0
  [120/150]  eta: 0:00:08    time: 0.2854  data: 0.2406  max mem: 0
  [149/150]  eta: 0:00:00    time: 0.2788  data: 0.2341  max mem: 0
 Total time: 0:00:41 (0.2774 s / it)
tensor(1.8602, device='cuda:1')
Epoch: [36]  [ 0/25]  eta: 0:01:02  lr: 0.001000  loss: 98.6411 (98.6411)  time: 2.5043  data: 1.6358  max mem: 0
Epoch: [36]  [24/25]  eta: 0:00:02  lr: 0.001000  loss: 98.6194 (98.6341)  time: 2.1889  data: 1.3215  max mem: 0
Epoch: [36] Total time: 0:00:55 (2.2149 s / it)
  [  0/150]  eta: 0:00:56    time: 0.3784  data: 0.3332  max mem: 0
  [ 40/150]  eta: 0:00:32    time: 0.2807  data: 0.2357  max mem: 0
  [ 80/150]  eta: 0:00:19    time: 0.2674  data: 0.2222  max mem: 0
  [120/150]  eta: 0:00:08    time: 0.2631  data: 0.2184  max mem: 0
  [149/150]  eta: 0:00:00    time: 0.2626  data: 0.2179  max mem: 0
 Total time: 0:00:40 (0.2730 s / it)
tensor(1.8234, device='cuda:1')
Epoch: [37]  [ 0/25]  eta: 0:00:53  lr: 0.001000  loss: 98.6578 (98.6578)  time: 2.1233  data: 1.2559  max mem: 0
Epoch: [37]  [24/25]  eta: 0:00:02  lr: 0.001000  loss: 98.6121 (98.6289)  time: 2.1462  data: 1.2796  max mem: 0
Epoch: [37] Total time: 0:00:53 (2.1463 s / it)
  [  0/150]  eta: 0:00:40    time: 0.2724  data: 0.2276  max mem: 0
  [ 40/150]  eta: 0:00:28    time: 0.2613  data: 0.2166  max mem: 0
  [ 80/150]  eta: 0:00:18    time: 0.2614  data: 0.2167  max mem: 0
  [120/150]  eta: 0:00:07    time: 0.2614  data: 0.2167  max mem: 0
  [149/150]  eta: 0:00:00    time: 0.2613  data: 0.2166  max mem: 0
 Total time: 0:00:39 (0.2613 s / it)
tensor(1.6953, device='cuda:1')
Epoch: [38]  [ 0/25]  eta: 0:00:54  lr: 0.001000  loss: 98.6153 (98.6153)  time: 2.1770  data: 1.3112  max mem: 0
Epoch: [38]  [24/25]  eta: 0:00:02  lr: 0.001000  loss: 98.6008 (98.6134)  time: 2.1414  data: 1.2747  max mem: 0
Epoch: [38] Total time: 0:00:53 (2.1424 s / it)
  [  0/150]  eta: 0:00:41    time: 0.2753  data: 0.2305  max mem: 0
  [ 40/150]  eta: 0:00:28    time: 0.2607  data: 0.2160  max mem: 0
  [ 80/150]  eta: 0:00:18    time: 0.2609  data: 0.2162  max mem: 0
  [120/150]  eta: 0:00:07    time: 0.2609  data: 0.2162  max mem: 0
  [149/150]  eta: 0:00:00    time: 0.2610  data: 0.2163  max mem: 0
 Total time: 0:00:39 (0.2609 s / it)
tensor(1.8001, device='cuda:1')
Epoch: [39]  [ 0/25]  eta: 0:00:53  lr: 0.001000  loss: 98.6143 (98.6143)  time: 2.1216  data: 1.2556  max mem: 0
Epoch: [39]  [24/25]  eta: 0:00:02  lr: 0.001000  loss: 98.5960 (98.6041)  time: 2.1444  data: 1.2775  max mem: 0
Epoch: [39] Total time: 0:00:53 (2.1427 s / it)
  [  0/150]  eta: 0:00:41    time: 0.2748  data: 0.2299  max mem: 0
  [ 40/150]  eta: 0:00:28    time: 0.2616  data: 0.2169  max mem: 0
  [ 80/150]  eta: 0:00:18    time: 0.2614  data: 0.2167  max mem: 0
  [120/150]  eta: 0:00:07    time: 0.2612  data: 0.2165  max mem: 0
  [149/150]  eta: 0:00:00    time: 0.3250  data: 0.2800  max mem: 0
 Total time: 0:00:40 (0.2726 s / it)
tensor(1.6885, device='cuda:1')
Epoch: [40]  [ 0/25]  eta: 0:00:56  lr: 0.001000  loss: 98.6078 (98.6078)  time: 2.2799  data: 1.4129  max mem: 0
Epoch: [40]  [24/25]  eta: 0:00:02  lr: 0.001000  loss: 98.5976 (98.5959)  time: 2.2050  data: 1.3383  max mem: 0
Epoch: [40] Total time: 0:00:55 (2.2088 s / it)
  [  0/150]  eta: 0:00:40    time: 0.2719  data: 0.2271  max mem: 0
  [ 40/150]  eta: 0:00:30    time: 0.2813  data: 0.2364  max mem: 0
  [ 80/150]  eta: 0:00:18    time: 0.2604  data: 0.2157  max mem: 0
  [120/150]  eta: 0:00:08    time: 0.2606  data: 0.2159  max mem: 0
  [149/150]  eta: 0:00:00    time: 0.3332  data: 0.2882  max mem: 0
 Total time: 0:00:41 (0.2777 s / it)
tensor(1.7581, device='cuda:1')
Epoch: [41]  [ 0/25]  eta: 0:01:00  lr: 0.001000  loss: 98.6057 (98.6057)  time: 2.4032  data: 1.5369  max mem: 0
Epoch: [41]  [24/25]  eta: 0:00:02  lr: 0.001000  loss: 98.6036 (98.6062)  time: 2.2229  data: 1.3562  max mem: 0
Epoch: [41] Total time: 0:00:56 (2.2563 s / it)
  [  0/150]  eta: 0:00:40    time: 0.2726  data: 0.2277  max mem: 0
  [ 40/150]  eta: 0:00:28    time: 0.2608  data: 0.2161  max mem: 0
  [ 80/150]  eta: 0:00:18    time: 0.2780  data: 0.2326  max mem: 0
  [120/150]  eta: 0:00:08    time: 0.2765  data: 0.2313  max mem: 0
  [149/150]  eta: 0:00:00    time: 0.2694  data: 0.2246  max mem: 0
 Total time: 0:00:41 (0.2776 s / it)
tensor(1.6688, device='cuda:1')
Epoch: [42]  [ 0/25]  eta: 0:00:53  lr: 0.001000  loss: 98.6104 (98.6104)  time: 2.1211  data: 1.2550  max mem: 0
Epoch: [42]  [24/25]  eta: 0:00:02  lr: 0.001000  loss: 98.6511 (98.6189)  time: 2.1851  data: 1.3185  max mem: 0
Epoch: [42] Total time: 0:00:54 (2.1724 s / it)
  [  0/150]  eta: 0:00:40    time: 0.2699  data: 0.2251  max mem: 0
  [ 40/150]  eta: 0:00:31    time: 0.2755  data: 0.2305  max mem: 0
  [ 80/150]  eta: 0:00:19    time: 0.2662  data: 0.2210  max mem: 0
  [120/150]  eta: 0:00:08    time: 0.2612  data: 0.2166  max mem: 0
  [149/150]  eta: 0:00:00    time: 0.3084  data: 0.2635  max mem: 0
 Total time: 0:00:42 (0.2801 s / it)
tensor(1.7104, device='cuda:1')
Epoch: [43]  [ 0/25]  eta: 0:00:53  lr: 0.001000  loss: 98.6195 (98.6195)  time: 2.1284  data: 1.2620  max mem: 0
Epoch: [43]  [24/25]  eta: 0:00:02  lr: 0.001000  loss: 98.6117 (98.6179)  time: 2.1589  data: 1.2921  max mem: 0
Epoch: [43] Total time: 0:00:53 (2.1535 s / it)
  [  0/150]  eta: 0:00:40    time: 0.2707  data: 0.2259  max mem: 0
  [ 40/150]  eta: 0:00:30    time: 0.3042  data: 0.2593  max mem: 0
  [ 80/150]  eta: 0:00:20    time: 0.3072  data: 0.2623  max mem: 0
  [120/150]  eta: 0:00:08    time: 0.2998  data: 0.2549  max mem: 0
  [149/150]  eta: 0:00:00    time: 0.2749  data: 0.2301  max mem: 0
 Total time: 0:00:42 (0.2849 s / it)
tensor(1.6669, device='cuda:1')
Epoch: [44]  [ 0/25]  eta: 0:00:54  lr: 0.001000  loss: 98.5983 (98.5983)  time: 2.1949  data: 1.3281  max mem: 0
Epoch: [44]  [24/25]  eta: 0:00:02  lr: 0.001000  loss: 98.6284 (98.6075)  time: 2.1360  data: 1.2694  max mem: 0
Epoch: [44] Total time: 0:00:53 (2.1389 s / it)
  [  0/150]  eta: 0:00:40    time: 0.2717  data: 0.2268  max mem: 0
  [ 40/150]  eta: 0:00:29    time: 0.2605  data: 0.2158  max mem: 0
  [ 80/150]  eta: 0:00:18    time: 0.2863  data: 0.2415  max mem: 0
  [120/150]  eta: 0:00:08    time: 0.2936  data: 0.2487  max mem: 0
  [149/150]  eta: 0:00:00    time: 0.2913  data: 0.2464  max mem: 0
 Total time: 0:00:41 (0.2784 s / it)
tensor(1.8716, device='cuda:1')
Epoch: [45]  [ 0/25]  eta: 0:00:52  lr: 0.001000  loss: 98.6319 (98.6319)  time: 2.1113  data: 1.2455  max mem: 0
Epoch: [45]  [24/25]  eta: 0:00:02  lr: 0.001000  loss: 98.6017 (98.6122)  time: 2.2379  data: 1.3711  max mem: 0
Epoch: [45] Total time: 0:00:55 (2.2148 s / it)
  [  0/150]  eta: 0:00:40    time: 0.2727  data: 0.2278  max mem: 0
  [ 40/150]  eta: 0:00:29    time: 0.2597  data: 0.2150  max mem: 0
  [ 80/150]  eta: 0:00:18    time: 0.2598  data: 0.2151  max mem: 0
  [120/150]  eta: 0:00:08    time: 0.2600  data: 0.2153  max mem: 0
  [149/150]  eta: 0:00:00    time: 0.3479  data: 0.3012  max mem: 0
 Total time: 0:00:41 (0.2777 s / it)
tensor(1.8734, device='cuda:1')
Epoch: [46]  [ 0/25]  eta: 0:01:05  lr: 0.001000  loss: 98.6183 (98.6183)  time: 2.6400  data: 1.7720  max mem: 0
Epoch: [46]  [24/25]  eta: 0:00:02  lr: 0.001000  loss: 98.6038 (98.6137)  time: 2.1381  data: 1.2718  max mem: 0
Epoch: [46] Total time: 0:00:54 (2.1646 s / it)
  [  0/150]  eta: 0:00:40    time: 0.2731  data: 0.2283  max mem: 0
  [ 40/150]  eta: 0:00:28    time: 0.2607  data: 0.2160  max mem: 0
  [ 80/150]  eta: 0:00:18    time: 0.2850  data: 0.2402  max mem: 0
  [120/150]  eta: 0:00:07    time: 0.2605  data: 0.2158  max mem: 0
  [149/150]  eta: 0:00:00    time: 0.2959  data: 0.2511  max mem: 0
 Total time: 0:00:41 (0.2747 s / it)
tensor(1.7364, device='cuda:1')
Epoch: [47]  [ 0/25]  eta: 0:00:52  lr: 0.001000  loss: 98.6081 (98.6081)  time: 2.1084  data: 1.2421  max mem: 0
Epoch: [47]  [24/25]  eta: 0:00:02  lr: 0.001000  loss: 98.5962 (98.6098)  time: 2.1837  data: 1.3171  max mem: 0
Epoch: [47] Total time: 0:00:54 (2.1717 s / it)
  [  0/150]  eta: 0:00:41    time: 0.2753  data: 0.2304  max mem: 0
  [ 40/150]  eta: 0:00:28    time: 0.2599  data: 0.2152  max mem: 0
  [ 80/150]  eta: 0:00:18    time: 0.2607  data: 0.2160  max mem: 0
  [120/150]  eta: 0:00:07    time: 0.2640  data: 0.2193  max mem: 0
  [149/150]  eta: 0:00:00    time: 0.2633  data: 0.2186  max mem: 0
 Total time: 0:00:39 (0.2632 s / it)
tensor(1.7219, device='cuda:1')
Epoch: [48]  [ 0/25]  eta: 0:00:52  lr: 0.001000  loss: 98.6003 (98.6003)  time: 2.1104  data: 1.2444  max mem: 0
Epoch: [48]  [24/25]  eta: 0:00:02  lr: 0.001000  loss: 98.5910 (98.6000)  time: 2.1453  data: 1.2790  max mem: 0
Epoch: [48] Total time: 0:00:53 (2.1465 s / it)
  [  0/150]  eta: 0:00:40    time: 0.2705  data: 0.2257  max mem: 0
  [ 40/150]  eta: 0:00:29    time: 0.2722  data: 0.2271  max mem: 0
  [ 80/150]  eta: 0:00:20    time: 0.2879  data: 0.2431  max mem: 0
  [120/150]  eta: 0:00:08    time: 0.3000  data: 0.2551  max mem: 0
  [149/150]  eta: 0:00:00    time: 0.2692  data: 0.2245  max mem: 0
 Total time: 0:00:42 (0.2832 s / it)
tensor(1.7332, device='cuda:1')
Epoch: [49]  [ 0/25]  eta: 0:00:53  lr: 0.001000  loss: 98.6059 (98.6059)  time: 2.1212  data: 1.2540  max mem: 0
Epoch: [49]  [24/25]  eta: 0:00:02  lr: 0.001000  loss: 98.5800 (98.5924)  time: 2.2611  data: 1.3935  max mem: 0
Epoch: [49] Total time: 0:00:56 (2.2777 s / it)
  [  0/150]  eta: 0:00:41    time: 0.2797  data: 0.2348  max mem: 0
  [ 40/150]  eta: 0:00:29    time: 0.2648  data: 0.2200  max mem: 0
  [ 80/150]  eta: 0:00:18    time: 0.2633  data: 0.2185  max mem: 0
  [120/150]  eta: 0:00:07    time: 0.2599  data: 0.2152  max mem: 0
  [149/150]  eta: 0:00:00    time: 0.2601  data: 0.2154  max mem: 0
 Total time: 0:00:39 (0.2636 s / it)
tensor(1.7154, device='cuda:1')
Epoch: [50]  [ 0/25]  eta: 0:00:52  lr: 0.001000  loss: 98.5845 (98.5845)  time: 2.1077  data: 1.2413  max mem: 0
Epoch: [50]  [24/25]  eta: 0:00:02  lr: 0.001000  loss: 98.5873 (98.5942)  time: 2.1298  data: 1.2633  max mem: 0
Epoch: [50] Total time: 0:00:53 (2.1281 s / it)
  [  0/150]  eta: 0:00:40    time: 0.2703  data: 0.2254  max mem: 0
  [ 40/150]  eta: 0:00:28    time: 0.2600  data: 0.2153  max mem: 0
  [ 80/150]  eta: 0:00:18    time: 0.2598  data: 0.2151  max mem: 0
  [120/150]  eta: 0:00:07    time: 0.2599  data: 0.2152  max mem: 0
  [149/150]  eta: 0:00:00    time: 0.2600  data: 0.2153  max mem: 0
 Total time: 0:00:38 (0.2599 s / it)
tensor(1.6936, device='cuda:1')
Epoch: [51]  [ 0/25]  eta: 0:00:52  lr: 0.001000  loss: 98.5807 (98.5807)  time: 2.1102  data: 1.2440  max mem: 0
Epoch: [51]  [24/25]  eta: 0:00:02  lr: 0.001000  loss: 98.5990 (98.6028)  time: 2.1208  data: 1.2548  max mem: 0
Epoch: [51] Total time: 0:00:53 (2.1202 s / it)
  [  0/150]  eta: 0:00:40    time: 0.2699  data: 0.2251  max mem: 0
  [ 40/150]  eta: 0:00:28    time: 0.2601  data: 0.2155  max mem: 0
  [ 80/150]  eta: 0:00:18    time: 0.2600  data: 0.2153  max mem: 0
  [120/150]  eta: 0:00:07    time: 0.2600  data: 0.2153  max mem: 0
  [149/150]  eta: 0:00:00    time: 0.2601  data: 0.2154  max mem: 0
 Total time: 0:00:39 (0.2601 s / it)
tensor(1.7398, device='cuda:1')
Epoch: [52]  [ 0/25]  eta: 0:00:52  lr: 0.001000  loss: 98.5993 (98.5993)  time: 2.1098  data: 1.2425  max mem: 0
Epoch: [52]  [24/25]  eta: 0:00:02  lr: 0.001000  loss: 98.6023 (98.6038)  time: 2.1226  data: 1.2560  max mem: 0
Epoch: [52] Total time: 0:00:53 (2.1214 s / it)
  [  0/150]  eta: 0:00:40    time: 0.2686  data: 0.2238  max mem: 0
  [ 40/150]  eta: 0:00:28    time: 0.2602  data: 0.2155  max mem: 0
  [ 80/150]  eta: 0:00:18    time: 0.2597  data: 0.2151  max mem: 0
  [120/150]  eta: 0:00:07    time: 0.2601  data: 0.2154  max mem: 0
  [149/150]  eta: 0:00:00    time: 0.2601  data: 0.2154  max mem: 0
 Total time: 0:00:39 (0.2600 s / it)
tensor(1.6283, device='cuda:1')
Epoch: [53]  [ 0/25]  eta: 0:00:53  lr: 0.001000  loss: 98.6057 (98.6057)  time: 2.1220  data: 1.2557  max mem: 0
Epoch: [53]  [24/25]  eta: 0:00:02  lr: 0.001000  loss: 98.5849 (98.5960)  time: 2.1202  data: 1.2536  max mem: 0
Epoch: [53] Total time: 0:00:53 (2.1202 s / it)
  [  0/150]  eta: 0:00:40    time: 0.2700  data: 0.2252  max mem: 0
  [ 40/150]  eta: 0:00:28    time: 0.2600  data: 0.2153  max mem: 0
  [ 80/150]  eta: 0:00:18    time: 0.2600  data: 0.2153  max mem: 0
  [120/150]  eta: 0:00:07    time: 0.2599  data: 0.2153  max mem: 0
  [149/150]  eta: 0:00:00    time: 0.2600  data: 0.2153  max mem: 0
 Total time: 0:00:39 (0.2601 s / it)
tensor(1.6524, device='cuda:1')
Epoch: [54]  [ 0/25]  eta: 0:00:52  lr: 0.001000  loss: 98.6054 (98.6054)  time: 2.1112  data: 1.2444  max mem: 0
Epoch: [54]  [24/25]  eta: 0:00:02  lr: 0.001000  loss: 98.5779 (98.5962)  time: 2.1203  data: 1.2537  max mem: 0
Epoch: [54] Total time: 0:00:52 (2.1195 s / it)
  [  0/150]  eta: 0:00:40    time: 0.2683  data: 0.2234  max mem: 0
  [ 40/150]  eta: 0:00:28    time: 0.2600  data: 0.2153  max mem: 0
  [ 80/150]  eta: 0:00:18    time: 0.2600  data: 0.2153  max mem: 0
  [120/150]  eta: 0:00:07    time: 0.2600  data: 0.2153  max mem: 0
  [149/150]  eta: 0:00:00    time: 0.2600  data: 0.2153  max mem: 0
 Total time: 0:00:39 (0.2601 s / it)
tensor(1.6398, device='cuda:1')
Epoch: [55]  [ 0/25]  eta: 0:00:52  lr: 0.001000  loss: 98.5877 (98.5877)  time: 2.1159  data: 1.2497  max mem: 0
Epoch: [55]  [24/25]  eta: 0:00:02  lr: 0.001000  loss: 98.5707 (98.5828)  time: 2.1195  data: 1.2532  max mem: 0
Epoch: [55] Total time: 0:00:53 (2.1209 s / it)
  [  0/150]  eta: 0:00:40    time: 0.2700  data: 0.2252  max mem: 0
  [ 40/150]  eta: 0:00:28    time: 0.2601  data: 0.2154  max mem: 0
  [ 80/150]  eta: 0:00:18    time: 0.2600  data: 0.2153  max mem: 0
  [120/150]  eta: 0:00:07    time: 0.2600  data: 0.2153  max mem: 0
  [149/150]  eta: 0:00:00    time: 0.2600  data: 0.2153  max mem: 0
 Total time: 0:00:39 (0.2601 s / it)
tensor(1.6115, device='cuda:1')
Epoch: [56]  [ 0/25]  eta: 0:00:52  lr: 0.001000  loss: 98.5769 (98.5769)  time: 2.1126  data: 1.2455  max mem: 0
Epoch: [56]  [24/25]  eta: 0:00:02  lr: 0.001000  loss: 98.5951 (98.6020)  time: 2.1207  data: 1.2543  max mem: 0
Epoch: [56] Total time: 0:00:53 (2.1203 s / it)
  [  0/150]  eta: 0:00:40    time: 0.2697  data: 0.2250  max mem: 0
  [ 40/150]  eta: 0:00:28    time: 0.2602  data: 0.2155  max mem: 0
  [ 80/150]  eta: 0:00:18    time: 0.2599  data: 0.2153  max mem: 0
  [120/150]  eta: 0:00:07    time: 0.2600  data: 0.2153  max mem: 0
  [149/150]  eta: 0:00:00    time: 0.2602  data: 0.2156  max mem: 0
 Total time: 0:00:39 (0.2601 s / it)
tensor(1.6706, device='cuda:1')
Epoch: [57]  [ 0/25]  eta: 0:00:52  lr: 0.001000  loss: 98.6297 (98.6297)  time: 2.1164  data: 1.2489  max mem: 0
Epoch: [57]  [24/25]  eta: 0:00:02  lr: 0.001000  loss: 98.5574 (98.6095)  time: 2.1206  data: 1.2543  max mem: 0
Epoch: [57] Total time: 0:00:53 (2.1203 s / it)
  [  0/150]  eta: 0:00:40    time: 0.2689  data: 0.2241  max mem: 0
  [ 40/150]  eta: 0:00:28    time: 0.2603  data: 0.2157  max mem: 0
  [ 80/150]  eta: 0:00:18    time: 0.2600  data: 0.2153  max mem: 0
  [120/150]  eta: 0:00:07    time: 0.2602  data: 0.2155  max mem: 0
  [149/150]  eta: 0:00:00    time: 0.2600  data: 0.2154  max mem: 0
 Total time: 0:00:39 (0.2601 s / it)
tensor(1.7746, device='cuda:1')
Epoch: [58]  [ 0/25]  eta: 0:00:52  lr: 0.001000  loss: 98.5712 (98.5712)  time: 2.1189  data: 1.2537  max mem: 0
Epoch: [58]  [24/25]  eta: 0:00:02  lr: 0.001000  loss: 98.5343 (98.5381)  time: 2.2151  data: 1.3483  max mem: 0
Epoch: [58] Total time: 0:00:54 (2.1958 s / it)
  [  0/150]  eta: 0:00:52    time: 0.3512  data: 0.3062  max mem: 0
  [ 40/150]  eta: 0:00:31    time: 0.2966  data: 0.2518  max mem: 0
  [ 80/150]  eta: 0:00:19    time: 0.2601  data: 0.2154  max mem: 0
  [120/150]  eta: 0:00:08    time: 0.2600  data: 0.2154  max mem: 0
  [149/150]  eta: 0:00:00    time: 0.2977  data: 0.2528  max mem: 0
 Total time: 0:00:42 (0.2813 s / it)
tensor(1.7901, device='cuda:1')
Epoch: [59]  [ 0/25]  eta: 0:00:53  lr: 0.001000  loss: 98.5253 (98.5253)  time: 2.1590  data: 1.2921  max mem: 0
Epoch: [59]  [24/25]  eta: 0:00:02  lr: 0.001000  loss: 98.5296 (98.5129)  time: 2.1626  data: 1.2962  max mem: 0
Epoch: [59] Total time: 0:00:54 (2.1614 s / it)
  [  0/150]  eta: 0:00:40    time: 0.2691  data: 0.2243  max mem: 0
  [ 40/150]  eta: 0:00:31    time: 0.3093  data: 0.2639  max mem: 0
  [ 80/150]  eta: 0:00:19    time: 0.2635  data: 0.2189  max mem: 0
  [120/150]  eta: 0:00:08    time: 0.2607  data: 0.2160  max mem: 0
  [149/150]  eta: 0:00:00    time: 0.2929  data: 0.2481  max mem: 0
 Total time: 0:00:41 (0.2762 s / it)
tensor(1.7976, device='cuda:1')
Epoch: [60]  [ 0/25]  eta: 0:00:53  lr: 0.001000  loss: 98.5196 (98.5196)  time: 2.1211  data: 1.2541  max mem: 0
Epoch: [60]  [24/25]  eta: 0:00:02  lr: 0.001000  loss: 98.5062 (98.5090)  time: 2.1869  data: 1.3201  max mem: 0
Epoch: [60] Total time: 0:00:54 (2.1763 s / it)
  [  0/150]  eta: 0:00:55    time: 0.3700  data: 0.3246  max mem: 0
  [ 40/150]  eta: 0:00:29    time: 0.2651  data: 0.2204  max mem: 0
  [ 80/150]  eta: 0:00:19    time: 0.2784  data: 0.2337  max mem: 0
  [120/150]  eta: 0:00:08    time: 0.2662  data: 0.2215  max mem: 0
  [149/150]  eta: 0:00:00    time: 0.2669  data: 0.2222  max mem: 0
 Total time: 0:00:41 (0.2773 s / it)
tensor(1.7903, device='cuda:1')
Epoch: [61]  [ 0/25]  eta: 0:01:00  lr: 0.001000  loss: 98.5173 (98.5173)  time: 2.4178  data: 1.5490  max mem: 0
Epoch: [61]  [24/25]  eta: 0:00:02  lr: 0.001000  loss: 98.5036 (98.5144)  time: 2.1532  data: 1.2868  max mem: 0
Epoch: [61] Total time: 0:00:54 (2.1832 s / it)
  [  0/150]  eta: 0:00:40    time: 0.2698  data: 0.2250  max mem: 0
  [ 40/150]  eta: 0:00:29    time: 0.2683  data: 0.2236  max mem: 0
  [ 80/150]  eta: 0:00:18    time: 0.2647  data: 0.2200  max mem: 0
  [120/150]  eta: 0:00:07    time: 0.2637  data: 0.2190  max mem: 0
  [149/150]  eta: 0:00:00    time: 0.2632  data: 0.2185  max mem: 0
 Total time: 0:00:39 (0.2644 s / it)
tensor(1.8361, device='cuda:1')
Epoch: [62]  [ 0/25]  eta: 0:00:53  lr: 0.001000  loss: 98.5071 (98.5071)  time: 2.1291  data: 1.2627  max mem: 0
Epoch: [62]  [24/25]  eta: 0:00:02  lr: 0.001000  loss: 98.5076 (98.5201)  time: 2.1473  data: 1.2807  max mem: 0
Epoch: [62] Total time: 0:00:53 (2.1445 s / it)
  [  0/150]  eta: 0:00:41    time: 0.2768  data: 0.2319  max mem: 0
  [ 40/150]  eta: 0:00:29    time: 0.2622  data: 0.2175  max mem: 0
  [ 80/150]  eta: 0:00:18    time: 0.2605  data: 0.2158  max mem: 0
  [120/150]  eta: 0:00:07    time: 0.2678  data: 0.2231  max mem: 0
  [149/150]  eta: 0:00:00    time: 0.2749  data: 0.2295  max mem: 0
 Total time: 0:00:40 (0.2672 s / it)
tensor(1.7018, device='cuda:1')
Epoch: [63]  [ 0/25]  eta: 0:00:53  lr: 0.001000  loss: 98.5133 (98.5133)  time: 2.1262  data: 1.2589  max mem: 0
Epoch: [63]  [24/25]  eta: 0:00:02  lr: 0.001000  loss: 98.5402 (98.5159)  time: 2.1416  data: 1.2754  max mem: 0
Epoch: [63] Total time: 0:00:53 (2.1392 s / it)
  [  0/150]  eta: 0:00:40    time: 0.2717  data: 0.2268  max mem: 0
  [ 40/150]  eta: 0:00:33    time: 0.3419  data: 0.2969  max mem: 0
  [ 80/150]  eta: 0:00:20    time: 0.2627  data: 0.2180  max mem: 0
  [120/150]  eta: 0:00:08    time: 0.2757  data: 0.2310  max mem: 0
  [149/150]  eta: 0:00:00    time: 0.2613  data: 0.2166  max mem: 0
 Total time: 0:00:42 (0.2855 s / it)
tensor(1.7466, device='cuda:1')
Epoch: [64]  [ 0/25]  eta: 0:00:53  lr: 0.001000  loss: 98.5201 (98.5201)  time: 2.1363  data: 1.2703  max mem: 0
Epoch: [64]  [24/25]  eta: 0:00:02  lr: 0.001000  loss: 98.5160 (98.5066)  time: 2.2126  data: 1.3460  max mem: 0
Epoch: [64] Total time: 0:00:54 (2.1988 s / it)
  [  0/150]  eta: 0:00:40    time: 0.2723  data: 0.2274  max mem: 0
  [ 40/150]  eta: 0:00:30    time: 0.2611  data: 0.2161  max mem: 0
  [ 80/150]  eta: 0:00:21    time: 0.3236  data: 0.2781  max mem: 0
  [120/150]  eta: 0:00:08    time: 0.2756  data: 0.2307  max mem: 0
  [149/150]  eta: 0:00:00    time: 0.2967  data: 0.2514  max mem: 0
 Total time: 0:00:45 (0.3007 s / it)
tensor(1.6945, device='cuda:1')
Epoch: [65]  [ 0/25]  eta: 0:01:02  lr: 0.001000  loss: 98.5224 (98.5224)  time: 2.5143  data: 1.6481  max mem: 0
Epoch: [65]  [24/25]  eta: 0:00:02  lr: 0.001000  loss: 98.5066 (98.5080)  time: 2.1782  data: 1.3113  max mem: 0
Epoch: [65] Total time: 0:00:54 (2.1912 s / it)
  [  0/150]  eta: 0:00:57    time: 0.3803  data: 0.3349  max mem: 0
  [ 40/150]  eta: 0:00:31    time: 0.2715  data: 0.2265  max mem: 0
  [ 80/150]  eta: 0:00:19    time: 0.2621  data: 0.2174  max mem: 0
  [120/150]  eta: 0:00:08    time: 0.2687  data: 0.2236  max mem: 0
  [149/150]  eta: 0:00:00    time: 0.2607  data: 0.2160  max mem: 0
 Total time: 0:00:40 (0.2692 s / it)
tensor(1.7593, device='cuda:1')
Epoch: [66]  [ 0/25]  eta: 0:00:52  lr: 0.001000  loss: 98.4913 (98.4913)  time: 2.1092  data: 1.2435  max mem: 0
Epoch: [66]  [24/25]  eta: 0:00:02  lr: 0.001000  loss: 98.4923 (98.4950)  time: 2.2943  data: 1.4274  max mem: 0
Epoch: [66] Total time: 0:00:57 (2.2807 s / it)
  [  0/150]  eta: 0:00:40    time: 0.2716  data: 0.2268  max mem: 0
  [ 40/150]  eta: 0:00:32    time: 0.3216  data: 0.2764  max mem: 0
  [ 80/150]  eta: 0:00:20    time: 0.2601  data: 0.2154  max mem: 0
  [120/150]  eta: 0:00:08    time: 0.2610  data: 0.2163  max mem: 0
  [149/150]  eta: 0:00:00    time: 0.2609  data: 0.2162  max mem: 0
 Total time: 0:00:41 (0.2753 s / it)
tensor(1.6757, device='cuda:1')
Epoch: [67]  [ 0/25]  eta: 0:00:53  lr: 0.001000  loss: 98.5003 (98.5003)  time: 2.1249  data: 1.2591  max mem: 0
Epoch: [67]  [24/25]  eta: 0:00:02  lr: 0.001000  loss: 98.4852 (98.4882)  time: 2.2335  data: 1.3672  max mem: 0
Epoch: [67] Total time: 0:00:55 (2.2148 s / it)
  [  0/150]  eta: 0:00:40    time: 0.2728  data: 0.2280  max mem: 0
  [ 40/150]  eta: 0:00:31    time: 0.3147  data: 0.2685  max mem: 0
  [ 80/150]  eta: 0:00:19    time: 0.2593  data: 0.2147  max mem: 0
  [120/150]  eta: 0:00:08    time: 0.3002  data: 0.2549  max mem: 0
  [149/150]  eta: 0:00:00    time: 0.2609  data: 0.2162  max mem: 0
 Total time: 0:00:41 (0.2790 s / it)
tensor(1.7318, device='cuda:1')
Epoch: [68]  [ 0/25]  eta: 0:00:52  lr: 0.001000  loss: 98.4945 (98.4945)  time: 2.1194  data: 1.2521  max mem: 0
Epoch: [68]  [24/25]  eta: 0:00:02  lr: 0.001000  loss: 98.4856 (98.4898)  time: 2.1898  data: 1.3231  max mem: 0
Epoch: [68] Total time: 0:00:54 (2.1778 s / it)
  [  0/150]  eta: 0:00:40    time: 0.2715  data: 0.2267  max mem: 0
  [ 40/150]  eta: 0:00:32    time: 0.3229  data: 0.2775  max mem: 0
  [ 80/150]  eta: 0:00:20    time: 0.2720  data: 0.2262  max mem: 0
  [120/150]  eta: 0:00:08    time: 0.2723  data: 0.2276  max mem: 0
  [149/150]  eta: 0:00:00    time: 0.2859  data: 0.2411  max mem: 0
 Total time: 0:00:42 (0.2825 s / it)
tensor(1.7525, device='cuda:1')
Epoch: [69]  [ 0/25]  eta: 0:00:56  lr: 0.001000  loss: 98.4898 (98.4898)  time: 2.2779  data: 1.4102  max mem: 0
Epoch: [69]  [24/25]  eta: 0:00:02  lr: 0.001000  loss: 98.4919 (98.4950)  time: 2.1344  data: 1.2679  max mem: 0
Epoch: [69] Total time: 0:00:54 (2.1649 s / it)
  [  0/150]  eta: 0:00:40    time: 0.2722  data: 0.2273  max mem: 0
  [ 40/150]  eta: 0:00:28    time: 0.2650  data: 0.2200  max mem: 0
  [ 80/150]  eta: 0:00:19    time: 0.2807  data: 0.2359  max mem: 0
  [120/150]  eta: 0:00:08    time: 0.2692  data: 0.2245  max mem: 0
  [149/150]  eta: 0:00:00    time: 0.2968  data: 0.2519  max mem: 0
 Total time: 0:00:42 (0.2827 s / it)
tensor(1.6342, device='cuda:1')
Epoch: [70]  [ 0/25]  eta: 0:00:56  lr: 0.001000  loss: 98.4984 (98.4984)  time: 2.2760  data: 1.4101  max mem: 0
Epoch: [70]  [24/25]  eta: 0:00:02  lr: 0.001000  loss: 98.4973 (98.4970)  time: 2.1671  data: 1.3002  max mem: 0
Epoch: [70] Total time: 0:00:54 (2.1680 s / it)
  [  0/150]  eta: 0:00:41    time: 0.2785  data: 0.2335  max mem: 0
  [ 40/150]  eta: 0:00:29    time: 0.2671  data: 0.2223  max mem: 0
  [ 80/150]  eta: 0:00:18    time: 0.2585  data: 0.2138  max mem: 0
  [120/150]  eta: 0:00:07    time: 0.2582  data: 0.2136  max mem: 0
  [149/150]  eta: 0:00:00    time: 0.2585  data: 0.2139  max mem: 0
 Total time: 0:00:39 (0.2613 s / it)
tensor(1.6688, device='cuda:1')
Epoch: [71]  [ 0/25]  eta: 0:00:52  lr: 0.001000  loss: 98.5108 (98.5108)  time: 2.1013  data: 1.2343  max mem: 0
Epoch: [71]  [24/25]  eta: 0:00:02  lr: 0.001000  loss: 98.4724 (98.4875)  time: 2.1143  data: 1.2478  max mem: 0
Epoch: [71] Total time: 0:00:52 (2.1135 s / it)
  [  0/150]  eta: 0:00:40    time: 0.2671  data: 0.2223  max mem: 0
  [ 40/150]  eta: 0:00:28    time: 0.2589  data: 0.2141  max mem: 0
  [ 80/150]  eta: 0:00:18    time: 0.2602  data: 0.2155  max mem: 0
  [120/150]  eta: 0:00:07    time: 0.2613  data: 0.2166  max mem: 0
  [149/150]  eta: 0:00:00    time: 0.3066  data: 0.2616  max mem: 0
 Total time: 0:00:40 (0.2669 s / it)
tensor(1.6453, device='cuda:1')
Epoch: [72]  [ 0/25]  eta: 0:00:52  lr: 0.001000  loss: 98.4807 (98.4807)  time: 2.1057  data: 1.2396  max mem: 0
Epoch: [72]  [24/25]  eta: 0:00:02  lr: 0.001000  loss: 98.4837 (98.4842)  time: 2.1392  data: 1.2723  max mem: 0
Epoch: [72] Total time: 0:00:53 (2.1322 s / it)
  [  0/150]  eta: 0:00:40    time: 0.2708  data: 0.2259  max mem: 0
  [ 40/150]  eta: 0:00:30    time: 0.2897  data: 0.2444  max mem: 0
  [ 80/150]  eta: 0:00:19    time: 0.2707  data: 0.2259  max mem: 0
  [120/150]  eta: 0:00:08    time: 0.2794  data: 0.2346  max mem: 0
  [149/150]  eta: 0:00:00    time: 0.2671  data: 0.2224  max mem: 0
 Total time: 0:00:41 (0.2767 s / it)
tensor(1.7855, device='cuda:1')
Epoch: [73]  [ 0/25]  eta: 0:00:52  lr: 0.001000  loss: 98.4841 (98.4841)  time: 2.1037  data: 1.2366  max mem: 0
Epoch: [73]  [24/25]  eta: 0:00:02  lr: 0.001000  loss: 98.5090 (98.4853)  time: 2.1119  data: 1.2453  max mem: 0
Epoch: [73] Total time: 0:00:52 (2.1118 s / it)
  [  0/150]  eta: 0:00:40    time: 0.2670  data: 0.2222  max mem: 0
  [ 40/150]  eta: 0:00:30    time: 0.2883  data: 0.2435  max mem: 0
  [ 80/150]  eta: 0:00:18    time: 0.2590  data: 0.2143  max mem: 0
  [120/150]  eta: 0:00:08    time: 0.2606  data: 0.2158  max mem: 0
  [149/150]  eta: 0:00:00    time: 0.2591  data: 0.2144  max mem: 0
 Total time: 0:00:40 (0.2670 s / it)
tensor(1.7828, device='cuda:1')
Epoch: [74]  [ 0/25]  eta: 0:00:52  lr: 0.001000  loss: 98.5039 (98.5039)  time: 2.0985  data: 1.2320  max mem: 0
Epoch: [74]  [24/25]  eta: 0:00:02  lr: 0.001000  loss: 98.4769 (98.4865)  time: 2.1192  data: 1.2529  max mem: 0
Epoch: [74] Total time: 0:00:52 (2.1177 s / it)
  [  0/150]  eta: 0:00:40    time: 0.2672  data: 0.2224  max mem: 0
  [ 40/150]  eta: 0:00:28    time: 0.2589  data: 0.2142  max mem: 0
  [ 80/150]  eta: 0:00:18    time: 0.2588  data: 0.2141  max mem: 0
  [120/150]  eta: 0:00:07    time: 0.2676  data: 0.2228  max mem: 0
  [149/150]  eta: 0:00:00    time: 0.2754  data: 0.2303  max mem: 0
 Total time: 0:00:40 (0.2669 s / it)
tensor(1.7866, device='cuda:1')
Epoch: [75]  [ 0/25]  eta: 0:00:57  lr: 0.001000  loss: 98.4826 (98.4826)  time: 2.2903  data: 1.4236  max mem: 0
Epoch: [75]  [24/25]  eta: 0:00:02  lr: 0.001000  loss: 98.4767 (98.4851)  time: 2.1839  data: 1.3173  max mem: 0
Epoch: [75] Total time: 0:00:54 (2.1788 s / it)
  [  0/150]  eta: 0:00:40    time: 0.2688  data: 0.2239  max mem: 0
  [ 40/150]  eta: 0:00:29    time: 0.2661  data: 0.2209  max mem: 0
  [ 80/150]  eta: 0:00:18    time: 0.2572  data: 0.2125  max mem: 0
  [120/150]  eta: 0:00:07    time: 0.2581  data: 0.2134  max mem: 0
  [149/150]  eta: 0:00:00    time: 0.2588  data: 0.2141  max mem: 0
 Total time: 0:00:38 (0.2598 s / it)
tensor(1.7487, device='cuda:1')
Epoch: [76]  [ 0/25]  eta: 0:00:52  lr: 0.001000  loss: 98.4843 (98.4843)  time: 2.1145  data: 1.2475  max mem: 0
Epoch: [76]  [24/25]  eta: 0:00:02  lr: 0.001000  loss: 98.4873 (98.4849)  time: 2.1366  data: 1.2699  max mem: 0
Epoch: [76] Total time: 0:00:53 (2.1328 s / it)
  [  0/150]  eta: 0:00:40    time: 0.2697  data: 0.2249  max mem: 0
  [ 40/150]  eta: 0:00:28    time: 0.2656  data: 0.2209  max mem: 0
  [ 80/150]  eta: 0:00:18    time: 0.2575  data: 0.2128  max mem: 0
  [120/150]  eta: 0:00:07    time: 0.2604  data: 0.2157  max mem: 0
  [149/150]  eta: 0:00:00    time: 0.2589  data: 0.2142  max mem: 0
 Total time: 0:00:39 (0.2608 s / it)
tensor(1.6653, device='cuda:1')
Epoch: [77]  [ 0/25]  eta: 0:00:52  lr: 0.001000  loss: 98.4870 (98.4870)  time: 2.1036  data: 1.2374  max mem: 0
Epoch: [77]  [24/25]  eta: 0:00:02  lr: 0.001000  loss: 98.4723 (98.4845)  time: 2.1716  data: 1.3051  max mem: 0
Epoch: [77] Total time: 0:00:54 (2.1601 s / it)
  [  0/150]  eta: 0:00:54    time: 0.3640  data: 0.3187  max mem: 0
  [ 40/150]  eta: 0:00:31    time: 0.2918  data: 0.2469  max mem: 0
  [ 80/150]  eta: 0:00:19    time: 0.2612  data: 0.2165  max mem: 0
  [120/150]  eta: 0:00:08    time: 0.2639  data: 0.2192  max mem: 0
  [149/150]  eta: 0:00:00    time: 0.2652  data: 0.2205  max mem: 0
 Total time: 0:00:40 (0.2701 s / it)
tensor(1.7010, device='cuda:1')
Epoch: [78]  [ 0/25]  eta: 0:00:54  lr: 0.001000  loss: 98.4797 (98.4797)  time: 2.1907  data: 1.3240  max mem: 0
Epoch: [78]  [24/25]  eta: 0:00:02  lr: 0.001000  loss: 98.4824 (98.4943)  time: 2.1388  data: 1.2721  max mem: 0
Epoch: [78] Total time: 0:00:53 (2.1372 s / it)
  [  0/150]  eta: 0:00:40    time: 0.2673  data: 0.2225  max mem: 0
  [ 40/150]  eta: 0:00:29    time: 0.2754  data: 0.2306  max mem: 0
  [ 80/150]  eta: 0:00:18    time: 0.2867  data: 0.2419  max mem: 0
  [120/150]  eta: 0:00:08    time: 0.2754  data: 0.2306  max mem: 0
  [149/150]  eta: 0:00:00    time: 0.2873  data: 0.2425  max mem: 0
 Total time: 0:00:41 (0.2747 s / it)
tensor(1.6251, device='cuda:1')
Epoch: [79]  [ 0/25]  eta: 0:00:59  lr: 0.001000  loss: 98.5025 (98.5025)  time: 2.3707  data: 1.5038  max mem: 0
Epoch: [79]  [24/25]  eta: 0:00:02  lr: 0.001000  loss: 98.4810 (98.4939)  time: 2.1214  data: 1.2549  max mem: 0
Epoch: [79] Total time: 0:00:53 (2.1463 s / it)
  [  0/150]  eta: 0:00:40    time: 0.2691  data: 0.2244  max mem: 0
  [ 40/150]  eta: 0:00:29    time: 0.2586  data: 0.2139  max mem: 0
  [ 80/150]  eta: 0:00:18    time: 0.2813  data: 0.2365  max mem: 0
  [120/150]  eta: 0:00:08    time: 0.2600  data: 0.2153  max mem: 0
  [149/150]  eta: 0:00:00    time: 0.2846  data: 0.2392  max mem: 0
 Total time: 0:00:40 (0.2689 s / it)
tensor(1.6478, device='cuda:1')
Epoch: [80]  [ 0/25]  eta: 0:00:53  lr: 0.001000  loss: 98.4798 (98.4798)  time: 2.1395  data: 1.2721  max mem: 0
Epoch: [80]  [24/25]  eta: 0:00:02  lr: 0.001000  loss: 98.4851 (98.4853)  time: 2.1229  data: 1.2566  max mem: 0
Epoch: [80] Total time: 0:00:53 (2.1540 s / it)
  [  0/150]  eta: 0:00:40    time: 0.2681  data: 0.2234  max mem: 0
  [ 40/150]  eta: 0:00:28    time: 0.2578  data: 0.2131  max mem: 0
  [ 80/150]  eta: 0:00:18    time: 0.2614  data: 0.2167  max mem: 0
  [120/150]  eta: 0:00:07    time: 0.2595  data: 0.2148  max mem: 0
  [149/150]  eta: 0:00:00    time: 0.2895  data: 0.2446  max mem: 0
 Total time: 0:00:39 (0.2634 s / it)
tensor(1.7102, device='cuda:1')
Epoch: [81]  [ 0/25]  eta: 0:00:59  lr: 0.001000  loss: 98.5161 (98.5161)  time: 2.3749  data: 1.5077  max mem: 0
Epoch: [81]  [24/25]  eta: 0:00:02  lr: 0.001000  loss: 98.5863 (98.5600)  time: 2.1575  data: 1.2909  max mem: 0
Epoch: [81] Total time: 0:00:54 (2.1618 s / it)
  [  0/150]  eta: 0:00:40    time: 0.2703  data: 0.2256  max mem: 0
  [ 40/150]  eta: 0:00:29    time: 0.2593  data: 0.2146  max mem: 0
  [ 80/150]  eta: 0:00:19    time: 0.3120  data: 0.2665  max mem: 0
  [120/150]  eta: 0:00:08    time: 0.2740  data: 0.2288  max mem: 0
  [149/150]  eta: 0:00:00    time: 0.2994  data: 0.2540  max mem: 0
 Total time: 0:00:42 (0.2830 s / it)
tensor(1.8967, device='cuda:1')
Epoch: [82]  [ 0/25]  eta: 0:00:52  lr: 0.001000  loss: 98.6435 (98.6435)  time: 2.0997  data: 1.2331  max mem: 0
Epoch: [82]  [24/25]  eta: 0:00:02  lr: 0.001000  loss: 98.7065 (98.6935)  time: 2.2156  data: 1.3491  max mem: 0
Epoch: [82] Total time: 0:00:54 (2.1944 s / it)
  [  0/150]  eta: 0:00:40    time: 0.2678  data: 0.2230  max mem: 0
  [ 40/150]  eta: 0:00:31    time: 0.3123  data: 0.2669  max mem: 0
  [ 80/150]  eta: 0:00:19    time: 0.2567  data: 0.2120  max mem: 0
  [120/150]  eta: 0:00:08    time: 0.3112  data: 0.2663  max mem: 0
  [149/150]  eta: 0:00:00    time: 0.3222  data: 0.2767  max mem: 0
 Total time: 0:00:43 (0.2868 s / it)
tensor(2.1586, device='cuda:1')
Epoch: [83]  [ 0/25]  eta: 0:00:54  lr: 0.001000  loss: 98.7617 (98.7617)  time: 2.1807  data: 1.3154  max mem: 0
Epoch: [83]  [24/25]  eta: 0:00:02  lr: 0.001000  loss: 98.6178 (98.7037)  time: 2.1344  data: 1.2682  max mem: 0
Epoch: [83] Total time: 0:00:53 (2.1394 s / it)
  [  0/150]  eta: 0:00:40    time: 0.2729  data: 0.2280  max mem: 0
  [ 40/150]  eta: 0:00:30    time: 0.3044  data: 0.2594  max mem: 0
  [ 80/150]  eta: 0:00:18    time: 0.2589  data: 0.2141  max mem: 0
  [120/150]  eta: 0:00:07    time: 0.2572  data: 0.2125  max mem: 0
  [149/150]  eta: 0:00:00    time: 0.2573  data: 0.2126  max mem: 0
 Total time: 0:00:39 (0.2646 s / it)
tensor(2.3105, device='cuda:1')
Epoch: [84]  [ 0/25]  eta: 0:00:52  lr: 0.001000  loss: 98.6747 (98.6747)  time: 2.1168  data: 1.2501  max mem: 0
Epoch: [84]  [24/25]  eta: 0:00:02  lr: 0.001000  loss: 98.6519 (98.6355)  time: 2.1308  data: 1.2644  max mem: 0
Epoch: [84] Total time: 0:00:53 (2.1299 s / it)
  [  0/150]  eta: 0:00:40    time: 0.2690  data: 0.2243  max mem: 0
  [ 40/150]  eta: 0:00:28    time: 0.2623  data: 0.2176  max mem: 0
  [ 80/150]  eta: 0:00:19    time: 0.2823  data: 0.2374  max mem: 0
  [120/150]  eta: 0:00:08    time: 0.2582  data: 0.2135  max mem: 0
  [149/150]  eta: 0:00:00    time: 0.2692  data: 0.2244  max mem: 0
 Total time: 0:00:40 (0.2696 s / it)
tensor(1.7923, device='cuda:1')
Epoch: [85]  [ 0/25]  eta: 0:00:53  lr: 0.001000  loss: 98.6482 (98.6482)  time: 2.1223  data: 1.2550  max mem: 0
Epoch: [85]  [24/25]  eta: 0:00:02  lr: 0.001000  loss: 98.5481 (98.6026)  time: 2.1210  data: 1.2541  max mem: 0
Epoch: [85] Total time: 0:00:53 (2.1220 s / it)
  [  0/150]  eta: 0:00:40    time: 0.2673  data: 0.2226  max mem: 0
  [ 40/150]  eta: 0:00:28    time: 0.2593  data: 0.2146  max mem: 0
  [ 80/150]  eta: 0:00:18    time: 0.2775  data: 0.2313  max mem: 0
  [120/150]  eta: 0:00:08    time: 0.2909  data: 0.2456  max mem: 0
  [149/150]  eta: 0:00:00    time: 0.2790  data: 0.2339  max mem: 0
 Total time: 0:00:41 (0.2742 s / it)
tensor(1.6264, device='cuda:1')
Epoch: [86]  [ 0/25]  eta: 0:00:52  lr: 0.001000  loss: 98.5678 (98.5678)  time: 2.1048  data: 1.2375  max mem: 0
Epoch: [86]  [24/25]  eta: 0:00:02  lr: 0.001000  loss: 98.5185 (98.5536)  time: 2.1257  data: 1.2596  max mem: 0
Epoch: [86] Total time: 0:00:53 (2.1244 s / it)
  [  0/150]  eta: 0:00:40    time: 0.2723  data: 0.2275  max mem: 0
  [ 40/150]  eta: 0:00:28    time: 0.2602  data: 0.2155  max mem: 0
  [ 80/150]  eta: 0:00:19    time: 0.2631  data: 0.2184  max mem: 0
  [120/150]  eta: 0:00:08    time: 0.2922  data: 0.2468  max mem: 0
  [149/150]  eta: 0:00:00    time: 0.2608  data: 0.2161  max mem: 0
 Total time: 0:00:41 (0.2767 s / it)
tensor(1.7123, device='cuda:1')
Epoch: [87]  [ 0/25]  eta: 0:00:52  lr: 0.001000  loss: 98.5355 (98.5355)  time: 2.1154  data: 1.2496  max mem: 0
Epoch: [87]  [24/25]  eta: 0:00:02  lr: 0.001000  loss: 98.4988 (98.5256)  time: 2.1364  data: 1.2696  max mem: 0
Epoch: [87] Total time: 0:00:53 (2.1332 s / it)
  [  0/150]  eta: 0:00:40    time: 0.2688  data: 0.2240  max mem: 0
  [ 40/150]  eta: 0:00:28    time: 0.2615  data: 0.2167  max mem: 0
  [ 80/150]  eta: 0:00:18    time: 0.2604  data: 0.2157  max mem: 0
  [120/150]  eta: 0:00:07    time: 0.2609  data: 0.2162  max mem: 0
  [149/150]  eta: 0:00:00    time: 0.2737  data: 0.2276  max mem: 0
 Total time: 0:00:39 (0.2623 s / it)
tensor(1.7099, device='cuda:1')
Epoch: [88]  [ 0/25]  eta: 0:00:55  lr: 0.001000  loss: 98.5131 (98.5131)  time: 2.2252  data: 1.3564  max mem: 0
Epoch: [88]  [24/25]  eta: 0:00:02  lr: 0.001000  loss: 98.4918 (98.5068)  time: 2.1571  data: 1.2907  max mem: 0
Epoch: [88] Total time: 0:00:54 (2.1727 s / it)
  [  0/150]  eta: 0:00:40    time: 0.2675  data: 0.2227  max mem: 0
  [ 40/150]  eta: 0:00:28    time: 0.2574  data: 0.2127  max mem: 0
  [ 80/150]  eta: 0:00:18    time: 0.2589  data: 0.2142  max mem: 0
  [120/150]  eta: 0:00:07    time: 0.3038  data: 0.2589  max mem: 0
  [149/150]  eta: 0:00:00    time: 0.2998  data: 0.2549  max mem: 0
 Total time: 0:00:40 (0.2706 s / it)
tensor(1.8008, device='cuda:1')
Epoch: [89]  [ 0/25]  eta: 0:00:53  lr: 0.001000  loss: 98.4976 (98.4976)  time: 2.1451  data: 1.2775  max mem: 0
Epoch: [89]  [24/25]  eta: 0:00:02  lr: 0.001000  loss: 98.4953 (98.4986)  time: 2.1228  data: 1.2564  max mem: 0
Epoch: [89] Total time: 0:00:53 (2.1304 s / it)
  [  0/150]  eta: 0:00:40    time: 0.2695  data: 0.2246  max mem: 0
  [ 40/150]  eta: 0:00:29    time: 0.2712  data: 0.2264  max mem: 0
  [ 80/150]  eta: 0:00:18    time: 0.2583  data: 0.2136  max mem: 0
  [120/150]  eta: 0:00:07    time: 0.2595  data: 0.2148  max mem: 0
  [149/150]  eta: 0:00:00    time: 0.2880  data: 0.2427  max mem: 0
 Total time: 0:00:39 (0.2646 s / it)
tensor(1.9108, device='cuda:1')
Epoch: [90]  [ 0/25]  eta: 0:00:52  lr: 0.001000  loss: 98.5042 (98.5042)  time: 2.1016  data: 1.2345  max mem: 0
Epoch: [90]  [24/25]  eta: 0:00:02  lr: 0.001000  loss: 98.5324 (98.5013)  time: 2.2106  data: 1.3439  max mem: 0
Epoch: [90] Total time: 0:00:54 (2.1908 s / it)
  [  0/150]  eta: 0:00:54    time: 0.3657  data: 0.3204  max mem: 0
  [ 40/150]  eta: 0:00:29    time: 0.2573  data: 0.2127  max mem: 0
  [ 80/150]  eta: 0:00:19    time: 0.3139  data: 0.2685  max mem: 0
  [120/150]  eta: 0:00:08    time: 0.2591  data: 0.2144  max mem: 0
  [149/150]  eta: 0:00:00    time: 0.2941  data: 0.2493  max mem: 0
 Total time: 0:00:41 (0.2794 s / it)
tensor(1.8618, device='cuda:1')
Epoch: [91]  [ 0/25]  eta: 0:01:02  lr: 0.001000  loss: 98.5300 (98.5300)  time: 2.4922  data: 1.6252  max mem: 0
Epoch: [91]  [24/25]  eta: 0:00:02  lr: 0.001000  loss: 98.4909 (98.5158)  time: 2.1360  data: 1.2695  max mem: 0
Epoch: [91] Total time: 0:00:53 (2.1592 s / it)
  [  0/150]  eta: 0:00:40    time: 0.2708  data: 0.2260  max mem: 0
  [ 40/150]  eta: 0:00:29    time: 0.2832  data: 0.2384  max mem: 0
  [ 80/150]  eta: 0:00:19    time: 0.2727  data: 0.2278  max mem: 0
  [120/150]  eta: 0:00:08    time: 0.2745  data: 0.2296  max mem: 0
  [149/150]  eta: 0:00:00    time: 0.2824  data: 0.2373  max mem: 0
 Total time: 0:00:41 (0.2778 s / it)
tensor(1.8898, device='cuda:1')
Epoch: [92]  [ 0/25]  eta: 0:00:57  lr: 0.001000  loss: 98.5074 (98.5074)  time: 2.2987  data: 1.4311  max mem: 0
Epoch: [92]  [24/25]  eta: 0:00:02  lr: 0.001000  loss: 98.4972 (98.5170)  time: 2.1219  data: 1.2551  max mem: 0
Epoch: [92] Total time: 0:00:53 (2.1467 s / it)
  [  0/150]  eta: 0:00:40    time: 0.2728  data: 0.2280  max mem: 0
  [ 40/150]  eta: 0:00:29    time: 0.2785  data: 0.2338  max mem: 0
  [ 80/150]  eta: 0:00:18    time: 0.2592  data: 0.2146  max mem: 0
  [120/150]  eta: 0:00:07    time: 0.2675  data: 0.2228  max mem: 0
  [149/150]  eta: 0:00:00    time: 0.2589  data: 0.2143  max mem: 0
 Total time: 0:00:39 (0.2650 s / it)
tensor(1.8018, device='cuda:1')
Epoch: [93]  [ 0/25]  eta: 0:00:52  lr: 0.001000  loss: 98.5043 (98.5043)  time: 2.1070  data: 1.2404  max mem: 0
Epoch: [93]  [24/25]  eta: 0:00:02  lr: 0.001000  loss: 98.4825 (98.4963)  time: 2.1239  data: 1.2570  max mem: 0
Epoch: [93] Total time: 0:00:53 (2.1221 s / it)
  [  0/150]  eta: 0:00:40    time: 0.2670  data: 0.2222  max mem: 0
  [ 40/150]  eta: 0:00:30    time: 0.2894  data: 0.2441  max mem: 0
  [ 80/150]  eta: 0:00:19    time: 0.2927  data: 0.2479  max mem: 0
  [120/150]  eta: 0:00:08    time: 0.2657  data: 0.2209  max mem: 0
  [149/150]  eta: 0:00:00    time: 0.2635  data: 0.2188  max mem: 0
 Total time: 0:00:41 (0.2770 s / it)
tensor(1.7487, device='cuda:1')
Epoch: [94]  [ 0/25]  eta: 0:00:57  lr: 0.001000  loss: 98.4904 (98.4904)  time: 2.2999  data: 1.4330  max mem: 0
Epoch: [94]  [24/25]  eta: 0:00:02  lr: 0.001000  loss: 98.4675 (98.4790)  time: 2.1125  data: 1.2461  max mem: 0
Epoch: [94] Total time: 0:00:53 (2.1325 s / it)
  [  0/150]  eta: 0:00:40    time: 0.2683  data: 0.2234  max mem: 0
  [ 40/150]  eta: 0:00:28    time: 0.2570  data: 0.2123  max mem: 0
  [ 80/150]  eta: 0:00:18    time: 0.2578  data: 0.2131  max mem: 0
  [120/150]  eta: 0:00:07    time: 0.2575  data: 0.2128  max mem: 0
  [149/150]  eta: 0:00:00    time: 0.2657  data: 0.2210  max mem: 0
 Total time: 0:00:39 (0.2622 s / it)
tensor(1.7901, device='cuda:1')
Epoch: [95]  [ 0/25]  eta: 0:00:54  lr: 0.001000  loss: 98.4672 (98.4672)  time: 2.1676  data: 1.3016  max mem: 0
Epoch: [95]  [24/25]  eta: 0:00:02  lr: 0.001000  loss: 98.4733 (98.4698)  time: 2.1266  data: 1.2600  max mem: 0
Epoch: [95] Total time: 0:00:53 (2.1258 s / it)
  [  0/150]  eta: 0:00:41    time: 0.2741  data: 0.2292  max mem: 0
  [ 40/150]  eta: 0:00:28    time: 0.2621  data: 0.2174  max mem: 0
  [ 80/150]  eta: 0:00:19    time: 0.2781  data: 0.2333  max mem: 0
  [120/150]  eta: 0:00:08    time: 0.2598  data: 0.2151  max mem: 0
  [149/150]  eta: 0:00:00    time: 0.2610  data: 0.2164  max mem: 0
 Total time: 0:00:40 (0.2676 s / it)
tensor(1.8541, device='cuda:1')
Epoch: [96]  [ 0/25]  eta: 0:00:52  lr: 0.001000  loss: 98.4737 (98.4737)  time: 2.1157  data: 1.2501  max mem: 0
Epoch: [96]  [24/25]  eta: 0:00:02  lr: 0.001000  loss: 98.4681 (98.4701)  time: 2.1262  data: 1.2595  max mem: 0
Epoch: [96] Total time: 0:00:53 (2.1295 s / it)
  [  0/150]  eta: 0:00:40    time: 0.2683  data: 0.2235  max mem: 0
  [ 40/150]  eta: 0:00:28    time: 0.2586  data: 0.2139  max mem: 0
  [ 80/150]  eta: 0:00:18    time: 0.2710  data: 0.2262  max mem: 0
  [120/150]  eta: 0:00:08    time: 0.2716  data: 0.2269  max mem: 0
  [149/150]  eta: 0:00:00    time: 0.2594  data: 0.2147  max mem: 0
 Total time: 0:00:39 (0.2659 s / it)
tensor(1.8576, device='cuda:1')
Epoch: [97]  [ 0/25]  eta: 0:00:52  lr: 0.001000  loss: 98.4693 (98.4693)  time: 2.1078  data: 1.2407  max mem: 0
Epoch: [97]  [24/25]  eta: 0:00:02  lr: 0.001000  loss: 98.4749 (98.4745)  time: 2.2132  data: 1.3460  max mem: 0
Epoch: [97] Total time: 0:00:54 (2.1945 s / it)
  [  0/150]  eta: 0:00:41    time: 0.2781  data: 0.2332  max mem: 0
  [ 40/150]  eta: 0:00:29    time: 0.2671  data: 0.2223  max mem: 0
  [ 80/150]  eta: 0:00:18    time: 0.2671  data: 0.2223  max mem: 0
  [120/150]  eta: 0:00:08    time: 0.2670  data: 0.2222  max mem: 0
  [149/150]  eta: 0:00:00    time: 0.2671  data: 0.2223  max mem: 0
 Total time: 0:00:40 (0.2673 s / it)
tensor(1.8532, device='cuda:1')
Epoch: [98]  [ 0/25]  eta: 0:00:53  lr: 0.001000  loss: 98.4760 (98.4760)  time: 2.1535  data: 1.2859  max mem: 0
Epoch: [98]  [24/25]  eta: 0:00:02  lr: 0.001000  loss: 98.4794 (98.4788)  time: 2.1156  data: 1.2484  max mem: 0
Epoch: [98] Total time: 0:00:53 (2.1238 s / it)
  [  0/150]  eta: 0:00:40    time: 0.2699  data: 0.2250  max mem: 0
  [ 40/150]  eta: 0:00:28    time: 0.2609  data: 0.2161  max mem: 0
  [ 80/150]  eta: 0:00:19    time: 0.2885  data: 0.2438  max mem: 0
  [120/150]  eta: 0:00:08    time: 0.2681  data: 0.2233  max mem: 0
  [149/150]  eta: 0:00:00    time: 0.2674  data: 0.2226  max mem: 0
 Total time: 0:00:41 (0.2767 s / it)
tensor(1.8258, device='cuda:1')
Epoch: [99]  [ 0/25]  eta: 0:00:53  lr: 0.001000  loss: 98.4872 (98.4872)  time: 2.1580  data: 1.2913  max mem: 0
Epoch: [99]  [24/25]  eta: 0:00:02  lr: 0.001000  loss: 98.4852 (98.4848)  time: 2.1647  data: 1.2977  max mem: 0
Epoch: [99] Total time: 0:00:54 (2.1644 s / it)
  [  0/150]  eta: 0:00:41    time: 0.2784  data: 0.2335  max mem: 0
  [ 40/150]  eta: 0:00:32    time: 0.2934  data: 0.2486  max mem: 0
  [ 80/150]  eta: 0:00:19    time: 0.2672  data: 0.2225  max mem: 0
  [120/150]  eta: 0:00:08    time: 0.2672  data: 0.2225  max mem: 0
  [149/150]  eta: 0:00:00    time: 0.2678  data: 0.2231  max mem: 0
 Total time: 0:00:41 (0.2740 s / it)
tensor(1.8215, device='cuda:1')
Epoch: [100]  [ 0/25]  eta: 0:00:53  lr: 0.001000  loss: 98.4778 (98.4778)  time: 2.1531  data: 1.2864  max mem: 0
Epoch: [100]  [24/25]  eta: 0:00:02  lr: 0.001000  loss: 98.4728 (98.4798)  time: 2.1663  data: 1.2994  max mem: 0
Epoch: [100] Total time: 0:00:54 (2.1658 s / it)
  [  0/150]  eta: 0:00:41    time: 0.2769  data: 0.2320  max mem: 0
  [ 40/150]  eta: 0:00:29    time: 0.2673  data: 0.2226  max mem: 0
  [ 80/150]  eta: 0:00:18    time: 0.2675  data: 0.2228  max mem: 0
  [120/150]  eta: 0:00:08    time: 0.2681  data: 0.2234  max mem: 0
  [149/150]  eta: 0:00:00    time: 0.2671  data: 0.2224  max mem: 0
 Total time: 0:00:40 (0.2676 s / it)
tensor(1.8253, device='cuda:1')
Epoch: [101]  [ 0/25]  eta: 0:00:53  lr: 0.001000  loss: 98.4827 (98.4827)  time: 2.1556  data: 1.2889  max mem: 0
Epoch: [101]  [24/25]  eta: 0:00:02  lr: 0.001000  loss: 98.4655 (98.4742)  time: 2.1646  data: 1.2974  max mem: 0
Epoch: [101] Total time: 0:00:54 (2.1637 s / it)
  [  0/150]  eta: 0:00:41    time: 0.2777  data: 0.2329  max mem: 0
  [ 40/150]  eta: 0:00:29    time: 0.2670  data: 0.2223  max mem: 0
  [ 80/150]  eta: 0:00:18    time: 0.2666  data: 0.2219  max mem: 0
  [120/150]  eta: 0:00:08    time: 0.2712  data: 0.2265  max mem: 0
  [149/150]  eta: 0:00:00    time: 0.2678  data: 0.2230  max mem: 0
 Total time: 0:00:40 (0.2689 s / it)
tensor(1.8157, device='cuda:1')
Epoch: [102]  [ 0/25]  eta: 0:00:54  lr: 0.001000  loss: 98.4631 (98.4631)  time: 2.1617  data: 1.2954  max mem: 0
Epoch: [102]  [24/25]  eta: 0:00:02  lr: 0.001000  loss: 98.4760 (98.4711)  time: 2.1884  data: 1.3215  max mem: 0
Epoch: [102] Total time: 0:00:54 (2.1850 s / it)
  [  0/150]  eta: 0:00:42    time: 0.2802  data: 0.2353  max mem: 0
  [ 40/150]  eta: 0:00:29    time: 0.2689  data: 0.2242  max mem: 0
  [ 80/150]  eta: 0:00:18    time: 0.2689  data: 0.2242  max mem: 0
  [120/150]  eta: 0:00:08    time: 0.2732  data: 0.2284  max mem: 0
  [149/150]  eta: 0:00:00    time: 0.2797  data: 0.2349  max mem: 0
 Total time: 0:00:40 (0.2717 s / it)
tensor(1.8705, device='cuda:1')
Epoch: [103]  [ 0/25]  eta: 0:00:56  lr: 0.001000  loss: 98.4745 (98.4745)  time: 2.2443  data: 1.3762  max mem: 0
Epoch: [103]  [24/25]  eta: 0:00:02  lr: 0.001000  loss: 98.4676 (98.4697)  time: 2.1770  data: 1.3099  max mem: 0
Epoch: [103] Total time: 0:00:55 (2.2061 s / it)
  [  0/150]  eta: 0:00:42    time: 0.2814  data: 0.2366  max mem: 0
  [ 40/150]  eta: 0:00:29    time: 0.2700  data: 0.2252  max mem: 0
  [ 80/150]  eta: 0:00:19    time: 0.2986  data: 0.2538  max mem: 0
  [120/150]  eta: 0:00:08    time: 0.2676  data: 0.2229  max mem: 0
  [149/150]  eta: 0:00:00    time: 0.2673  data: 0.2225  max mem: 0
 Total time: 0:00:41 (0.2747 s / it)
tensor(1.9526, device='cuda:1')
Epoch: [104]  [ 0/25]  eta: 0:00:54  lr: 0.001000  loss: 98.4734 (98.4734)  time: 2.1632  data: 1.2961  max mem: 0
Epoch: [104]  [24/25]  eta: 0:00:02  lr: 0.001000  loss: 98.4664 (98.4710)  time: 2.1701  data: 1.3032  max mem: 0
Epoch: [104] Total time: 0:00:54 (2.1697 s / it)
  [  0/150]  eta: 0:00:41    time: 0.2779  data: 0.2330  max mem: 0
  [ 40/150]  eta: 0:00:29    time: 0.2669  data: 0.2222  max mem: 0
  [ 80/150]  eta: 0:00:18    time: 0.2665  data: 0.2218  max mem: 0
  [120/150]  eta: 0:00:08    time: 0.2667  data: 0.2220  max mem: 0
  [149/150]  eta: 0:00:00    time: 0.2664  data: 0.2217  max mem: 0
 Total time: 0:00:40 (0.2668 s / it)
tensor(1.8979, device='cuda:1')
Epoch: [105]  [ 0/25]  eta: 0:00:53  lr: 0.001000  loss: 98.4721 (98.4721)  time: 2.1552  data: 1.2877  max mem: 0
Epoch: [105]  [24/25]  eta: 0:00:02  lr: 0.001000  loss: 98.4626 (98.4712)  time: 2.1680  data: 1.3010  max mem: 0
Epoch: [105] Total time: 0:00:54 (2.1670 s / it)
  [  0/150]  eta: 0:00:41    time: 0.2772  data: 0.2324  max mem: 0
  [ 40/150]  eta: 0:00:29    time: 0.2667  data: 0.2220  max mem: 0
  [ 80/150]  eta: 0:00:18    time: 0.2671  data: 0.2224  max mem: 0
  [120/150]  eta: 0:00:08    time: 0.2718  data: 0.2271  max mem: 0
  [149/150]  eta: 0:00:00    time: 0.2698  data: 0.2250  max mem: 0
 Total time: 0:00:40 (0.2684 s / it)
tensor(1.7914, device='cuda:1')
Epoch: [106]  [ 0/25]  eta: 0:00:56  lr: 0.001000  loss: 98.4720 (98.4720)  time: 2.2426  data: 1.3766  max mem: 0
Epoch: [106]  [24/25]  eta: 0:00:02  lr: 0.001000  loss: 98.4650 (98.4716)  time: 2.1624  data: 1.2957  max mem: 0
Epoch: [106] Total time: 0:00:54 (2.1682 s / it)
  [  0/150]  eta: 0:00:41    time: 0.2800  data: 0.2350  max mem: 0
  [ 40/150]  eta: 0:00:30    time: 0.2921  data: 0.2472  max mem: 0
  [ 80/150]  eta: 0:00:20    time: 0.3219  data: 0.2762  max mem: 0
  [120/150]  eta: 0:00:08    time: 0.3027  data: 0.2573  max mem: 0
  [149/150]  eta: 0:00:00    time: 0.2731  data: 0.2282  max mem: 0
 Total time: 0:00:43 (0.2890 s / it)
tensor(1.7708, device='cuda:1')
Epoch: [107]  [ 0/25]  eta: 0:00:54  lr: 0.001000  loss: 98.4760 (98.4760)  time: 2.1669  data: 1.3003  max mem: 0
Epoch: [107]  [24/25]  eta: 0:00:02  lr: 0.001000  loss: 98.4644 (98.4726)  time: 2.1841  data: 1.3171  max mem: 0
Epoch: [107] Total time: 0:00:54 (2.1815 s / it)
  [  0/150]  eta: 0:00:41    time: 0.2779  data: 0.2330  max mem: 0
  [ 40/150]  eta: 0:00:29    time: 0.2682  data: 0.2235  max mem: 0
  [ 80/150]  eta: 0:00:19    time: 0.3080  data: 0.2625  max mem: 0
  [120/150]  eta: 0:00:08    time: 0.2793  data: 0.2345  max mem: 0
  [149/150]  eta: 0:00:00    time: 0.2747  data: 0.2299  max mem: 0
 Total time: 0:00:41 (0.2790 s / it)
tensor(1.9066, device='cuda:1')
Epoch: [108]  [ 0/25]  eta: 0:00:55  lr: 0.001000  loss: 98.4711 (98.4711)  time: 2.2011  data: 1.3345  max mem: 0
Epoch: [108]  [24/25]  eta: 0:00:02  lr: 0.001000  loss: 98.4805 (98.4712)  time: 2.1780  data: 1.3111  max mem: 0
Epoch: [108] Total time: 0:00:54 (2.1901 s / it)
  [  0/150]  eta: 0:00:41    time: 0.2798  data: 0.2349  max mem: 0
  [ 40/150]  eta: 0:00:29    time: 0.2690  data: 0.2243  max mem: 0
  [ 80/150]  eta: 0:00:18    time: 0.2688  data: 0.2241  max mem: 0
  [120/150]  eta: 0:00:08    time: 0.2690  data: 0.2243  max mem: 0
  [149/150]  eta: 0:00:00    time: 0.2803  data: 0.2348  max mem: 0
 Total time: 0:00:40 (0.2706 s / it)
tensor(1.9871, device='cuda:1')
Epoch: [109]  [ 0/25]  eta: 0:01:02  lr: 0.001000  loss: 98.4817 (98.4817)  time: 2.5160  data: 1.6447  max mem: 0
Epoch: [109]  [24/25]  eta: 0:00:02  lr: 0.001000  loss: 98.4638 (98.4703)  time: 2.3300  data: 1.4626  max mem: 0
Epoch: [109] Total time: 0:00:58 (2.3233 s / it)
  [  0/150]  eta: 0:00:42    time: 0.2811  data: 0.2362  max mem: 0
  [ 40/150]  eta: 0:00:30    time: 0.2717  data: 0.2269  max mem: 0
  [ 80/150]  eta: 0:00:19    time: 0.2710  data: 0.2262  max mem: 0
  [120/150]  eta: 0:00:08    time: 0.2718  data: 0.2271  max mem: 0
  [149/150]  eta: 0:00:00    time: 0.2747  data: 0.2293  max mem: 0
 Total time: 0:00:41 (0.2738 s / it)
tensor(2.0399, device='cuda:1')
Epoch: [110]  [ 0/25]  eta: 0:00:53  lr: 0.001000  loss: 98.4660 (98.4660)  time: 2.1511  data: 1.2835  max mem: 0
Epoch: [110]  [24/25]  eta: 0:00:02  lr: 0.001000  loss: 98.4673 (98.4701)  time: 2.2527  data: 1.3852  max mem: 0
Epoch: [110] Total time: 0:00:56 (2.2513 s / it)
  [  0/150]  eta: 0:00:42    time: 0.2829  data: 0.2379  max mem: 0
  [ 40/150]  eta: 0:00:29    time: 0.2705  data: 0.2257  max mem: 0
  [ 80/150]  eta: 0:00:18    time: 0.2703  data: 0.2256  max mem: 0
  [120/150]  eta: 0:00:08    time: 0.2701  data: 0.2253  max mem: 0
  [149/150]  eta: 0:00:00    time: 0.2756  data: 0.2308  max mem: 0
 Total time: 0:00:40 (0.2712 s / it)
tensor(1.8834, device='cuda:1')
Epoch: [111]  [ 0/25]  eta: 0:00:53  lr: 0.001000  loss: 98.4702 (98.4702)  time: 2.1449  data: 1.2774  max mem: 0
Epoch: [111]  [24/25]  eta: 0:00:02  lr: 0.001000  loss: 98.4636 (98.4673)  time: 2.3266  data: 1.4583  max mem: 0
Epoch: [111] Total time: 0:00:57 (2.2908 s / it)
  [  0/150]  eta: 0:00:49    time: 0.3313  data: 0.2862  max mem: 0
  [ 40/150]  eta: 0:00:31    time: 0.2666  data: 0.2218  max mem: 0
  [ 80/150]  eta: 0:00:19    time: 0.2670  data: 0.2222  max mem: 0
  [120/150]  eta: 0:00:08    time: 0.2804  data: 0.2356  max mem: 0
  [149/150]  eta: 0:00:00    time: 0.2636  data: 0.2189  max mem: 0
 Total time: 0:00:41 (0.2741 s / it)
tensor(1.8354, device='cuda:1')
Epoch: [112]  [ 0/25]  eta: 0:00:53  lr: 0.001000  loss: 98.4690 (98.4690)  time: 2.1354  data: 1.2682  max mem: 0
Epoch: [112]  [24/25]  eta: 0:00:02  lr: 0.001000  loss: 98.4581 (98.4667)  time: 2.1439  data: 1.2764  max mem: 0
Epoch: [112] Total time: 0:00:53 (2.1431 s / it)
  [  0/150]  eta: 0:00:41    time: 0.2762  data: 0.2312  max mem: 0
  [ 40/150]  eta: 0:00:30    time: 0.2708  data: 0.2251  max mem: 0
  [ 80/150]  eta: 0:00:18    time: 0.2654  data: 0.2206  max mem: 0
  [120/150]  eta: 0:00:08    time: 0.2752  data: 0.2298  max mem: 0
  [149/150]  eta: 0:00:00    time: 0.2670  data: 0.2222  max mem: 0
 Total time: 0:00:40 (0.2726 s / it)
tensor(1.8681, device='cuda:1')
Epoch: [113]  [ 0/25]  eta: 0:00:53  lr: 0.001000  loss: 98.4602 (98.4602)  time: 2.1375  data: 1.2697  max mem: 0
Epoch: [113]  [24/25]  eta: 0:00:02  lr: 0.001000  loss: 98.4695 (98.4672)  time: 2.3748  data: 1.5061  max mem: 0
Epoch: [113] Total time: 0:00:58 (2.3301 s / it)
  [  0/150]  eta: 0:00:41    time: 0.2760  data: 0.2310  max mem: 0
  [ 40/150]  eta: 0:00:29    time: 0.2647  data: 0.2199  max mem: 0
  [ 80/150]  eta: 0:00:18    time: 0.2630  data: 0.2182  max mem: 0
  [120/150]  eta: 0:00:07    time: 0.2623  data: 0.2176  max mem: 0
  [149/150]  eta: 0:00:00    time: 0.2646  data: 0.2199  max mem: 0
 Total time: 0:00:39 (0.2646 s / it)
tensor(1.9011, device='cuda:1')
Epoch: [114]  [ 0/25]  eta: 0:00:53  lr: 0.001000  loss: 98.4667 (98.4667)  time: 2.1341  data: 1.2668  max mem: 0
Epoch: [114]  [24/25]  eta: 0:00:02  lr: 0.001000  loss: 98.4654 (98.4679)  time: 2.2804  data: 1.4129  max mem: 0
Epoch: [114] Total time: 0:00:56 (2.2617 s / it)
  [  0/150]  eta: 0:00:56    time: 0.3752  data: 0.3298  max mem: 0
  [ 40/150]  eta: 0:00:30    time: 0.2610  data: 0.2162  max mem: 0
  [ 80/150]  eta: 0:00:18    time: 0.2613  data: 0.2165  max mem: 0
  [120/150]  eta: 0:00:07    time: 0.2640  data: 0.2192  max mem: 0
  [149/150]  eta: 0:00:00    time: 0.2627  data: 0.2180  max mem: 0
 Total time: 0:00:39 (0.2656 s / it)
tensor(2.1071, device='cuda:1')
Epoch: [115]  [ 0/25]  eta: 0:00:53  lr: 0.001000  loss: 98.4688 (98.4688)  time: 2.1427  data: 1.2756  max mem: 0
Epoch: [115]  [24/25]  eta: 0:00:02  lr: 0.001000  loss: 98.4663 (98.4684)  time: 2.1540  data: 1.2866  max mem: 0
Epoch: [115] Total time: 0:00:53 (2.1543 s / it)
  [  0/150]  eta: 0:00:40    time: 0.2725  data: 0.2276  max mem: 0
  [ 40/150]  eta: 0:00:31    time: 0.3163  data: 0.2713  max mem: 0
  [ 80/150]  eta: 0:00:20    time: 0.3002  data: 0.2552  max mem: 0
  [120/150]  eta: 0:00:08    time: 0.2890  data: 0.2442  max mem: 0
  [149/150]  eta: 0:00:00    time: 0.2745  data: 0.2291  max mem: 0
 Total time: 0:00:42 (0.2856 s / it)
tensor(1.9065, device='cuda:1')
Epoch: [116]  [ 0/25]  eta: 0:01:03  lr: 0.001000  loss: 98.4689 (98.4689)  time: 2.5294  data: 1.6587  max mem: 0
Epoch: [116]  [24/25]  eta: 0:00:02  lr: 0.001000  loss: 98.4686 (98.4644)  time: 2.1442  data: 1.2770  max mem: 0
Epoch: [116] Total time: 0:00:54 (2.1655 s / it)
  [  0/150]  eta: 0:00:40    time: 0.2723  data: 0.2274  max mem: 0
  [ 40/150]  eta: 0:00:28    time: 0.2624  data: 0.2177  max mem: 0
  [ 80/150]  eta: 0:00:18    time: 0.2692  data: 0.2244  max mem: 0
  [120/150]  eta: 0:00:07    time: 0.2615  data: 0.2167  max mem: 0
  [149/150]  eta: 0:00:00    time: 0.2613  data: 0.2166  max mem: 0
 Total time: 0:00:39 (0.2634 s / it)
tensor(1.8206, device='cuda:1')
Epoch: [117]  [ 0/25]  eta: 0:00:53  lr: 0.001000  loss: 98.4655 (98.4655)  time: 2.1261  data: 1.2592  max mem: 0
Epoch: [117]  [24/25]  eta: 0:00:02  lr: 0.001000  loss: 98.4594 (98.4626)  time: 2.2246  data: 1.3573  max mem: 0
Epoch: [117] Total time: 0:00:55 (2.2080 s / it)
  [  0/150]  eta: 0:00:41    time: 0.2750  data: 0.2301  max mem: 0
  [ 40/150]  eta: 0:00:29    time: 0.2661  data: 0.2213  max mem: 0
  [ 80/150]  eta: 0:00:18    time: 0.2718  data: 0.2263  max mem: 0
  [120/150]  eta: 0:00:08    time: 0.2835  data: 0.2381  max mem: 0
  [149/150]  eta: 0:00:00    time: 0.2667  data: 0.2219  max mem: 0
 Total time: 0:00:41 (0.2747 s / it)
tensor(1.9055, device='cuda:1')
Epoch: [118]  [ 0/25]  eta: 0:00:53  lr: 0.001000  loss: 98.4650 (98.4650)  time: 2.1442  data: 1.2782  max mem: 0
Epoch: [118]  [24/25]  eta: 0:00:02  lr: 0.001000  loss: 98.4608 (98.4624)  time: 2.1562  data: 1.2892  max mem: 0
Epoch: [118] Total time: 0:00:54 (2.1769 s / it)
  [  0/150]  eta: 0:00:41    time: 0.2762  data: 0.2313  max mem: 0
  [ 40/150]  eta: 0:00:29    time: 0.2642  data: 0.2195  max mem: 0
  [ 80/150]  eta: 0:00:18    time: 0.2648  data: 0.2201  max mem: 0
  [120/150]  eta: 0:00:07    time: 0.2651  data: 0.2204  max mem: 0
  [149/150]  eta: 0:00:00    time: 0.2641  data: 0.2193  max mem: 0
 Total time: 0:00:39 (0.2650 s / it)
tensor(1.8635, device='cuda:1')
Epoch: [119]  [ 0/25]  eta: 0:00:53  lr: 0.001000  loss: 98.4661 (98.4661)  time: 2.1424  data: 1.2758  max mem: 0
Epoch: [119]  [24/25]  eta: 0:00:02  lr: 0.001000  loss: 98.4607 (98.4628)  time: 2.1829  data: 1.3159  max mem: 0
Epoch: [119] Total time: 0:00:54 (2.1772 s / it)
  [  0/150]  eta: 0:00:40    time: 0.2729  data: 0.2280  max mem: 0
  [ 40/150]  eta: 0:00:29    time: 0.2656  data: 0.2209  max mem: 0
  [ 80/150]  eta: 0:00:18    time: 0.2657  data: 0.2210  max mem: 0
  [120/150]  eta: 0:00:07    time: 0.2659  data: 0.2212  max mem: 0
  [149/150]  eta: 0:00:00    time: 0.2654  data: 0.2206  max mem: 0
 Total time: 0:00:39 (0.2658 s / it)
tensor(1.9711, device='cuda:1')
Epoch: [120]  [ 0/25]  eta: 0:00:53  lr: 0.001000  loss: 98.4651 (98.4651)  time: 2.1347  data: 1.2679  max mem: 0
Epoch: [120]  [24/25]  eta: 0:00:02  lr: 0.001000  loss: 98.4617 (98.4643)  time: 2.1515  data: 1.2848  max mem: 0
Epoch: [120] Total time: 0:00:53 (2.1507 s / it)
  [  0/150]  eta: 0:00:41    time: 0.2780  data: 0.2330  max mem: 0
  [ 40/150]  eta: 0:00:30    time: 0.2647  data: 0.2200  max mem: 0
  [ 80/150]  eta: 0:00:19    time: 0.2648  data: 0.2200  max mem: 0
  [120/150]  eta: 0:00:08    time: 0.2657  data: 0.2209  max mem: 0
  [149/150]  eta: 0:00:00    time: 0.2648  data: 0.2200  max mem: 0
 Total time: 0:00:41 (0.2739 s / it)
tensor(1.9242, device='cuda:1')
Epoch: [121]  [ 0/25]  eta: 0:00:53  lr: 0.001000  loss: 98.4633 (98.4633)  time: 2.1396  data: 1.2730  max mem: 0
Epoch: [121]  [24/25]  eta: 0:00:02  lr: 0.001000  loss: 98.4648 (98.4656)  time: 2.1995  data: 1.3325  max mem: 0
Epoch: [121] Total time: 0:00:55 (2.2212 s / it)
  [  0/150]  eta: 0:00:46    time: 0.3125  data: 0.2674  max mem: 0
  [ 40/150]  eta: 0:00:31    time: 0.2988  data: 0.2535  max mem: 0
  [ 80/150]  eta: 0:00:19    time: 0.2695  data: 0.2247  max mem: 0
  [120/150]  eta: 0:00:08    time: 0.2658  data: 0.2210  max mem: 0
  [149/150]  eta: 0:00:00    time: 0.2672  data: 0.2224  max mem: 0
 Total time: 0:00:41 (0.2743 s / it)
tensor(2.0300, device='cuda:1')
Epoch: [122]  [ 0/25]  eta: 0:00:53  lr: 0.001000  loss: 98.4654 (98.4654)  time: 2.1484  data: 1.2814  max mem: 0
Epoch: [122]  [24/25]  eta: 0:00:02  lr: 0.001000  loss: 98.4561 (98.4660)  time: 2.2918  data: 1.4241  max mem: 0
Epoch: [122] Total time: 0:00:56 (2.2700 s / it)
  [  0/150]  eta: 0:00:49    time: 0.3289  data: 0.2838  max mem: 0
  [ 40/150]  eta: 0:00:31    time: 0.2820  data: 0.2350  max mem: 0
  [ 80/150]  eta: 0:00:19    time: 0.2683  data: 0.2235  max mem: 0
  [120/150]  eta: 0:00:08    time: 0.2683  data: 0.2234  max mem: 0
  [149/150]  eta: 0:00:00    time: 0.2672  data: 0.2223  max mem: 0
 Total time: 0:00:41 (0.2757 s / it)
tensor(2.0840, device='cuda:1')
Epoch: [123]  [ 0/25]  eta: 0:00:53  lr: 0.001000  loss: 98.4587 (98.4587)  time: 2.1536  data: 1.2869  max mem: 0
Epoch: [123]  [24/25]  eta: 0:00:02  lr: 0.001000  loss: 98.4575 (98.4629)  time: 2.3235  data: 1.4553  max mem: 0
Epoch: [123] Total time: 0:00:57 (2.3018 s / it)
  [  0/150]  eta: 0:00:41    time: 0.2749  data: 0.2300  max mem: 0
  [ 40/150]  eta: 0:00:29    time: 0.2647  data: 0.2200  max mem: 0
  [ 80/150]  eta: 0:00:18    time: 0.2659  data: 0.2212  max mem: 0
  [120/150]  eta: 0:00:08    time: 0.2925  data: 0.2463  max mem: 0
  [149/150]  eta: 0:00:00    time: 0.2675  data: 0.2227  max mem: 0
 Total time: 0:00:40 (0.2710 s / it)
tensor(2.0652, device='cuda:1')
Epoch: [124]  [ 0/25]  eta: 0:00:56  lr: 0.001000  loss: 98.4601 (98.4601)  time: 2.2586  data: 1.3918  max mem: 0
Epoch: [124]  [24/25]  eta: 0:00:02  lr: 0.001000  loss: 98.4669 (98.4619)  time: 2.3731  data: 1.5053  max mem: 0
Epoch: [124] Total time: 0:00:58 (2.3534 s / it)
  [  0/150]  eta: 0:00:41    time: 0.2750  data: 0.2301  max mem: 0
  [ 40/150]  eta: 0:00:29    time: 0.2657  data: 0.2206  max mem: 0
  [ 80/150]  eta: 0:00:19    time: 0.2828  data: 0.2375  max mem: 0
  [120/150]  eta: 0:00:08    time: 0.2820  data: 0.2367  max mem: 0
  [149/150]  eta: 0:00:00    time: 0.2809  data: 0.2343  max mem: 0
 Total time: 0:00:41 (0.2787 s / it)
tensor(1.9387, device='cuda:1')
Epoch: [125]  [ 0/25]  eta: 0:00:53  lr: 0.001000  loss: 98.4669 (98.4669)  time: 2.1491  data: 1.2820  max mem: 0
Epoch: [125]  [24/25]  eta: 0:00:02  lr: 0.001000  loss: 98.4677 (98.4613)  time: 2.2017  data: 1.3347  max mem: 0
Epoch: [125] Total time: 0:00:55 (2.2114 s / it)
  [  0/150]  eta: 0:00:48    time: 0.3251  data: 0.2801  max mem: 0
  [ 40/150]  eta: 0:00:31    time: 0.2730  data: 0.2283  max mem: 0
  [ 80/150]  eta: 0:00:19    time: 0.2659  data: 0.2212  max mem: 0
  [120/150]  eta: 0:00:08    time: 0.2715  data: 0.2261  max mem: 0
  [149/150]  eta: 0:00:00    time: 0.2690  data: 0.2236  max mem: 0
 Total time: 0:00:41 (0.2740 s / it)
tensor(1.9879, device='cuda:1')
Epoch: [126]  [ 0/25]  eta: 0:00:55  lr: 0.001000  loss: 98.4699 (98.4699)  time: 2.2098  data: 1.3434  max mem: 0
Epoch: [126]  [24/25]  eta: 0:00:02  lr: 0.001000  loss: 98.4641 (98.4642)  time: 2.2847  data: 1.4173  max mem: 0
Epoch: [126] Total time: 0:00:56 (2.2794 s / it)
  [  0/150]  eta: 0:00:42    time: 0.2808  data: 0.2359  max mem: 0
  [ 40/150]  eta: 0:00:30    time: 0.2700  data: 0.2251  max mem: 0
  [ 80/150]  eta: 0:00:19    time: 0.2650  data: 0.2202  max mem: 0
  [120/150]  eta: 0:00:08    time: 0.2657  data: 0.2209  max mem: 0
  [149/150]  eta: 0:00:00    time: 0.2639  data: 0.2192  max mem: 0
 Total time: 0:00:40 (0.2709 s / it)
tensor(1.9409, device='cuda:1')
Epoch: [127]  [ 0/25]  eta: 0:00:53  lr: 0.001000  loss: 98.4702 (98.4702)  time: 2.1263  data: 1.2598  max mem: 0
Epoch: [127]  [24/25]  eta: 0:00:02  lr: 0.001000  loss: 98.4594 (98.4678)  time: 2.2654  data: 1.3977  max mem: 0
Epoch: [127] Total time: 0:00:56 (2.2476 s / it)
  [  0/150]  eta: 0:00:41    time: 0.2780  data: 0.2331  max mem: 0
  [ 40/150]  eta: 0:00:29    time: 0.2661  data: 0.2212  max mem: 0
  [ 80/150]  eta: 0:00:18    time: 0.2634  data: 0.2187  max mem: 0
  [120/150]  eta: 0:00:08    time: 0.2618  data: 0.2171  max mem: 0
  [149/150]  eta: 0:00:00    time: 0.2670  data: 0.2217  max mem: 0
 Total time: 0:00:40 (0.2692 s / it)
tensor(1.9968, device='cuda:1')
Epoch: [128]  [ 0/25]  eta: 0:00:53  lr: 0.001000  loss: 98.4696 (98.4696)  time: 2.1436  data: 1.2759  max mem: 0
Epoch: [128]  [24/25]  eta: 0:00:02  lr: 0.001000  loss: 98.4690 (98.4685)  time: 2.2761  data: 1.4087  max mem: 0
Epoch: [128] Total time: 0:00:56 (2.2502 s / it)
  [  0/150]  eta: 0:00:40    time: 0.2727  data: 0.2278  max mem: 0
  [ 40/150]  eta: 0:00:29    time: 0.2649  data: 0.2202  max mem: 0
  [ 80/150]  eta: 0:00:18    time: 0.2712  data: 0.2259  max mem: 0
  [120/150]  eta: 0:00:07    time: 0.2681  data: 0.2227  max mem: 0
  [149/150]  eta: 0:00:00    time: 0.2649  data: 0.2200  max mem: 0
 Total time: 0:00:39 (0.2663 s / it)
tensor(1.8949, device='cuda:1')
Epoch: [129]  [ 0/25]  eta: 0:00:53  lr: 0.001000  loss: 98.4694 (98.4694)  time: 2.1272  data: 1.2609  max mem: 0
Epoch: [129]  [24/25]  eta: 0:00:02  lr: 0.001000  loss: 98.4636 (98.4671)  time: 2.2423  data: 1.3747  max mem: 0
Epoch: [129] Total time: 0:00:55 (2.2311 s / it)
  [  0/150]  eta: 0:00:41    time: 0.2761  data: 0.2311  max mem: 0
  [ 40/150]  eta: 0:00:29    time: 0.2764  data: 0.2310  max mem: 0
  [ 80/150]  eta: 0:00:19    time: 0.2766  data: 0.2307  max mem: 0
  [120/150]  eta: 0:00:08    time: 0.2635  data: 0.2187  max mem: 0
  [149/150]  eta: 0:00:00    time: 0.2630  data: 0.2182  max mem: 0
 Total time: 0:00:40 (0.2724 s / it)
tensor(2.1535, device='cuda:1')
Epoch: [130]  [ 0/25]  eta: 0:00:56  lr: 0.001000  loss: 98.4629 (98.4629)  time: 2.2679  data: 1.4021  max mem: 0
Epoch: [130]  [24/25]  eta: 0:00:02  lr: 0.001000  loss: 98.3910 (98.4060)  time: 2.1960  data: 1.3288  max mem: 0
Epoch: [130] Total time: 0:00:55 (2.2052 s / it)
  [  0/150]  eta: 0:00:41    time: 0.2776  data: 0.2327  max mem: 0
  [ 40/150]  eta: 0:00:29    time: 0.2761  data: 0.2308  max mem: 0
  [ 80/150]  eta: 0:00:19    time: 0.2705  data: 0.2257  max mem: 0
  [120/150]  eta: 0:00:08    time: 0.2766  data: 0.2309  max mem: 0
  [149/150]  eta: 0:00:00    time: 0.2694  data: 0.2245  max mem: 0
 Total time: 0:00:40 (0.2722 s / it)
tensor(2.1337, device='cuda:1')
Epoch: [131]  [ 0/25]  eta: 0:00:56  lr: 0.001000  loss: 98.4075 (98.4075)  time: 2.2673  data: 1.4003  max mem: 0
Epoch: [131]  [24/25]  eta: 0:00:02  lr: 0.001000  loss: 98.3892 (98.4010)  time: 2.2855  data: 1.4182  max mem: 0
Epoch: [131] Total time: 0:00:56 (2.2720 s / it)
  [  0/150]  eta: 0:00:51    time: 0.3454  data: 0.3004  max mem: 0
  [ 40/150]  eta: 0:00:31    time: 0.2646  data: 0.2198  max mem: 0
  [ 80/150]  eta: 0:00:19    time: 0.2654  data: 0.2206  max mem: 0
  [120/150]  eta: 0:00:08    time: 0.2643  data: 0.2195  max mem: 0
  [149/150]  eta: 0:00:00    time: 0.2915  data: 0.2466  max mem: 0
 Total time: 0:00:41 (0.2744 s / it)
tensor(2.0310, device='cuda:1')
Epoch: [132]  [ 0/25]  eta: 0:01:00  lr: 0.001000  loss: 98.3962 (98.3962)  time: 2.4208  data: 1.5539  max mem: 0
Epoch: [132]  [24/25]  eta: 0:00:02  lr: 0.001000  loss: 98.3882 (98.3991)  time: 2.2600  data: 1.3929  max mem: 0
Epoch: [132] Total time: 0:00:57 (2.2889 s / it)
  [  0/150]  eta: 0:00:40    time: 0.2729  data: 0.2281  max mem: 0
  [ 40/150]  eta: 0:00:31    time: 0.2978  data: 0.2525  max mem: 0
  [ 80/150]  eta: 0:00:19    time: 0.2718  data: 0.2270  max mem: 0
  [120/150]  eta: 0:00:08    time: 0.2999  data: 0.2547  max mem: 0
  [149/150]  eta: 0:00:00    time: 0.3037  data: 0.2584  max mem: 0
 Total time: 0:00:42 (0.2834 s / it)
tensor(1.9399, device='cuda:1')
Epoch: [133]  [ 0/25]  eta: 0:01:02  lr: 0.001000  loss: 98.3912 (98.3912)  time: 2.5167  data: 1.6492  max mem: 0
Epoch: [133]  [24/25]  eta: 0:00:02  lr: 0.001000  loss: 98.3947 (98.4000)  time: 2.2965  data: 1.4287  max mem: 0
Epoch: [133] Total time: 0:00:57 (2.2934 s / it)
  [  0/150]  eta: 0:00:41    time: 0.2744  data: 0.2295  max mem: 0
  [ 40/150]  eta: 0:00:29    time: 0.2638  data: 0.2191  max mem: 0
  [ 80/150]  eta: 0:00:18    time: 0.2647  data: 0.2200  max mem: 0
  [120/150]  eta: 0:00:07    time: 0.2632  data: 0.2184  max mem: 0
  [149/150]  eta: 0:00:00    time: 0.2681  data: 0.2233  max mem: 0
 Total time: 0:00:39 (0.2649 s / it)
tensor(1.9671, device='cuda:1')
Epoch: [134]  [ 0/25]  eta: 0:00:53  lr: 0.001000  loss: 98.4011 (98.4011)  time: 2.1336  data: 1.2670  max mem: 0
Epoch: [134]  [24/25]  eta: 0:00:02  lr: 0.001000  loss: 98.4001 (98.3991)  time: 2.3557  data: 1.4875  max mem: 0
Epoch: [134] Total time: 0:00:58 (2.3352 s / it)
  [  0/150]  eta: 0:00:40    time: 0.2732  data: 0.2283  max mem: 0
  [ 40/150]  eta: 0:00:29    time: 0.2653  data: 0.2205  max mem: 0
  [ 80/150]  eta: 0:00:18    time: 0.2641  data: 0.2194  max mem: 0
  [120/150]  eta: 0:00:08    time: 0.2651  data: 0.2203  max mem: 0
  [149/150]  eta: 0:00:00    time: 0.2644  data: 0.2196  max mem: 0
 Total time: 0:00:40 (0.2672 s / it)
tensor(1.9174, device='cuda:1')
Epoch: [135]  [ 0/25]  eta: 0:01:00  lr: 0.001000  loss: 98.4152 (98.4152)  time: 2.4058  data: 1.5335  max mem: 0
Epoch: [135]  [24/25]  eta: 0:00:02  lr: 0.001000  loss: 98.3854 (98.3982)  time: 2.1945  data: 1.3275  max mem: 0
Epoch: [135] Total time: 0:00:55 (2.2063 s / it)
  [  0/150]  eta: 0:00:41    time: 0.2740  data: 0.2291  max mem: 0
  [ 40/150]  eta: 0:00:29    time: 0.2636  data: 0.2189  max mem: 0
  [ 80/150]  eta: 0:00:18    time: 0.2740  data: 0.2292  max mem: 0
  [120/150]  eta: 0:00:08    time: 0.2741  data: 0.2294  max mem: 0
  [149/150]  eta: 0:00:00    time: 0.2750  data: 0.2302  max mem: 0
 Total time: 0:00:40 (0.2712 s / it)
tensor(2.0080, device='cuda:1')
Epoch: [136]  [ 0/25]  eta: 0:00:53  lr: 0.001000  loss: 98.3945 (98.3945)  time: 2.1262  data: 1.2591  max mem: 0
Epoch: [136]  [24/25]  eta: 0:00:02  lr: 0.001000  loss: 98.3980 (98.3989)  time: 2.1786  data: 1.3108  max mem: 0
Epoch: [136] Total time: 0:00:54 (2.1692 s / it)
  [  0/150]  eta: 0:00:40    time: 0.2723  data: 0.2274  max mem: 0
  [ 40/150]  eta: 0:00:28    time: 0.2612  data: 0.2165  max mem: 0
  [ 80/150]  eta: 0:00:18    time: 0.2616  data: 0.2168  max mem: 0
  [120/150]  eta: 0:00:07    time: 0.2895  data: 0.2443  max mem: 0
  [149/150]  eta: 0:00:00    time: 0.2640  data: 0.2192  max mem: 0
 Total time: 0:00:40 (0.2672 s / it)
tensor(1.9963, device='cuda:1')
Epoch: [137]  [ 0/25]  eta: 0:00:53  lr: 0.001000  loss: 98.3978 (98.3978)  time: 2.1291  data: 1.2625  max mem: 0
Epoch: [137]  [24/25]  eta: 0:00:02  lr: 0.001000  loss: 98.3876 (98.3957)  time: 2.2711  data: 1.4036  max mem: 0
Epoch: [137] Total time: 0:00:56 (2.2447 s / it)
  [  0/150]  eta: 0:00:41    time: 0.2764  data: 0.2315  max mem: 0
  [ 40/150]  eta: 0:00:32    time: 0.2729  data: 0.2271  max mem: 0
  [ 80/150]  eta: 0:00:19    time: 0.2659  data: 0.2211  max mem: 0
  [120/150]  eta: 0:00:08    time: 0.2631  data: 0.2184  max mem: 0
  [149/150]  eta: 0:00:00    time: 0.2625  data: 0.2177  max mem: 0
 Total time: 0:00:40 (0.2722 s / it)
tensor(2.0484, device='cuda:1')
Epoch: [138]  [ 0/25]  eta: 0:00:53  lr: 0.001000  loss: 98.3937 (98.3937)  time: 2.1210  data: 1.2547  max mem: 0
Epoch: [138]  [24/25]  eta: 0:00:02  lr: 0.001000  loss: 98.3983 (98.3932)  time: 2.3440  data: 1.4769  max mem: 0
Epoch: [138] Total time: 0:00:57 (2.3060 s / it)
  [  0/150]  eta: 0:00:47    time: 0.3151  data: 0.2701  max mem: 0
  [ 40/150]  eta: 0:00:29    time: 0.2618  data: 0.2171  max mem: 0
  [ 80/150]  eta: 0:00:18    time: 0.2620  data: 0.2173  max mem: 0
  [120/150]  eta: 0:00:07    time: 0.2752  data: 0.2304  max mem: 0
  [149/150]  eta: 0:00:00    time: 0.2622  data: 0.2174  max mem: 0
 Total time: 0:00:39 (0.2651 s / it)
tensor(1.8697, device='cuda:1')
Epoch: [139]  [ 0/25]  eta: 0:00:52  lr: 0.001000  loss: 98.3944 (98.3944)  time: 2.1053  data: 1.2373  max mem: 0
Epoch: [139]  [24/25]  eta: 0:00:02  lr: 0.001000  loss: 98.3841 (98.3911)  time: 2.1810  data: 1.3140  max mem: 0
Epoch: [139] Total time: 0:00:54 (2.1674 s / it)
  [  0/150]  eta: 0:00:40    time: 0.2674  data: 0.2226  max mem: 0
  [ 40/150]  eta: 0:00:28    time: 0.2602  data: 0.2155  max mem: 0
  [ 80/150]  eta: 0:00:18    time: 0.2604  data: 0.2157  max mem: 0
  [120/150]  eta: 0:00:07    time: 0.2974  data: 0.2524  max mem: 0
  [149/150]  eta: 0:00:00    time: 0.2594  data: 0.2147  max mem: 0
 Total time: 0:00:39 (0.2650 s / it)
tensor(1.9281, device='cuda:1')
Epoch: [140]  [ 0/25]  eta: 0:00:52  lr: 0.001000  loss: 98.3972 (98.3972)  time: 2.1152  data: 1.2470  max mem: 0
Epoch: [140]  [24/25]  eta: 0:00:02  lr: 0.001000  loss: 98.3791 (98.3871)  time: 2.1828  data: 1.3157  max mem: 0
Epoch: [140] Total time: 0:00:54 (2.1719 s / it)
  [  0/150]  eta: 0:01:01    time: 0.4107  data: 0.3651  max mem: 0
  [ 40/150]  eta: 0:00:32    time: 0.2739  data: 0.2286  max mem: 0
  [ 80/150]  eta: 0:00:20    time: 0.2608  data: 0.2160  max mem: 0
  [120/150]  eta: 0:00:08    time: 0.2628  data: 0.2180  max mem: 0
  [149/150]  eta: 0:00:00    time: 0.3079  data: 0.2625  max mem: 0
 Total time: 0:00:42 (0.2847 s / it)
tensor(1.9945, device='cuda:1')
Epoch: [141]  [ 0/25]  eta: 0:00:52  lr: 0.001000  loss: 98.3818 (98.3818)  time: 2.1174  data: 1.2511  max mem: 0
Epoch: [141]  [24/25]  eta: 0:00:02  lr: 0.001000  loss: 98.3817 (98.3861)  time: 2.3230  data: 1.4549  max mem: 0
Epoch: [141] Total time: 0:00:57 (2.2852 s / it)
  [  0/150]  eta: 0:00:56    time: 0.3774  data: 0.3323  max mem: 0
  [ 40/150]  eta: 0:00:32    time: 0.2664  data: 0.2216  max mem: 0
  [ 80/150]  eta: 0:00:19    time: 0.2621  data: 0.2174  max mem: 0
  [120/150]  eta: 0:00:08    time: 0.2628  data: 0.2180  max mem: 0
  [149/150]  eta: 0:00:00    time: 0.2651  data: 0.2203  max mem: 0
 Total time: 0:00:40 (0.2708 s / it)
tensor(1.9702, device='cuda:1')
Epoch: [142]  [ 0/25]  eta: 0:00:58  lr: 0.001000  loss: 98.3850 (98.3850)  time: 2.3246  data: 1.4570  max mem: 0
Epoch: [142]  [24/25]  eta: 0:00:02  lr: 0.001000  loss: 98.3844 (98.3900)  time: 2.2509  data: 1.3836  max mem: 0
Epoch: [142] Total time: 0:00:56 (2.2668 s / it)
  [  0/150]  eta: 0:00:40    time: 0.2705  data: 0.2257  max mem: 0
  [ 40/150]  eta: 0:00:29    time: 0.2634  data: 0.2180  max mem: 0
  [ 80/150]  eta: 0:00:19    time: 0.2919  data: 0.2470  max mem: 0
  [120/150]  eta: 0:00:08    time: 0.2610  data: 0.2163  max mem: 0
  [149/150]  eta: 0:00:00    time: 0.2984  data: 0.2534  max mem: 0
 Total time: 0:00:40 (0.2717 s / it)
tensor(2.0010, device='cuda:1')
Epoch: [143]  [ 0/25]  eta: 0:00:53  lr: 0.001000  loss: 98.3871 (98.3871)  time: 2.1224  data: 1.2558  max mem: 0
Epoch: [143]  [24/25]  eta: 0:00:02  lr: 0.001000  loss: 98.3897 (98.3839)  time: 2.1620  data: 1.2949  max mem: 0
Epoch: [143] Total time: 0:00:53 (2.1560 s / it)
  [  0/150]  eta: 0:00:41    time: 0.2748  data: 0.2298  max mem: 0
  [ 40/150]  eta: 0:00:29    time: 0.2663  data: 0.2215  max mem: 0
  [ 80/150]  eta: 0:00:18    time: 0.2645  data: 0.2197  max mem: 0
  [120/150]  eta: 0:00:07    time: 0.2738  data: 0.2290  max mem: 0
  [149/150]  eta: 0:00:00    time: 0.2954  data: 0.2500  max mem: 0
 Total time: 0:00:40 (0.2685 s / it)
tensor(1.8948, device='cuda:1')
Epoch: [144]  [ 0/25]  eta: 0:00:52  lr: 0.001000  loss: 98.3965 (98.3965)  time: 2.1048  data: 1.2373  max mem: 0
Epoch: [144]  [24/25]  eta: 0:00:02  lr: 0.001000  loss: 98.3776 (98.3823)  time: 2.2945  data: 1.4277  max mem: 0
Epoch: [144] Total time: 0:00:56 (2.2699 s / it)
  [  0/150]  eta: 0:00:40    time: 0.2689  data: 0.2239  max mem: 0
  [ 40/150]  eta: 0:00:29    time: 0.2608  data: 0.2160  max mem: 0
  [ 80/150]  eta: 0:00:18    time: 0.2601  data: 0.2154  max mem: 0
  [120/150]  eta: 0:00:07    time: 0.2601  data: 0.2153  max mem: 0
  [149/150]  eta: 0:00:00    time: 0.2695  data: 0.2247  max mem: 0
 Total time: 0:00:39 (0.2638 s / it)
tensor(1.8545, device='cuda:1')
Epoch: [145]  [ 0/25]  eta: 0:01:02  lr: 0.001000  loss: 98.3763 (98.3763)  time: 2.4923  data: 1.6249  max mem: 0
Epoch: [145]  [24/25]  eta: 0:00:02  lr: 0.001000  loss: 98.3796 (98.3859)  time: 2.1325  data: 1.2650  max mem: 0
Epoch: [145] Total time: 0:00:54 (2.1685 s / it)
  [  0/150]  eta: 0:00:40    time: 0.2689  data: 0.2240  max mem: 0
  [ 40/150]  eta: 0:00:29    time: 0.2778  data: 0.2325  max mem: 0
  [ 80/150]  eta: 0:00:19    time: 0.2839  data: 0.2380  max mem: 0
  [120/150]  eta: 0:00:08    time: 0.3016  data: 0.2563  max mem: 0
  [149/150]  eta: 0:00:00    time: 0.2819  data: 0.2371  max mem: 0
 Total time: 0:00:43 (0.2890 s / it)
tensor(1.9214, device='cuda:1')
Epoch: [146]  [ 0/25]  eta: 0:00:58  lr: 0.001000  loss: 98.3801 (98.3801)  time: 2.3510  data: 1.4849  max mem: 0
Epoch: [146]  [24/25]  eta: 0:00:02  lr: 0.001000  loss: 98.3831 (98.3877)  time: 2.1622  data: 1.2953  max mem: 0
Epoch: [146] Total time: 0:00:54 (2.1971 s / it)
  [  0/150]  eta: 0:00:40    time: 0.2681  data: 0.2232  max mem: 0
  [ 40/150]  eta: 0:00:31    time: 0.3069  data: 0.2615  max mem: 0
  [ 80/150]  eta: 0:00:19    time: 0.2613  data: 0.2165  max mem: 0
  [120/150]  eta: 0:00:08    time: 0.2670  data: 0.2223  max mem: 0
  [149/150]  eta: 0:00:00    time: 0.2609  data: 0.2161  max mem: 0
 Total time: 0:00:41 (0.2792 s / it)
tensor(2.1601, device='cuda:1')
Epoch: [147]  [ 0/25]  eta: 0:00:53  lr: 0.001000  loss: 98.3859 (98.3859)  time: 2.1287  data: 1.2620  max mem: 0
Epoch: [147]  [24/25]  eta: 0:00:02  lr: 0.001000  loss: 98.3864 (98.3883)  time: 2.2149  data: 1.3480  max mem: 0
Epoch: [147] Total time: 0:00:54 (2.1988 s / it)
  [  0/150]  eta: 0:00:40    time: 0.2707  data: 0.2258  max mem: 0
  [ 40/150]  eta: 0:00:28    time: 0.2616  data: 0.2168  max mem: 0
  [ 80/150]  eta: 0:00:18    time: 0.2623  data: 0.2175  max mem: 0
  [120/150]  eta: 0:00:07    time: 0.2867  data: 0.2419  max mem: 0
  [149/150]  eta: 0:00:00    time: 0.2976  data: 0.2527  max mem: 0
 Total time: 0:00:40 (0.2718 s / it)
tensor(2.0964, device='cuda:1')
Epoch: [148]  [ 0/25]  eta: 0:00:53  lr: 0.001000  loss: 98.3979 (98.3979)  time: 2.1373  data: 1.2706  max mem: 0
Epoch: [148]  [24/25]  eta: 0:00:02  lr: 0.001000  loss: 98.3849 (98.3913)  time: 2.2329  data: 1.3661  max mem: 0
Epoch: [148] Total time: 0:00:55 (2.2121 s / it)
  [  0/150]  eta: 0:00:40    time: 0.2695  data: 0.2245  max mem: 0
  [ 40/150]  eta: 0:00:28    time: 0.2603  data: 0.2155  max mem: 0
  [ 80/150]  eta: 0:00:18    time: 0.2926  data: 0.2469  max mem: 0
  [120/150]  eta: 0:00:07    time: 0.2613  data: 0.2165  max mem: 0
  [149/150]  eta: 0:00:00    time: 0.2730  data: 0.2277  max mem: 0
 Total time: 0:00:39 (0.2662 s / it)
tensor(2.0532, device='cuda:1')
Epoch: [149]  [ 0/25]  eta: 0:00:56  lr: 0.001000  loss: 98.3937 (98.3937)  time: 2.2503  data: 1.3834  max mem: 0
Epoch: [149]  [24/25]  eta: 0:00:02  lr: 0.001000  loss: 98.3841 (98.3834)  time: 2.1724  data: 1.3055  max mem: 0
Epoch: [149] Total time: 0:00:54 (2.1686 s / it)
  [  0/150]  eta: 0:00:40    time: 0.2680  data: 0.2232  max mem: 0
  [ 40/150]  eta: 0:00:28    time: 0.2603  data: 0.2155  max mem: 0
  [ 80/150]  eta: 0:00:18    time: 0.2648  data: 0.2194  max mem: 0
  [120/150]  eta: 0:00:07    time: 0.2767  data: 0.2318  max mem: 0
  [149/150]  eta: 0:00:00    time: 0.2606  data: 0.2158  max mem: 0
 Total time: 0:00:39 (0.2639 s / it)
tensor(2.0653, device='cuda:1')
Epoch: [150]  [ 0/25]  eta: 0:00:53  lr: 0.001000  loss: 98.3901 (98.3901)  time: 2.1417  data: 1.2749  max mem: 0
Epoch: [150]  [24/25]  eta: 0:00:02  lr: 0.001000  loss: 98.3780 (98.3843)  time: 2.1560  data: 1.2893  max mem: 0
Epoch: [150] Total time: 0:00:54 (2.1728 s / it)
  [  0/150]  eta: 0:00:40    time: 0.2712  data: 0.2263  max mem: 0
  [ 40/150]  eta: 0:00:28    time: 0.2599  data: 0.2152  max mem: 0
  [ 80/150]  eta: 0:00:19    time: 0.2996  data: 0.2534  max mem: 0
  [120/150]  eta: 0:00:08    time: 0.2637  data: 0.2189  max mem: 0
  [149/150]  eta: 0:00:00    time: 0.2635  data: 0.2186  max mem: 0
 Total time: 0:00:40 (0.2708 s / it)
tensor(1.9998, device='cuda:1')
Epoch: [151]  [ 0/25]  eta: 0:00:53  lr: 0.001000  loss: 98.3824 (98.3824)  time: 2.1306  data: 1.2625  max mem: 0
Epoch: [151]  [24/25]  eta: 0:00:02  lr: 0.001000  loss: 98.3829 (98.3889)  time: 2.2435  data: 1.3760  max mem: 0
Epoch: [151] Total time: 0:00:55 (2.2232 s / it)
  [  0/150]  eta: 0:00:40    time: 0.2701  data: 0.2252  max mem: 0
  [ 40/150]  eta: 0:00:29    time: 0.2601  data: 0.2153  max mem: 0
  [ 80/150]  eta: 0:00:18    time: 0.2583  data: 0.2135  max mem: 0
  [120/150]  eta: 0:00:07    time: 0.2916  data: 0.2468  max mem: 0
  [149/150]  eta: 0:00:00    time: 0.2610  data: 0.2162  max mem: 0
 Total time: 0:00:40 (0.2687 s / it)
tensor(2.0726, device='cuda:1')
Epoch: [152]  [ 0/25]  eta: 0:00:52  lr: 0.001000  loss: 98.3880 (98.3880)  time: 2.1163  data: 1.2492  max mem: 0
Epoch: [152]  [24/25]  eta: 0:00:02  lr: 0.001000  loss: 98.3964 (98.3887)  time: 2.2541  data: 1.3867  max mem: 0
Epoch: [152] Total time: 0:00:55 (2.2275 s / it)
  [  0/150]  eta: 0:00:40    time: 0.2670  data: 0.2218  max mem: 0
  [ 40/150]  eta: 0:00:28    time: 0.2591  data: 0.2143  max mem: 0
  [ 80/150]  eta: 0:00:18    time: 0.2578  data: 0.2130  max mem: 0
  [120/150]  eta: 0:00:07    time: 0.2651  data: 0.2203  max mem: 0
  [149/150]  eta: 0:00:00    time: 0.2592  data: 0.2144  max mem: 0
 Total time: 0:00:38 (0.2596 s / it)
tensor(1.9482, device='cuda:1')
Epoch: [153]  [ 0/25]  eta: 0:00:55  lr: 0.001000  loss: 98.3914 (98.3914)  time: 2.2303  data: 1.3632  max mem: 0
Epoch: [153]  [24/25]  eta: 0:00:02  lr: 0.001000  loss: 98.3924 (98.3884)  time: 2.2638  data: 1.3965  max mem: 0
Epoch: [153] Total time: 0:00:56 (2.2608 s / it)
  [  0/150]  eta: 0:00:40    time: 0.2670  data: 0.2222  max mem: 0
  [ 40/150]  eta: 0:00:28    time: 0.2604  data: 0.2156  max mem: 0
  [ 80/150]  eta: 0:00:18    time: 0.2962  data: 0.2507  max mem: 0
  [120/150]  eta: 0:00:08    time: 0.2622  data: 0.2174  max mem: 0
  [149/150]  eta: 0:00:00    time: 0.2632  data: 0.2179  max mem: 0
 Total time: 0:00:40 (0.2706 s / it)
tensor(2.0433, device='cuda:1')
Epoch: [154]  [ 0/25]  eta: 0:00:52  lr: 0.001000  loss: 98.3936 (98.3936)  time: 2.1113  data: 1.2450  max mem: 0
Epoch: [154]  [24/25]  eta: 0:00:02  lr: 0.001000  loss: 98.3839 (98.3876)  time: 2.1362  data: 1.2692  max mem: 0
Epoch: [154] Total time: 0:00:53 (2.1326 s / it)
  [  0/150]  eta: 0:00:40    time: 0.2673  data: 0.2224  max mem: 0
  [ 40/150]  eta: 0:00:30    time: 0.2931  data: 0.2482  max mem: 0
  [ 80/150]  eta: 0:00:18    time: 0.2612  data: 0.2165  max mem: 0
  [120/150]  eta: 0:00:08    time: 0.3080  data: 0.2631  max mem: 0
  [149/150]  eta: 0:00:00    time: 0.2600  data: 0.2152  max mem: 0
 Total time: 0:00:41 (0.2784 s / it)
tensor(2.1196, device='cuda:1')
Epoch: [155]  [ 0/25]  eta: 0:00:52  lr: 0.001000  loss: 98.3891 (98.3891)  time: 2.1163  data: 1.2495  max mem: 0
Epoch: [155]  [24/25]  eta: 0:00:02  lr: 0.001000  loss: 98.3835 (98.3885)  time: 2.1942  data: 1.3274  max mem: 0
Epoch: [155] Total time: 0:00:54 (2.1795 s / it)
  [  0/150]  eta: 0:00:40    time: 0.2705  data: 0.2255  max mem: 0
  [ 40/150]  eta: 0:00:30    time: 0.2843  data: 0.2383  max mem: 0
  [ 80/150]  eta: 0:00:20    time: 0.2954  data: 0.2504  max mem: 0
  [120/150]  eta: 0:00:08    time: 0.3360  data: 0.2903  max mem: 0
  [149/150]  eta: 0:00:00    time: 0.2581  data: 0.2133  max mem: 0
 Total time: 0:00:43 (0.2915 s / it)
tensor(2.0668, device='cuda:1')
Epoch: [156]  [ 0/25]  eta: 0:00:52  lr: 0.001000  loss: 98.3848 (98.3848)  time: 2.1120  data: 1.2459  max mem: 0
Epoch: [156]  [24/25]  eta: 0:00:02  lr: 0.001000  loss: 98.3925 (98.3917)  time: 2.1219  data: 1.2551  max mem: 0
Epoch: [156] Total time: 0:00:53 (2.1218 s / it)
  [  0/150]  eta: 0:00:40    time: 0.2706  data: 0.2257  max mem: 0
  [ 40/150]  eta: 0:00:28    time: 0.2600  data: 0.2153  max mem: 0
  [ 80/150]  eta: 0:00:18    time: 0.2719  data: 0.2268  max mem: 0
  [120/150]  eta: 0:00:08    time: 0.2629  data: 0.2181  max mem: 0
  [149/150]  eta: 0:00:00    time: 0.2600  data: 0.2153  max mem: 0
 Total time: 0:00:40 (0.2680 s / it)
tensor(2.1745, device='cuda:1')
Epoch: [157]  [ 0/25]  eta: 0:00:52  lr: 0.001000  loss: 98.3905 (98.3905)  time: 2.1090  data: 1.2412  max mem: 0
Epoch: [157]  [24/25]  eta: 0:00:02  lr: 0.001000  loss: 98.4003 (98.3940)  time: 2.1749  data: 1.3076  max mem: 0
Epoch: [157] Total time: 0:00:54 (2.1627 s / it)
  [  0/150]  eta: 0:00:40    time: 0.2709  data: 0.2260  max mem: 0
  [ 40/150]  eta: 0:00:29    time: 0.2725  data: 0.2277  max mem: 0
  [ 80/150]  eta: 0:00:19    time: 0.3066  data: 0.2611  max mem: 0
  [120/150]  eta: 0:00:08    time: 0.2640  data: 0.2192  max mem: 0
  [149/150]  eta: 0:00:00    time: 0.2584  data: 0.2136  max mem: 0
 Total time: 0:00:40 (0.2702 s / it)
tensor(2.1684, device='cuda:1')
Epoch: [158]  [ 0/25]  eta: 0:01:00  lr: 0.001000  loss: 98.4007 (98.4007)  time: 2.4189  data: 1.5523  max mem: 0
Epoch: [158]  [24/25]  eta: 0:00:02  lr: 0.001000  loss: 98.4034 (98.3941)  time: 2.2022  data: 1.3351  max mem: 0
Epoch: [158] Total time: 0:00:54 (2.1983 s / it)
  [  0/150]  eta: 0:00:40    time: 0.2712  data: 0.2263  max mem: 0
  [ 40/150]  eta: 0:00:29    time: 0.2650  data: 0.2203  max mem: 0
  [ 80/150]  eta: 0:00:19    time: 0.2617  data: 0.2170  max mem: 0
  [120/150]  eta: 0:00:08    time: 0.2718  data: 0.2270  max mem: 0
  [149/150]  eta: 0:00:00    time: 0.2866  data: 0.2417  max mem: 0
 Total time: 0:00:41 (0.2747 s / it)
tensor(2.2218, device='cuda:1')
Epoch: [159]  [ 0/25]  eta: 0:00:53  lr: 0.001000  loss: 98.4098 (98.4098)  time: 2.1496  data: 1.2807  max mem: 0
Epoch: [159]  [24/25]  eta: 0:00:02  lr: 0.001000  loss: 98.3895 (98.3938)  time: 2.3531  data: 1.4853  max mem: 0
Epoch: [159] Total time: 0:00:58 (2.3314 s / it)
  [  0/150]  eta: 0:00:41    time: 0.2746  data: 0.2296  max mem: 0
  [ 40/150]  eta: 0:00:31    time: 0.2630  data: 0.2183  max mem: 0
  [ 80/150]  eta: 0:00:19    time: 0.2626  data: 0.2179  max mem: 0
  [120/150]  eta: 0:00:08    time: 0.2613  data: 0.2165  max mem: 0
  [149/150]  eta: 0:00:00    time: 0.2603  data: 0.2155  max mem: 0
 Total time: 0:00:40 (0.2696 s / it)
tensor(2.2051, device='cuda:1')
Epoch: [160]  [ 0/25]  eta: 0:00:52  lr: 0.001000  loss: 98.3963 (98.3963)  time: 2.1153  data: 1.2487  max mem: 0
Epoch: [160]  [24/25]  eta: 0:00:02  lr: 0.001000  loss: 98.3830 (98.3941)  time: 2.2191  data: 1.3522  max mem: 0
Epoch: [160] Total time: 0:00:54 (2.1994 s / it)
  [  0/150]  eta: 0:00:40    time: 0.2694  data: 0.2246  max mem: 0
  [ 40/150]  eta: 0:00:28    time: 0.2605  data: 0.2157  max mem: 0
  [ 80/150]  eta: 0:00:18    time: 0.2606  data: 0.2158  max mem: 0
  [120/150]  eta: 0:00:07    time: 0.2620  data: 0.2173  max mem: 0
  [149/150]  eta: 0:00:00    time: 0.2614  data: 0.2166  max mem: 0
 Total time: 0:00:39 (0.2618 s / it)
tensor(2.2356, device='cuda:1')
Epoch: [161]  [ 0/25]  eta: 0:00:52  lr: 0.001000  loss: 98.3842 (98.3842)  time: 2.1087  data: 1.2411  max mem: 0
Epoch: [161]  [24/25]  eta: 0:00:02  lr: 0.001000  loss: 98.3829 (98.3981)  time: 2.1844  data: 1.3175  max mem: 0
Epoch: [161] Total time: 0:00:54 (2.1826 s / it)
  [  0/150]  eta: 0:00:40    time: 0.2679  data: 0.2230  max mem: 0
  [ 40/150]  eta: 0:00:29    time: 0.2590  data: 0.2143  max mem: 0
  [ 80/150]  eta: 0:00:18    time: 0.2597  data: 0.2149  max mem: 0
  [120/150]  eta: 0:00:07    time: 0.2602  data: 0.2154  max mem: 0
  [149/150]  eta: 0:00:00    time: 0.2589  data: 0.2141  max mem: 0
 Total time: 0:00:39 (0.2623 s / it)
tensor(2.0906, device='cuda:1')
Epoch: [162]  [ 0/25]  eta: 0:00:52  lr: 0.001000  loss: 98.3902 (98.3902)  time: 2.1089  data: 1.2423  max mem: 0
Epoch: [162]  [24/25]  eta: 0:00:02  lr: 0.001000  loss: 98.3965 (98.3981)  time: 2.2006  data: 1.3338  max mem: 0
Epoch: [162] Total time: 0:00:54 (2.1911 s / it)
  [  0/150]  eta: 0:00:40    time: 0.2700  data: 0.2251  max mem: 0
  [ 40/150]  eta: 0:00:31    time: 0.3149  data: 0.2695  max mem: 0
  [ 80/150]  eta: 0:00:19    time: 0.2603  data: 0.2155  max mem: 0
  [120/150]  eta: 0:00:08    time: 0.2788  data: 0.2340  max mem: 0
  [149/150]  eta: 0:00:00    time: 0.2587  data: 0.2139  max mem: 0
 Total time: 0:00:40 (0.2702 s / it)
tensor(2.2600, device='cuda:1')
Epoch: [163]  [ 0/25]  eta: 0:01:02  lr: 0.001000  loss: 98.3940 (98.3940)  time: 2.4836  data: 1.6163  max mem: 0
Epoch: [163]  [24/25]  eta: 0:00:02  lr: 0.001000  loss: 98.3926 (98.3986)  time: 2.2831  data: 1.4158  max mem: 0
Epoch: [163] Total time: 0:00:57 (2.2952 s / it)
  [  0/150]  eta: 0:00:40    time: 0.2710  data: 0.2261  max mem: 0
  [ 40/150]  eta: 0:00:30    time: 0.2948  data: 0.2499  max mem: 0
  [ 80/150]  eta: 0:00:19    time: 0.2676  data: 0.2229  max mem: 0
  [120/150]  eta: 0:00:08    time: 0.2617  data: 0.2169  max mem: 0
  [149/150]  eta: 0:00:00    time: 0.3397  data: 0.2933  max mem: 0
 Total time: 0:00:43 (0.2891 s / it)
tensor(2.0863, device='cuda:1')
Epoch: [164]  [ 0/25]  eta: 0:00:53  lr: 0.001000  loss: 98.3955 (98.3955)  time: 2.1248  data: 1.2582  max mem: 0
Epoch: [164]  [24/25]  eta: 0:00:02  lr: 0.001000  loss: 98.3938 (98.4013)  time: 2.2602  data: 1.3930  max mem: 0
Epoch: [164] Total time: 0:00:55 (2.2398 s / it)
  [  0/150]  eta: 0:00:40    time: 0.2693  data: 0.2244  max mem: 0
  [ 40/150]  eta: 0:00:31    time: 0.2785  data: 0.2336  max mem: 0
  [ 80/150]  eta: 0:00:20    time: 0.2979  data: 0.2530  max mem: 0
  [120/150]  eta: 0:00:08    time: 0.3319  data: 0.2863  max mem: 0
  [149/150]  eta: 0:00:00    time: 0.2589  data: 0.2142  max mem: 0
 Total time: 0:00:43 (0.2901 s / it)
tensor(2.3556, device='cuda:1')
Epoch: [165]  [ 0/25]  eta: 0:00:52  lr: 0.001000  loss: 98.3936 (98.3936)  time: 2.1063  data: 1.2389  max mem: 0
Epoch: [165]  [24/25]  eta: 0:00:02  lr: 0.001000  loss: 98.3987 (98.4019)  time: 2.2203  data: 1.3533  max mem: 0
Epoch: [165] Total time: 0:00:54 (2.1997 s / it)
  [  0/150]  eta: 0:00:40    time: 0.2677  data: 0.2228  max mem: 0
  [ 40/150]  eta: 0:00:28    time: 0.2601  data: 0.2153  max mem: 0
  [ 80/150]  eta: 0:00:18    time: 0.2590  data: 0.2143  max mem: 0
  [120/150]  eta: 0:00:07    time: 0.2775  data: 0.2326  max mem: 0
  [149/150]  eta: 0:00:00    time: 0.2580  data: 0.2132  max mem: 0
 Total time: 0:00:39 (0.2641 s / it)
tensor(2.0936, device='cuda:1')
Epoch: [166]  [ 0/25]  eta: 0:00:52  lr: 0.001000  loss: 98.3946 (98.3946)  time: 2.1120  data: 1.2440  max mem: 0
Epoch: [166]  [24/25]  eta: 0:00:02  lr: 0.001000  loss: 98.3954 (98.4049)  time: 2.1388  data: 1.2719  max mem: 0
Epoch: [166] Total time: 0:00:53 (2.1356 s / it)
  [  0/150]  eta: 0:00:40    time: 0.2673  data: 0.2224  max mem: 0
  [ 40/150]  eta: 0:00:28    time: 0.2594  data: 0.2147  max mem: 0
  [ 80/150]  eta: 0:00:18    time: 0.2686  data: 0.2237  max mem: 0
  [120/150]  eta: 0:00:08    time: 0.2800  data: 0.2350  max mem: 0
  [149/150]  eta: 0:00:00    time: 0.2631  data: 0.2177  max mem: 0
 Total time: 0:00:40 (0.2716 s / it)
tensor(2.1497, device='cuda:1')
Epoch: [167]  [ 0/25]  eta: 0:01:03  lr: 0.001000  loss: 98.3950 (98.3950)  time: 2.5431  data: 1.6735  max mem: 0
Epoch: [167]  [24/25]  eta: 0:00:02  lr: 0.001000  loss: 98.4159 (98.4075)  time: 2.2209  data: 1.3537  max mem: 0
Epoch: [167] Total time: 0:00:55 (2.2316 s / it)
  [  0/150]  eta: 0:00:40    time: 0.2691  data: 0.2242  max mem: 0
  [ 40/150]  eta: 0:00:28    time: 0.2606  data: 0.2158  max mem: 0
  [ 80/150]  eta: 0:00:18    time: 0.2861  data: 0.2413  max mem: 0
  [120/150]  eta: 0:00:07    time: 0.2601  data: 0.2152  max mem: 0
  [149/150]  eta: 0:00:00    time: 0.2595  data: 0.2147  max mem: 0
 Total time: 0:00:39 (0.2650 s / it)
tensor(2.0417, device='cuda:1')
Epoch: [168]  [ 0/25]  eta: 0:00:52  lr: 0.001000  loss: 98.4195 (98.4195)  time: 2.1174  data: 1.2491  max mem: 0
Epoch: [168]  [24/25]  eta: 0:00:02  lr: 0.001000  loss: 98.4062 (98.4117)  time: 2.2741  data: 1.4072  max mem: 0
Epoch: [168] Total time: 0:00:56 (2.2448 s / it)
  [  0/150]  eta: 0:00:40    time: 0.2701  data: 0.2253  max mem: 0
  [ 40/150]  eta: 0:00:30    time: 0.2960  data: 0.2507  max mem: 0
  [ 80/150]  eta: 0:00:19    time: 0.2782  data: 0.2334  max mem: 0
  [120/150]  eta: 0:00:08    time: 0.2984  data: 0.2533  max mem: 0
  [149/150]  eta: 0:00:00    time: 0.2610  data: 0.2162  max mem: 0
 Total time: 0:00:41 (0.2769 s / it)
tensor(2.1377, device='cuda:1')
Epoch: [169]  [ 0/25]  eta: 0:00:53  lr: 0.001000  loss: 98.4106 (98.4106)  time: 2.1223  data: 1.2554  max mem: 0
Epoch: [169]  [24/25]  eta: 0:00:02  lr: 0.001000  loss: 98.4142 (98.4171)  time: 2.1648  data: 1.2981  max mem: 0
Epoch: [169] Total time: 0:00:53 (2.1564 s / it)
  [  0/150]  eta: 0:00:40    time: 0.2680  data: 0.2231  max mem: 0
  [ 40/150]  eta: 0:00:28    time: 0.2610  data: 0.2163  max mem: 0
  [ 80/150]  eta: 0:00:19    time: 0.2868  data: 0.2419  max mem: 0
  [120/150]  eta: 0:00:08    time: 0.2604  data: 0.2156  max mem: 0
  [149/150]  eta: 0:00:00    time: 0.2588  data: 0.2141  max mem: 0
 Total time: 0:00:40 (0.2685 s / it)
tensor(2.0113, device='cuda:1')
Epoch: [170]  [ 0/25]  eta: 0:00:52  lr: 0.000100  loss: 98.4159 (98.4159)  time: 2.1074  data: 1.2408  max mem: 0
Epoch: [170]  [24/25]  eta: 0:00:02  lr: 0.000100  loss: 98.3855 (98.4228)  time: 2.2128  data: 1.3457  max mem: 0
Epoch: [170] Total time: 0:00:54 (2.1930 s / it)
  [  0/150]  eta: 0:00:40    time: 0.2685  data: 0.2236  max mem: 0
  [ 40/150]  eta: 0:00:28    time: 0.2580  data: 0.2133  max mem: 0
  [ 80/150]  eta: 0:00:18    time: 0.2582  data: 0.2134  max mem: 0
  [120/150]  eta: 0:00:07    time: 0.2590  data: 0.2143  max mem: 0
  [149/150]  eta: 0:00:00    time: 0.2600  data: 0.2153  max mem: 0
 Total time: 0:00:38 (0.2588 s / it)
tensor(1.9383, device='cuda:1')
Epoch: [171]  [ 0/25]  eta: 0:00:52  lr: 0.000100  loss: 98.3890 (98.3890)  time: 2.1076  data: 1.2390  max mem: 0
Epoch: [171]  [24/25]  eta: 0:00:02  lr: 0.000100  loss: 98.3770 (98.3899)  time: 2.1186  data: 1.2520  max mem: 0
Epoch: [171] Total time: 0:00:52 (2.1179 s / it)
  [  0/150]  eta: 0:00:40    time: 0.2686  data: 0.2238  max mem: 0
  [ 40/150]  eta: 0:00:28    time: 0.2580  data: 0.2133  max mem: 0
  [ 80/150]  eta: 0:00:18    time: 0.2578  data: 0.2131  max mem: 0
  [120/150]  eta: 0:00:07    time: 0.2574  data: 0.2127  max mem: 0
  [149/150]  eta: 0:00:00    time: 0.2580  data: 0.2133  max mem: 0
 Total time: 0:00:38 (0.2580 s / it)
tensor(1.8644, device='cuda:1')
Epoch: [172]  [ 0/25]  eta: 0:00:52  lr: 0.000100  loss: 98.3823 (98.3823)  time: 2.1038  data: 1.2366  max mem: 0
Epoch: [172]  [24/25]  eta: 0:00:02  lr: 0.000100  loss: 98.3723 (98.3845)  time: 2.1392  data: 1.2723  max mem: 0
Epoch: [172] Total time: 0:00:53 (2.1338 s / it)
  [  0/150]  eta: 0:00:40    time: 0.2700  data: 0.2252  max mem: 0
  [ 40/150]  eta: 0:00:28    time: 0.2599  data: 0.2152  max mem: 0
  [ 80/150]  eta: 0:00:18    time: 0.2600  data: 0.2153  max mem: 0
  [120/150]  eta: 0:00:07    time: 0.2600  data: 0.2153  max mem: 0
  [149/150]  eta: 0:00:00    time: 0.2602  data: 0.2155  max mem: 0
 Total time: 0:00:39 (0.2601 s / it)
tensor(1.8889, device='cuda:1')
Epoch: [173]  [ 0/25]  eta: 0:00:52  lr: 0.000100  loss: 98.3759 (98.3759)  time: 2.1103  data: 1.2435  max mem: 0
Epoch: [173]  [24/25]  eta: 0:00:02  lr: 0.000100  loss: 98.3694 (98.3790)  time: 2.1256  data: 1.2593  max mem: 0
Epoch: [173] Total time: 0:00:53 (2.1255 s / it)
  [  0/150]  eta: 0:00:40    time: 0.2699  data: 0.2251  max mem: 0
  [ 40/150]  eta: 0:00:28    time: 0.2599  data: 0.2152  max mem: 0
  [ 80/150]  eta: 0:00:18    time: 0.2601  data: 0.2154  max mem: 0
  [120/150]  eta: 0:00:07    time: 0.2600  data: 0.2153  max mem: 0
  [149/150]  eta: 0:00:00    time: 0.2600  data: 0.2153  max mem: 0
 Total time: 0:00:39 (0.2600 s / it)
tensor(1.8865, device='cuda:1')
Epoch: [174]  [ 0/25]  eta: 0:00:52  lr: 0.000100  loss: 98.3735 (98.3735)  time: 2.1176  data: 1.2503  max mem: 0
Epoch: [174]  [24/25]  eta: 0:00:02  lr: 0.000100  loss: 98.3672 (98.3759)  time: 2.1261  data: 1.2596  max mem: 0
Epoch: [174] Total time: 0:00:53 (2.1261 s / it)
  [  0/150]  eta: 0:00:40    time: 0.2710  data: 0.2261  max mem: 0
  [ 40/150]  eta: 0:00:28    time: 0.2600  data: 0.2153  max mem: 0
  [ 80/150]  eta: 0:00:18    time: 0.2601  data: 0.2154  max mem: 0
  [120/150]  eta: 0:00:07    time: 0.2602  data: 0.2155  max mem: 0
  [149/150]  eta: 0:00:00    time: 0.2600  data: 0.2153  max mem: 0
 Total time: 0:00:39 (0.2601 s / it)
tensor(1.8885, device='cuda:1')
Epoch: [175]  [ 0/25]  eta: 0:00:52  lr: 0.000100  loss: 98.3712 (98.3712)  time: 2.1149  data: 1.2479  max mem: 0
Epoch: [175]  [24/25]  eta: 0:00:02  lr: 0.000100  loss: 98.3654 (98.3733)  time: 2.1288  data: 1.2623  max mem: 0
Epoch: [175] Total time: 0:00:53 (2.1273 s / it)
  [  0/150]  eta: 0:00:40    time: 0.2713  data: 0.2265  max mem: 0
  [ 40/150]  eta: 0:00:28    time: 0.2602  data: 0.2155  max mem: 0
  [ 80/150]  eta: 0:00:18    time: 0.2603  data: 0.2156  max mem: 0
  [120/150]  eta: 0:00:07    time: 0.2600  data: 0.2153  max mem: 0
  [149/150]  eta: 0:00:00    time: 0.2599  data: 0.2152  max mem: 0
 Total time: 0:00:39 (0.2602 s / it)
tensor(1.8900, device='cuda:1')
Epoch: [176]  [ 0/25]  eta: 0:00:52  lr: 0.000100  loss: 98.3694 (98.3694)  time: 2.1083  data: 1.2413  max mem: 0
Epoch: [176]  [24/25]  eta: 0:00:02  lr: 0.000100  loss: 98.3640 (98.3712)  time: 2.1280  data: 1.2615  max mem: 0
Epoch: [176] Total time: 0:00:53 (2.1265 s / it)
  [  0/150]  eta: 0:00:40    time: 0.2703  data: 0.2255  max mem: 0
  [ 40/150]  eta: 0:00:28    time: 0.2601  data: 0.2154  max mem: 0
  [ 80/150]  eta: 0:00:18    time: 0.2602  data: 0.2155  max mem: 0
  [120/150]  eta: 0:00:07    time: 0.2599  data: 0.2152  max mem: 0
  [149/150]  eta: 0:00:00    time: 0.2600  data: 0.2153  max mem: 0
 Total time: 0:00:39 (0.2601 s / it)
tensor(1.8956, device='cuda:1')
Epoch: [177]  [ 0/25]  eta: 0:00:52  lr: 0.000100  loss: 98.3679 (98.3679)  time: 2.1105  data: 1.2440  max mem: 0
Epoch: [177]  [24/25]  eta: 0:00:02  lr: 0.000100  loss: 98.3628 (98.3694)  time: 2.1555  data: 1.2887  max mem: 0
Epoch: [177] Total time: 0:00:53 (2.1476 s / it)
  [  0/150]  eta: 0:00:40    time: 0.2696  data: 0.2249  max mem: 0
  [ 40/150]  eta: 0:00:28    time: 0.2601  data: 0.2154  max mem: 0
  [ 80/150]  eta: 0:00:18    time: 0.2600  data: 0.2153  max mem: 0
  [120/150]  eta: 0:00:07    time: 0.2600  data: 0.2153  max mem: 0
  [149/150]  eta: 0:00:00    time: 0.2599  data: 0.2152  max mem: 0
 Total time: 0:00:39 (0.2603 s / it)
tensor(1.9042, device='cuda:1')
Epoch: [178]  [ 0/25]  eta: 0:00:52  lr: 0.000100  loss: 98.3666 (98.3666)  time: 2.1186  data: 1.2514  max mem: 0
Epoch: [178]  [24/25]  eta: 0:00:02  lr: 0.000100  loss: 98.3617 (98.3678)  time: 2.1265  data: 1.2602  max mem: 0
Epoch: [178] Total time: 0:00:53 (2.1259 s / it)
  [  0/150]  eta: 0:00:40    time: 0.2700  data: 0.2252  max mem: 0
  [ 40/150]  eta: 0:00:28    time: 0.2600  data: 0.2154  max mem: 0
  [ 80/150]  eta: 0:00:18    time: 0.2598  data: 0.2152  max mem: 0
  [120/150]  eta: 0:00:07    time: 0.2601  data: 0.2154  max mem: 0
  [149/150]  eta: 0:00:00    time: 0.2602  data: 0.2155  max mem: 0
 Total time: 0:00:39 (0.2602 s / it)
tensor(1.9043, device='cuda:1')
Epoch: [179]  [ 0/25]  eta: 0:00:52  lr: 0.000100  loss: 98.3655 (98.3655)  time: 2.1149  data: 1.2486  max mem: 0
Epoch: [179]  [24/25]  eta: 0:00:02  lr: 0.000100  loss: 98.3609 (98.3665)  time: 2.1215  data: 1.2546  max mem: 0
Epoch: [179] Total time: 0:00:53 (2.1206 s / it)
  [  0/150]  eta: 0:00:40    time: 0.2697  data: 0.2248  max mem: 0
  [ 40/150]  eta: 0:00:28    time: 0.2601  data: 0.2155  max mem: 0
  [ 80/150]  eta: 0:00:18    time: 0.2600  data: 0.2153  max mem: 0
  [120/150]  eta: 0:00:07    time: 0.2602  data: 0.2155  max mem: 0
  [149/150]  eta: 0:00:00    time: 0.2605  data: 0.2158  max mem: 0
 Total time: 0:00:39 (0.2603 s / it)
tensor(1.9093, device='cuda:1')
Epoch: [180]  [ 0/25]  eta: 0:00:52  lr: 0.000100  loss: 98.3645 (98.3645)  time: 2.1123  data: 1.2445  max mem: 0
Epoch: [180]  [24/25]  eta: 0:00:02  lr: 0.000100  loss: 98.3601 (98.3653)  time: 2.1246  data: 1.2579  max mem: 0
Epoch: [180] Total time: 0:00:53 (2.1232 s / it)
  [  0/150]  eta: 0:00:40    time: 0.2700  data: 0.2252  max mem: 0
  [ 40/150]  eta: 0:00:28    time: 0.2606  data: 0.2159  max mem: 0
  [ 80/150]  eta: 0:00:18    time: 0.2600  data: 0.2153  max mem: 0
  [120/150]  eta: 0:00:07    time: 0.2599  data: 0.2153  max mem: 0
  [149/150]  eta: 0:00:00    time: 0.2603  data: 0.2156  max mem: 0
 Total time: 0:00:39 (0.2604 s / it)
tensor(1.9098, device='cuda:1')
Epoch: [181]  [ 0/25]  eta: 0:00:53  lr: 0.000100  loss: 98.3636 (98.3636)  time: 2.1210  data: 1.2552  max mem: 0
Epoch: [181]  [24/25]  eta: 0:00:02  lr: 0.000100  loss: 98.3595 (98.3642)  time: 2.1309  data: 1.2643  max mem: 0
Epoch: [181] Total time: 0:00:53 (2.1291 s / it)
  [  0/150]  eta: 0:00:40    time: 0.2708  data: 0.2259  max mem: 0
  [ 40/150]  eta: 0:00:28    time: 0.2599  data: 0.2152  max mem: 0
  [ 80/150]  eta: 0:00:18    time: 0.2598  data: 0.2151  max mem: 0
  [120/150]  eta: 0:00:07    time: 0.2594  data: 0.2147  max mem: 0
  [149/150]  eta: 0:00:00    time: 0.2597  data: 0.2150  max mem: 0
 Total time: 0:00:38 (0.2597 s / it)
tensor(1.9136, device='cuda:1')
Epoch: [182]  [ 0/25]  eta: 0:00:52  lr: 0.000100  loss: 98.3629 (98.3629)  time: 2.1164  data: 1.2500  max mem: 0
Epoch: [182]  [24/25]  eta: 0:00:02  lr: 0.000100  loss: 98.3589 (98.3633)  time: 2.1326  data: 1.2661  max mem: 0
Epoch: [182] Total time: 0:00:53 (2.1309 s / it)
  [  0/150]  eta: 0:00:40    time: 0.2714  data: 0.2266  max mem: 0
  [ 40/150]  eta: 0:00:28    time: 0.2598  data: 0.2152  max mem: 0
  [ 80/150]  eta: 0:00:18    time: 0.2600  data: 0.2153  max mem: 0
  [120/150]  eta: 0:00:07    time: 0.2602  data: 0.2155  max mem: 0
  [149/150]  eta: 0:00:00    time: 0.2600  data: 0.2153  max mem: 0
 Total time: 0:00:39 (0.2601 s / it)
tensor(1.9176, device='cuda:1')
Epoch: [183]  [ 0/25]  eta: 0:00:52  lr: 0.000100  loss: 98.3621 (98.3621)  time: 2.1148  data: 1.2484  max mem: 0
Epoch: [183]  [24/25]  eta: 0:00:02  lr: 0.000100  loss: 98.3584 (98.3625)  time: 2.1271  data: 1.2608  max mem: 0
Epoch: [183] Total time: 0:00:53 (2.1259 s / it)
  [  0/150]  eta: 0:00:40    time: 0.2687  data: 0.2239  max mem: 0
  [ 40/150]  eta: 0:00:28    time: 0.2598  data: 0.2152  max mem: 0
  [ 80/150]  eta: 0:00:18    time: 0.2599  data: 0.2152  max mem: 0
  [120/150]  eta: 0:00:07    time: 0.2607  data: 0.2160  max mem: 0
  [149/150]  eta: 0:00:00    time: 0.2593  data: 0.2146  max mem: 0
 Total time: 0:00:38 (0.2600 s / it)
tensor(1.9323, device='cuda:1')
Epoch: [184]  [ 0/25]  eta: 0:00:53  lr: 0.000100  loss: 98.3615 (98.3615)  time: 2.1242  data: 1.2577  max mem: 0
Epoch: [184]  [24/25]  eta: 0:00:02  lr: 0.000100  loss: 98.3579 (98.3617)  time: 2.1364  data: 1.2695  max mem: 0
Epoch: [184] Total time: 0:00:53 (2.1338 s / it)
  [  0/150]  eta: 0:00:40    time: 0.2709  data: 0.2261  max mem: 0
  [ 40/150]  eta: 0:00:29    time: 0.2678  data: 0.2231  max mem: 0
  [ 80/150]  eta: 0:00:18    time: 0.2600  data: 0.2153  max mem: 0
  [120/150]  eta: 0:00:07    time: 0.2600  data: 0.2153  max mem: 0
  [149/150]  eta: 0:00:00    time: 0.2600  data: 0.2154  max mem: 0
 Total time: 0:00:39 (0.2612 s / it)
tensor(1.9372, device='cuda:1')
Epoch: [185]  [ 0/25]  eta: 0:00:52  lr: 0.000100  loss: 98.3609 (98.3609)  time: 2.1131  data: 1.2468  max mem: 0
Epoch: [185]  [24/25]  eta: 0:00:02  lr: 0.000100  loss: 98.3575 (98.3610)  time: 2.1246  data: 1.2581  max mem: 0
Epoch: [185] Total time: 0:00:53 (2.1235 s / it)
  [  0/150]  eta: 0:00:40    time: 0.2695  data: 0.2247  max mem: 0
  [ 40/150]  eta: 0:00:28    time: 0.2600  data: 0.2153  max mem: 0
  [ 80/150]  eta: 0:00:18    time: 0.2600  data: 0.2153  max mem: 0
  [120/150]  eta: 0:00:07    time: 0.2599  data: 0.2153  max mem: 0
  [149/150]  eta: 0:00:00    time: 0.2599  data: 0.2152  max mem: 0
 Total time: 0:00:39 (0.2602 s / it)
tensor(1.9447, device='cuda:1')
Epoch: [186]  [ 0/25]  eta: 0:00:52  lr: 0.000100  loss: 98.3604 (98.3604)  time: 2.1165  data: 1.2497  max mem: 0
Epoch: [186]  [24/25]  eta: 0:00:02  lr: 0.000100  loss: 98.3572 (98.3604)  time: 2.1238  data: 1.2574  max mem: 0
Epoch: [186] Total time: 0:00:53 (2.1230 s / it)
  [  0/150]  eta: 0:00:40    time: 0.2706  data: 0.2258  max mem: 0
  [ 40/150]  eta: 0:00:28    time: 0.2600  data: 0.2154  max mem: 0
  [ 80/150]  eta: 0:00:18    time: 0.2599  data: 0.2153  max mem: 0
  [120/150]  eta: 0:00:07    time: 0.2599  data: 0.2153  max mem: 0
  [149/150]  eta: 0:00:00    time: 0.2601  data: 0.2154  max mem: 0
 Total time: 0:00:39 (0.2601 s / it)
tensor(1.9297, device='cuda:1')
Epoch: [187]  [ 0/25]  eta: 0:00:52  lr: 0.000100  loss: 98.3599 (98.3599)  time: 2.1158  data: 1.2482  max mem: 0
Epoch: [187]  [24/25]  eta: 0:00:02  lr: 0.000100  loss: 98.3569 (98.3599)  time: 2.1272  data: 1.2606  max mem: 0
Epoch: [187] Total time: 0:00:53 (2.1258 s / it)
  [  0/150]  eta: 0:00:40    time: 0.2693  data: 0.2245  max mem: 0
  [ 40/150]  eta: 0:00:28    time: 0.2600  data: 0.2153  max mem: 0
  [ 80/150]  eta: 0:00:18    time: 0.2599  data: 0.2152  max mem: 0
  [120/150]  eta: 0:00:07    time: 0.2598  data: 0.2152  max mem: 0
  [149/150]  eta: 0:00:00    time: 0.2601  data: 0.2154  max mem: 0
 Total time: 0:00:38 (0.2600 s / it)
tensor(1.9350, device='cuda:1')
Epoch: [188]  [ 0/25]  eta: 0:00:52  lr: 0.000100  loss: 98.3595 (98.3595)  time: 2.1154  data: 1.2483  max mem: 0
Epoch: [188]  [24/25]  eta: 0:00:02  lr: 0.000100  loss: 98.3566 (98.3594)  time: 2.1259  data: 1.2596  max mem: 0
Epoch: [188] Total time: 0:00:53 (2.1252 s / it)
  [  0/150]  eta: 0:00:40    time: 0.2695  data: 0.2247  max mem: 0
  [ 40/150]  eta: 0:00:28    time: 0.2598  data: 0.2152  max mem: 0
  [ 80/150]  eta: 0:00:18    time: 0.2600  data: 0.2153  max mem: 0
  [120/150]  eta: 0:00:07    time: 0.2600  data: 0.2153  max mem: 0
  [149/150]  eta: 0:00:00    time: 0.2600  data: 0.2153  max mem: 0
 Total time: 0:00:39 (0.2602 s / it)
tensor(1.9414, device='cuda:1')
Epoch: [189]  [ 0/25]  eta: 0:00:52  lr: 0.000100  loss: 98.3591 (98.3591)  time: 2.1141  data: 1.2473  max mem: 0
Epoch: [189]  [24/25]  eta: 0:00:02  lr: 0.000100  loss: 98.3563 (98.3589)  time: 2.1300  data: 1.2636  max mem: 0
Epoch: [189] Total time: 0:00:53 (2.1284 s / it)
  [  0/150]  eta: 0:00:40    time: 0.2697  data: 0.2249  max mem: 0
  [ 40/150]  eta: 0:00:28    time: 0.2595  data: 0.2148  max mem: 0
  [ 80/150]  eta: 0:00:18    time: 0.2611  data: 0.2164  max mem: 0
  [120/150]  eta: 0:00:07    time: 0.2600  data: 0.2153  max mem: 0
  [149/150]  eta: 0:00:00    time: 0.2600  data: 0.2153  max mem: 0
 Total time: 0:00:39 (0.2602 s / it)
tensor(1.9449, device='cuda:1')
Epoch: [190]  [ 0/25]  eta: 0:00:52  lr: 0.000100  loss: 98.3587 (98.3587)  time: 2.1198  data: 1.2526  max mem: 0
Epoch: [190]  [24/25]  eta: 0:00:02  lr: 0.000100  loss: 98.3561 (98.3585)  time: 2.2342  data: 1.3671  max mem: 0
Epoch: [190] Total time: 0:00:55 (2.2143 s / it)
  [  0/150]  eta: 0:00:40    time: 0.2695  data: 0.2247  max mem: 0
  [ 40/150]  eta: 0:00:28    time: 0.2585  data: 0.2138  max mem: 0
  [ 80/150]  eta: 0:00:18    time: 0.2589  data: 0.2142  max mem: 0
  [120/150]  eta: 0:00:07    time: 0.2585  data: 0.2138  max mem: 0
  [149/150]  eta: 0:00:00    time: 0.2591  data: 0.2144  max mem: 0
 Total time: 0:00:38 (0.2589 s / it)
tensor(1.9497, device='cuda:1')
Epoch: [191]  [ 0/25]  eta: 0:00:52  lr: 0.000100  loss: 98.3584 (98.3584)  time: 2.1057  data: 1.2397  max mem: 0
Epoch: [191]  [24/25]  eta: 0:00:02  lr: 0.000100  loss: 98.3558 (98.3581)  time: 2.1217  data: 1.2553  max mem: 0
Epoch: [191] Total time: 0:00:53 (2.1203 s / it)
  [  0/150]  eta: 0:00:40    time: 0.2695  data: 0.2247  max mem: 0
  [ 40/150]  eta: 0:00:28    time: 0.2581  data: 0.2134  max mem: 0
  [ 80/150]  eta: 0:00:18    time: 0.2581  data: 0.2135  max mem: 0
  [120/150]  eta: 0:00:07    time: 0.2581  data: 0.2134  max mem: 0
  [149/150]  eta: 0:00:00    time: 0.2583  data: 0.2137  max mem: 0
 Total time: 0:00:38 (0.2584 s / it)
tensor(1.9535, device='cuda:1')
Epoch: [192]  [ 0/25]  eta: 0:00:52  lr: 0.000100  loss: 98.3581 (98.3581)  time: 2.1075  data: 1.2424  max mem: 0
Epoch: [192]  [24/25]  eta: 0:00:02  lr: 0.000100  loss: 98.3556 (98.3578)  time: 2.1442  data: 1.2778  max mem: 0
Epoch: [192] Total time: 0:00:53 (2.1388 s / it)
  [  0/150]  eta: 0:00:40    time: 0.2668  data: 0.2220  max mem: 0
  [ 40/150]  eta: 0:00:28    time: 0.2585  data: 0.2138  max mem: 0
  [ 80/150]  eta: 0:00:19    time: 0.3062  data: 0.2613  max mem: 0
  [120/150]  eta: 0:00:08    time: 0.2597  data: 0.2150  max mem: 0
  [149/150]  eta: 0:00:00    time: 0.3196  data: 0.2741  max mem: 0
 Total time: 0:00:41 (0.2767 s / it)
tensor(1.9601, device='cuda:1')
Epoch: [193]  [ 0/25]  eta: 0:00:52  lr: 0.000100  loss: 98.3578 (98.3578)  time: 2.0917  data: 1.2254  max mem: 0
Epoch: [193]  [24/25]  eta: 0:00:02  lr: 0.000100  loss: 98.3554 (98.3574)  time: 2.1135  data: 1.2474  max mem: 0
Epoch: [193] Total time: 0:00:52 (2.1114 s / it)
  [  0/150]  eta: 0:00:40    time: 0.2667  data: 0.2219  max mem: 0
  [ 40/150]  eta: 0:00:28    time: 0.2569  data: 0.2122  max mem: 0
  [ 80/150]  eta: 0:00:18    time: 0.2635  data: 0.2187  max mem: 0
  [120/150]  eta: 0:00:07    time: 0.2587  data: 0.2139  max mem: 0
  [149/150]  eta: 0:00:00    time: 0.2656  data: 0.2203  max mem: 0
 Total time: 0:00:39 (0.2641 s / it)
tensor(1.9622, device='cuda:1')
Epoch: [194]  [ 0/25]  eta: 0:00:52  lr: 0.000100  loss: 98.3575 (98.3575)  time: 2.1134  data: 1.2475  max mem: 0
Epoch: [194]  [24/25]  eta: 0:00:02  lr: 0.000100  loss: 98.3552 (98.3571)  time: 2.1228  data: 1.2565  max mem: 0
Epoch: [194] Total time: 0:00:53 (2.1220 s / it)
  [  0/150]  eta: 0:00:40    time: 0.2724  data: 0.2275  max mem: 0
  [ 40/150]  eta: 0:00:30    time: 0.2805  data: 0.2356  max mem: 0
  [ 80/150]  eta: 0:00:19    time: 0.2701  data: 0.2250  max mem: 0
  [120/150]  eta: 0:00:08    time: 0.2823  data: 0.2374  max mem: 0
  [149/150]  eta: 0:00:00    time: 0.2562  data: 0.2115  max mem: 0
 Total time: 0:00:40 (0.2711 s / it)
tensor(1.9674, device='cuda:1')
Epoch: [195]  [ 0/25]  eta: 0:00:52  lr: 0.000100  loss: 98.3572 (98.3572)  time: 2.0915  data: 1.2261  max mem: 0
Epoch: [195]  [24/25]  eta: 0:00:02  lr: 0.000100  loss: 98.3550 (98.3568)  time: 2.1199  data: 1.2538  max mem: 0
Epoch: [195] Total time: 0:00:52 (2.1157 s / it)
  [  0/150]  eta: 0:00:39    time: 0.2665  data: 0.2217  max mem: 0
  [ 40/150]  eta: 0:00:28    time: 0.2583  data: 0.2136  max mem: 0
  [ 80/150]  eta: 0:00:18    time: 0.2614  data: 0.2167  max mem: 0
  [120/150]  eta: 0:00:07    time: 0.2579  data: 0.2132  max mem: 0
  [149/150]  eta: 0:00:00    time: 0.2582  data: 0.2135  max mem: 0
 Total time: 0:00:39 (0.2605 s / it)
tensor(1.9731, device='cuda:1')
Epoch: [196]  [ 0/25]  eta: 0:00:52  lr: 0.000100  loss: 98.3570 (98.3570)  time: 2.1119  data: 1.2466  max mem: 0
Epoch: [196]  [24/25]  eta: 0:00:02  lr: 0.000100  loss: 98.3549 (98.3566)  time: 2.1489  data: 1.2827  max mem: 0
Epoch: [196] Total time: 0:00:53 (2.1419 s / it)
  [  0/150]  eta: 0:00:40    time: 0.2687  data: 0.2239  max mem: 0
  [ 40/150]  eta: 0:00:30    time: 0.2998  data: 0.2539  max mem: 0
  [ 80/150]  eta: 0:00:19    time: 0.2568  data: 0.2121  max mem: 0
  [120/150]  eta: 0:00:08    time: 0.2689  data: 0.2241  max mem: 0
  [149/150]  eta: 0:00:00    time: 0.2583  data: 0.2136  max mem: 0
 Total time: 0:00:41 (0.2741 s / it)
tensor(1.9741, device='cuda:1')
Epoch: [197]  [ 0/25]  eta: 0:00:57  lr: 0.000100  loss: 98.3568 (98.3568)  time: 2.2836  data: 1.4157  max mem: 0
Epoch: [197]  [24/25]  eta: 0:00:02  lr: 0.000100  loss: 98.3547 (98.3563)  time: 2.1103  data: 1.2440  max mem: 0
Epoch: [197] Total time: 0:00:52 (2.1195 s / it)
  [  0/150]  eta: 0:00:56    time: 0.3753  data: 0.3299  max mem: 0
  [ 40/150]  eta: 0:00:29    time: 0.2595  data: 0.2147  max mem: 0
  [ 80/150]  eta: 0:00:19    time: 0.2951  data: 0.2502  max mem: 0
  [120/150]  eta: 0:00:08    time: 0.2754  data: 0.2293  max mem: 0
  [149/150]  eta: 0:00:00    time: 0.2791  data: 0.2343  max mem: 0
 Total time: 0:00:40 (0.2717 s / it)
tensor(1.9816, device='cuda:1')
Epoch: [198]  [ 0/25]  eta: 0:00:52  lr: 0.000100  loss: 98.3565 (98.3565)  time: 2.1042  data: 1.2375  max mem: 0
Epoch: [198]  [24/25]  eta: 0:00:02  lr: 0.000100  loss: 98.3546 (98.3561)  time: 2.1087  data: 1.2423  max mem: 0
Epoch: [198] Total time: 0:00:52 (2.1097 s / it)
  [  0/150]  eta: 0:00:40    time: 0.2670  data: 0.2221  max mem: 0
  [ 40/150]  eta: 0:00:28    time: 0.2576  data: 0.2129  max mem: 0
  [ 80/150]  eta: 0:00:18    time: 0.2569  data: 0.2122  max mem: 0
  [120/150]  eta: 0:00:07    time: 0.2766  data: 0.2318  max mem: 0
  [149/150]  eta: 0:00:00    time: 0.2583  data: 0.2136  max mem: 0
 Total time: 0:00:39 (0.2648 s / it)
tensor(1.9854, device='cuda:1')
Epoch: [199]  [ 0/25]  eta: 0:00:52  lr: 0.000100  loss: 98.3563 (98.3563)  time: 2.1069  data: 1.2407  max mem: 0
Epoch: [199]  [24/25]  eta: 0:00:02  lr: 0.000100  loss: 98.3544 (98.3559)  time: 2.1219  data: 1.2556  max mem: 0
Epoch: [199] Total time: 0:00:53 (2.1221 s / it)
  [  0/150]  eta: 0:00:40    time: 0.2675  data: 0.2226  max mem: 0
  [ 40/150]  eta: 0:00:28    time: 0.2582  data: 0.2135  max mem: 0
  [ 80/150]  eta: 0:00:18    time: 0.2617  data: 0.2170  max mem: 0
  [120/150]  eta: 0:00:07    time: 0.2591  data: 0.2143  max mem: 0
  [149/150]  eta: 0:00:00    time: 0.2589  data: 0.2141  max mem: 0
 Total time: 0:00:38 (0.2588 s / it)
tensor(1.9896, device='cuda:1')
Epoch: [200]  [ 0/25]  eta: 0:00:52  lr: 0.000010  loss: 98.3561 (98.3561)  time: 2.1032  data: 1.2365  max mem: 0
Epoch: [200]  [24/25]  eta: 0:00:02  lr: 0.000010  loss: 98.3544 (98.3556)  time: 2.1153  data: 1.2487  max mem: 0
Epoch: [200] Total time: 0:00:52 (2.1151 s / it)
  [  0/150]  eta: 0:00:39    time: 0.2660  data: 0.2212  max mem: 0
  [ 40/150]  eta: 0:00:28    time: 0.2572  data: 0.2125  max mem: 0
  [ 80/150]  eta: 0:00:18    time: 0.2568  data: 0.2121  max mem: 0
  [120/150]  eta: 0:00:07    time: 0.2578  data: 0.2130  max mem: 0
  [149/150]  eta: 0:00:00    time: 0.2831  data: 0.2383  max mem: 0
 Total time: 0:00:39 (0.2618 s / it)
tensor(1.9916, device='cuda:1')
Epoch: [201]  [ 0/25]  eta: 0:00:59  lr: 0.000010  loss: 98.3561 (98.3561)  time: 2.3605  data: 1.4938  max mem: 0
Epoch: [201]  [24/25]  eta: 0:00:02  lr: 0.000010  loss: 98.3544 (98.3556)  time: 2.1085  data: 1.2422  max mem: 0
Epoch: [201] Total time: 0:00:52 (2.1185 s / it)
  [  0/150]  eta: 0:00:40    time: 0.2671  data: 0.2222  max mem: 0
  [ 40/150]  eta: 0:00:31    time: 0.2879  data: 0.2431  max mem: 0
  [ 80/150]  eta: 0:00:19    time: 0.2635  data: 0.2188  max mem: 0
  [120/150]  eta: 0:00:08    time: 0.2700  data: 0.2252  max mem: 0
  [149/150]  eta: 0:00:00    time: 0.2784  data: 0.2332  max mem: 0
 Total time: 0:00:40 (0.2731 s / it)
tensor(1.9904, device='cuda:1')
Epoch: [202]  [ 0/25]  eta: 0:00:52  lr: 0.000010  loss: 98.3560 (98.3560)  time: 2.1117  data: 1.2455  max mem: 0
Epoch: [202]  [24/25]  eta: 0:00:02  lr: 0.000010  loss: 98.3543 (98.3556)  time: 2.1234  data: 1.2570  max mem: 0
Epoch: [202] Total time: 0:00:53 (2.1234 s / it)
  [  0/150]  eta: 0:00:40    time: 0.2678  data: 0.2229  max mem: 0
  [ 40/150]  eta: 0:00:29    time: 0.2570  data: 0.2123  max mem: 0
  [ 80/150]  eta: 0:00:18    time: 0.2573  data: 0.2125  max mem: 0
  [120/150]  eta: 0:00:07    time: 0.2587  data: 0.2140  max mem: 0
  [149/150]  eta: 0:00:00    time: 0.3046  data: 0.2597  max mem: 0
 Total time: 0:00:40 (0.2672 s / it)
tensor(1.9949, device='cuda:1')
Epoch: [203]  [ 0/25]  eta: 0:00:52  lr: 0.000010  loss: 98.3560 (98.3560)  time: 2.1062  data: 1.2408  max mem: 0
Epoch: [203]  [24/25]  eta: 0:00:02  lr: 0.000010  loss: 98.3543 (98.3555)  time: 2.1292  data: 1.2627  max mem: 0
Epoch: [203] Total time: 0:00:53 (2.1352 s / it)
  [  0/150]  eta: 0:00:40    time: 0.2673  data: 0.2225  max mem: 0
  [ 40/150]  eta: 0:00:28    time: 0.2580  data: 0.2133  max mem: 0
  [ 80/150]  eta: 0:00:18    time: 0.2572  data: 0.2124  max mem: 0
  [120/150]  eta: 0:00:07    time: 0.2570  data: 0.2123  max mem: 0
  [149/150]  eta: 0:00:00    time: 0.2604  data: 0.2156  max mem: 0
 Total time: 0:00:38 (0.2583 s / it)
tensor(1.9958, device='cuda:1')
Epoch: [204]  [ 0/25]  eta: 0:00:52  lr: 0.000010  loss: 98.3559 (98.3559)  time: 2.1139  data: 1.2471  max mem: 0
Epoch: [204]  [24/25]  eta: 0:00:02  lr: 0.000010  loss: 98.3543 (98.3555)  time: 2.1228  data: 1.2565  max mem: 0
Epoch: [204] Total time: 0:00:53 (2.1238 s / it)
  [  0/150]  eta: 0:00:40    time: 0.2670  data: 0.2221  max mem: 0
  [ 40/150]  eta: 0:00:28    time: 0.2577  data: 0.2130  max mem: 0
  [ 80/150]  eta: 0:00:18    time: 0.2567  data: 0.2120  max mem: 0
  [120/150]  eta: 0:00:07    time: 0.2568  data: 0.2121  max mem: 0
  [149/150]  eta: 0:00:00    time: 0.2718  data: 0.2269  max mem: 0
 Total time: 0:00:39 (0.2601 s / it)
tensor(1.9970, device='cuda:1')
Epoch: [205]  [ 0/25]  eta: 0:01:00  lr: 0.000010  loss: 98.3559 (98.3559)  time: 2.4015  data: 1.5348  max mem: 0
Epoch: [205]  [24/25]  eta: 0:00:02  lr: 0.000010  loss: 98.3543 (98.3555)  time: 2.1247  data: 1.2581  max mem: 0
Epoch: [205] Total time: 0:00:53 (2.1334 s / it)
  [  0/150]  eta: 0:00:40    time: 0.2688  data: 0.2240  max mem: 0
  [ 40/150]  eta: 0:00:28    time: 0.2630  data: 0.2183  max mem: 0
  [ 80/150]  eta: 0:00:18    time: 0.2576  data: 0.2129  max mem: 0
  [120/150]  eta: 0:00:07    time: 0.2575  data: 0.2127  max mem: 0
  [149/150]  eta: 0:00:00    time: 0.2916  data: 0.2462  max mem: 0
 Total time: 0:00:39 (0.2635 s / it)
tensor(1.9984, device='cuda:1')
Epoch: [206]  [ 0/25]  eta: 0:00:54  lr: 0.000010  loss: 98.3559 (98.3559)  time: 2.1697  data: 1.3034  max mem: 0
Epoch: [206]  [24/25]  eta: 0:00:02  lr: 0.000010  loss: 98.3543 (98.3555)  time: 2.1194  data: 1.2531  max mem: 0
Epoch: [206] Total time: 0:00:52 (2.1197 s / it)
  [  0/150]  eta: 0:00:39    time: 0.2664  data: 0.2216  max mem: 0
  [ 40/150]  eta: 0:00:28    time: 0.2563  data: 0.2116  max mem: 0
  [ 80/150]  eta: 0:00:18    time: 0.2577  data: 0.2130  max mem: 0
  [120/150]  eta: 0:00:07    time: 0.2635  data: 0.2188  max mem: 0
  [149/150]  eta: 0:00:00    time: 0.2803  data: 0.2356  max mem: 0
 Total time: 0:00:39 (0.2619 s / it)
tensor(1.9980, device='cuda:1')
Epoch: [207]  [ 0/25]  eta: 0:00:52  lr: 0.000010  loss: 98.3559 (98.3559)  time: 2.1117  data: 1.2451  max mem: 0
Epoch: [207]  [24/25]  eta: 0:00:02  lr: 0.000010  loss: 98.3542 (98.3555)  time: 2.1419  data: 1.2753  max mem: 0
Epoch: [207] Total time: 0:00:53 (2.1364 s / it)
  [  0/150]  eta: 0:00:39    time: 0.2657  data: 0.2209  max mem: 0
  [ 40/150]  eta: 0:00:30    time: 0.2575  data: 0.2128  max mem: 0
  [ 80/150]  eta: 0:00:19    time: 0.2744  data: 0.2296  max mem: 0
  [120/150]  eta: 0:00:08    time: 0.2590  data: 0.2143  max mem: 0
  [149/150]  eta: 0:00:00    time: 0.2568  data: 0.2121  max mem: 0
 Total time: 0:00:40 (0.2671 s / it)
tensor(1.9967, device='cuda:1')
Epoch: [208]  [ 0/25]  eta: 0:00:52  lr: 0.000010  loss: 98.3559 (98.3559)  time: 2.1156  data: 1.2493  max mem: 0
Epoch: [208]  [24/25]  eta: 0:00:02  lr: 0.000010  loss: 98.3542 (98.3554)  time: 2.1124  data: 1.2457  max mem: 0
Epoch: [208] Total time: 0:00:52 (2.1113 s / it)
  [  0/150]  eta: 0:00:40    time: 0.2681  data: 0.2232  max mem: 0
  [ 40/150]  eta: 0:00:28    time: 0.2566  data: 0.2119  max mem: 0
  [ 80/150]  eta: 0:00:17    time: 0.2586  data: 0.2139  max mem: 0
  [120/150]  eta: 0:00:07    time: 0.2613  data: 0.2166  max mem: 0
  [149/150]  eta: 0:00:00    time: 0.2613  data: 0.2166  max mem: 0
 Total time: 0:00:38 (0.2592 s / it)
tensor(1.9977, device='cuda:1')
Epoch: [209]  [ 0/25]  eta: 0:00:52  lr: 0.000010  loss: 98.3558 (98.3558)  time: 2.0979  data: 1.2306  max mem: 0
Epoch: [209]  [24/25]  eta: 0:00:02  lr: 0.000010  loss: 98.3542 (98.3554)  time: 2.1198  data: 1.2533  max mem: 0
Epoch: [209] Total time: 0:00:53 (2.1203 s / it)
  [  0/150]  eta: 0:00:40    time: 0.2672  data: 0.2224  max mem: 0
  [ 40/150]  eta: 0:00:28    time: 0.2586  data: 0.2139  max mem: 0
  [ 80/150]  eta: 0:00:18    time: 0.2629  data: 0.2182  max mem: 0
  [120/150]  eta: 0:00:08    time: 0.2659  data: 0.2212  max mem: 0
  [149/150]  eta: 0:00:00    time: 0.2910  data: 0.2458  max mem: 0
 Total time: 0:00:40 (0.2729 s / it)
tensor(1.9989, device='cuda:1')
Epoch: [210]  [ 0/25]  eta: 0:01:05  lr: 0.000010  loss: 98.3558 (98.3558)  time: 2.6055  data: 1.7384  max mem: 0
Epoch: [210]  [24/25]  eta: 0:00:02  lr: 0.000010  loss: 98.3542 (98.3554)  time: 2.1088  data: 1.2426  max mem: 0
Epoch: [210] Total time: 0:00:53 (2.1505 s / it)
  [  0/150]  eta: 0:00:39    time: 0.2663  data: 0.2215  max mem: 0
  [ 40/150]  eta: 0:00:28    time: 0.2564  data: 0.2117  max mem: 0
  [ 80/150]  eta: 0:00:17    time: 0.2575  data: 0.2127  max mem: 0
  [120/150]  eta: 0:00:07    time: 0.2579  data: 0.2132  max mem: 0
  [149/150]  eta: 0:00:00    time: 0.2561  data: 0.2114  max mem: 0
 Total time: 0:00:38 (0.2573 s / it)
tensor(2.0006, device='cuda:1')
Epoch: [211]  [ 0/25]  eta: 0:00:52  lr: 0.000010  loss: 98.3558 (98.3558)  time: 2.0958  data: 1.2291  max mem: 0
Epoch: [211]  [24/25]  eta: 0:00:02  lr: 0.000010  loss: 98.3542 (98.3554)  time: 2.1100  data: 1.2435  max mem: 0
Epoch: [211] Total time: 0:00:52 (2.1120 s / it)
  [  0/150]  eta: 0:00:39    time: 0.2666  data: 0.2217  max mem: 0
  [ 40/150]  eta: 0:00:28    time: 0.2565  data: 0.2118  max mem: 0
  [ 80/150]  eta: 0:00:18    time: 0.2589  data: 0.2142  max mem: 0
  [120/150]  eta: 0:00:07    time: 0.2873  data: 0.2424  max mem: 0
  [149/150]  eta: 0:00:00    time: 0.2857  data: 0.2409  max mem: 0
 Total time: 0:00:40 (0.2682 s / it)
tensor(2.0001, device='cuda:1')
Epoch: [212]  [ 0/25]  eta: 0:00:52  lr: 0.000010  loss: 98.3558 (98.3558)  time: 2.1008  data: 1.2335  max mem: 0
Epoch: [212]  [24/25]  eta: 0:00:02  lr: 0.000010  loss: 98.3542 (98.3554)  time: 2.1185  data: 1.2524  max mem: 0
Epoch: [212] Total time: 0:00:52 (2.1167 s / it)
  [  0/150]  eta: 0:00:39    time: 0.2660  data: 0.2212  max mem: 0
  [ 40/150]  eta: 0:00:30    time: 0.3023  data: 0.2573  max mem: 0
  [ 80/150]  eta: 0:00:18    time: 0.2585  data: 0.2138  max mem: 0
  [120/150]  eta: 0:00:08    time: 0.2598  data: 0.2150  max mem: 0
  [149/150]  eta: 0:00:00    time: 0.2583  data: 0.2136  max mem: 0
 Total time: 0:00:39 (0.2658 s / it)
tensor(2.0013, device='cuda:1')
Epoch: [213]  [ 0/25]  eta: 0:00:52  lr: 0.000010  loss: 98.3558 (98.3558)  time: 2.1026  data: 1.2374  max mem: 0
Epoch: [213]  [24/25]  eta: 0:00:02  lr: 0.000010  loss: 98.3541 (98.3553)  time: 2.1400  data: 1.2736  max mem: 0
Epoch: [213] Total time: 0:00:53 (2.1345 s / it)
  [  0/150]  eta: 0:00:40    time: 0.2691  data: 0.2243  max mem: 0
  [ 40/150]  eta: 0:00:29    time: 0.2669  data: 0.2222  max mem: 0
  [ 80/150]  eta: 0:00:18    time: 0.2574  data: 0.2126  max mem: 0
  [120/150]  eta: 0:00:07    time: 0.2572  data: 0.2125  max mem: 0
  [149/150]  eta: 0:00:00    time: 0.2829  data: 0.2380  max mem: 0
 Total time: 0:00:39 (0.2634 s / it)
tensor(2.0008, device='cuda:1')
Epoch: [214]  [ 0/25]  eta: 0:00:52  lr: 0.000010  loss: 98.3557 (98.3557)  time: 2.0975  data: 1.2317  max mem: 0
Epoch: [214]  [24/25]  eta: 0:00:02  lr: 0.000010  loss: 98.3541 (98.3553)  time: 2.1103  data: 1.2442  max mem: 0
Epoch: [214] Total time: 0:00:52 (2.1107 s / it)
  [  0/150]  eta: 0:00:40    time: 0.2673  data: 0.2225  max mem: 0
  [ 40/150]  eta: 0:00:28    time: 0.2586  data: 0.2139  max mem: 0
  [ 80/150]  eta: 0:00:18    time: 0.2701  data: 0.2253  max mem: 0
  [120/150]  eta: 0:00:07    time: 0.2588  data: 0.2141  max mem: 0
  [149/150]  eta: 0:00:00    time: 0.2591  data: 0.2144  max mem: 0
 Total time: 0:00:38 (0.2600 s / it)
tensor(1.9996, device='cuda:1')
Epoch: [215]  [ 0/25]  eta: 0:00:52  lr: 0.000010  loss: 98.3557 (98.3557)  time: 2.1156  data: 1.2490  max mem: 0
Epoch: [215]  [24/25]  eta: 0:00:02  lr: 0.000010  loss: 98.3541 (98.3553)  time: 2.1085  data: 1.2423  max mem: 0
Epoch: [215] Total time: 0:00:52 (2.1087 s / it)
  [  0/150]  eta: 0:00:40    time: 0.2671  data: 0.2222  max mem: 0
  [ 40/150]  eta: 0:00:28    time: 0.2578  data: 0.2131  max mem: 0
  [ 80/150]  eta: 0:00:18    time: 0.2577  data: 0.2129  max mem: 0
  [120/150]  eta: 0:00:07    time: 0.2591  data: 0.2144  max mem: 0
  [149/150]  eta: 0:00:00    time: 0.2951  data: 0.2502  max mem: 0
 Total time: 0:00:39 (0.2635 s / it)
tensor(2.0003, device='cuda:1')
Epoch: [216]  [ 0/25]  eta: 0:00:56  lr: 0.000010  loss: 98.3557 (98.3557)  time: 2.2511  data: 1.3845  max mem: 0
Epoch: [216]  [24/25]  eta: 0:00:02  lr: 0.000010  loss: 98.3541 (98.3553)  time: 2.1109  data: 1.2444  max mem: 0
Epoch: [216] Total time: 0:00:52 (2.1168 s / it)
  [  0/150]  eta: 0:00:39    time: 0.2659  data: 0.2210  max mem: 0
  [ 40/150]  eta: 0:00:28    time: 0.2574  data: 0.2127  max mem: 0
  [ 80/150]  eta: 0:00:18    time: 0.2594  data: 0.2147  max mem: 0
  [120/150]  eta: 0:00:07    time: 0.2580  data: 0.2133  max mem: 0
  [149/150]  eta: 0:00:00    time: 0.2633  data: 0.2185  max mem: 0
 Total time: 0:00:38 (0.2587 s / it)
tensor(2.0017, device='cuda:1')
Epoch: [217]  [ 0/25]  eta: 0:00:53  lr: 0.000010  loss: 98.3557 (98.3557)  time: 2.1325  data: 1.2662  max mem: 0
Epoch: [217]  [24/25]  eta: 0:00:02  lr: 0.000010  loss: 98.3541 (98.3553)  time: 2.1378  data: 1.2715  max mem: 0
Epoch: [217] Total time: 0:00:53 (2.1339 s / it)
  [  0/150]  eta: 0:00:40    time: 0.2677  data: 0.2228  max mem: 0
  [ 40/150]  eta: 0:00:29    time: 0.2716  data: 0.2268  max mem: 0
  [ 80/150]  eta: 0:00:18    time: 0.2634  data: 0.2187  max mem: 0
  [120/150]  eta: 0:00:07    time: 0.2587  data: 0.2139  max mem: 0
  [149/150]  eta: 0:00:00    time: 0.2813  data: 0.2364  max mem: 0
 Total time: 0:00:40 (0.2674 s / it)
tensor(2.0023, device='cuda:1')
Epoch: [218]  [ 0/25]  eta: 0:00:52  lr: 0.000010  loss: 98.3557 (98.3557)  time: 2.0935  data: 1.2276  max mem: 0
Epoch: [218]  [24/25]  eta: 0:00:02  lr: 0.000010  loss: 98.3541 (98.3553)  time: 2.1193  data: 1.2529  max mem: 0
Epoch: [218] Total time: 0:00:52 (2.1157 s / it)
  [  0/150]  eta: 0:00:39    time: 0.2662  data: 0.2213  max mem: 0
  [ 40/150]  eta: 0:00:28    time: 0.2600  data: 0.2152  max mem: 0
  [ 80/150]  eta: 0:00:18    time: 0.2939  data: 0.2483  max mem: 0
  [120/150]  eta: 0:00:07    time: 0.2578  data: 0.2131  max mem: 0
  [149/150]  eta: 0:00:00    time: 0.2754  data: 0.2301  max mem: 0
 Total time: 0:00:39 (0.2662 s / it)
tensor(2.0017, device='cuda:1')
Epoch: [219]  [ 0/25]  eta: 0:01:05  lr: 0.000010  loss: 98.3557 (98.3557)  time: 2.6213  data: 1.7543  max mem: 0
Epoch: [219]  [24/25]  eta: 0:00:02  lr: 0.000010  loss: 98.3541 (98.3552)  time: 2.1210  data: 1.2543  max mem: 0
Epoch: [219] Total time: 0:00:54 (2.1687 s / it)
  [  0/150]  eta: 0:00:39    time: 0.2662  data: 0.2213  max mem: 0
  [ 40/150]  eta: 0:00:28    time: 0.2571  data: 0.2124  max mem: 0
  [ 80/150]  eta: 0:00:18    time: 0.2603  data: 0.2155  max mem: 0
  [120/150]  eta: 0:00:07    time: 0.2627  data: 0.2180  max mem: 0
  [149/150]  eta: 0:00:00    time: 0.2618  data: 0.2171  max mem: 0
 Total time: 0:00:38 (0.2589 s / it)
tensor(2.0025, device='cuda:1')
Epoch: [220]  [ 0/25]  eta: 0:00:52  lr: 0.000010  loss: 98.3556 (98.3556)  time: 2.1076  data: 1.2403  max mem: 0
Epoch: [220]  [24/25]  eta: 0:00:02  lr: 0.000010  loss: 98.3540 (98.3552)  time: 2.1252  data: 1.2585  max mem: 0
Epoch: [220] Total time: 0:00:53 (2.1275 s / it)
  [  0/150]  eta: 0:00:40    time: 0.2689  data: 0.2240  max mem: 0
  [ 40/150]  eta: 0:00:31    time: 0.3088  data: 0.2633  max mem: 0
  [ 80/150]  eta: 0:00:19    time: 0.2660  data: 0.2212  max mem: 0
  [120/150]  eta: 0:00:08    time: 0.2599  data: 0.2151  max mem: 0
  [149/150]  eta: 0:00:00    time: 0.2621  data: 0.2170  max mem: 0
 Total time: 0:00:40 (0.2676 s / it)
tensor(2.0021, device='cuda:1')
Epoch: [221]  [ 0/25]  eta: 0:00:52  lr: 0.000010  loss: 98.3556 (98.3556)  time: 2.0918  data: 1.2266  max mem: 0
Epoch: [221]  [24/25]  eta: 0:00:02  lr: 0.000010  loss: 98.3540 (98.3552)  time: 2.1403  data: 1.2737  max mem: 0
Epoch: [221] Total time: 0:00:53 (2.1330 s / it)
  [  0/150]  eta: 0:00:40    time: 0.2683  data: 0.2233  max mem: 0
  [ 40/150]  eta: 0:00:28    time: 0.2570  data: 0.2123  max mem: 0
  [ 80/150]  eta: 0:00:18    time: 0.2579  data: 0.2132  max mem: 0
  [120/150]  eta: 0:00:07    time: 0.2656  data: 0.2209  max mem: 0
  [149/150]  eta: 0:00:00    time: 0.2601  data: 0.2153  max mem: 0
 Total time: 0:00:38 (0.2597 s / it)
tensor(2.0040, device='cuda:1')
Epoch: [222]  [ 0/25]  eta: 0:00:52  lr: 0.000010  loss: 98.3556 (98.3556)  time: 2.0916  data: 1.2258  max mem: 0
Epoch: [222]  [24/25]  eta: 0:00:02  lr: 0.000010  loss: 98.3540 (98.3552)  time: 2.1740  data: 1.3067  max mem: 0
Epoch: [222] Total time: 0:00:53 (2.1591 s / it)
  [  0/150]  eta: 0:00:41    time: 0.2764  data: 0.2316  max mem: 0
  [ 40/150]  eta: 0:00:29    time: 0.2648  data: 0.2200  max mem: 0
  [ 80/150]  eta: 0:00:18    time: 0.2645  data: 0.2198  max mem: 0
  [120/150]  eta: 0:00:07    time: 0.2637  data: 0.2190  max mem: 0
  [149/150]  eta: 0:00:00    time: 0.2642  data: 0.2195  max mem: 0
 Total time: 0:00:39 (0.2645 s / it)
tensor(2.0049, device='cuda:1')
Epoch: [223]  [ 0/25]  eta: 0:00:52  lr: 0.000010  loss: 98.3556 (98.3556)  time: 2.1146  data: 1.2476  max mem: 0
Epoch: [223]  [24/25]  eta: 0:00:02  lr: 0.000010  loss: 98.3540 (98.3552)  time: 2.1266  data: 1.2599  max mem: 0
Epoch: [223] Total time: 0:00:53 (2.1275 s / it)
  [  0/150]  eta: 0:00:41    time: 0.2754  data: 0.2304  max mem: 0
  [ 40/150]  eta: 0:00:28    time: 0.2626  data: 0.2178  max mem: 0
  [ 80/150]  eta: 0:00:18    time: 0.2624  data: 0.2176  max mem: 0
  [120/150]  eta: 0:00:07    time: 0.2630  data: 0.2182  max mem: 0
  [149/150]  eta: 0:00:00    time: 0.2616  data: 0.2168  max mem: 0
 Total time: 0:00:39 (0.2628 s / it)
tensor(2.0059, device='cuda:1')
Epoch: [224]  [ 0/25]  eta: 0:00:53  lr: 0.000010  loss: 98.3556 (98.3556)  time: 2.1219  data: 1.2548  max mem: 0
Epoch: [224]  [24/25]  eta: 0:00:02  lr: 0.000010  loss: 98.3540 (98.3551)  time: 2.1580  data: 1.2915  max mem: 0
Epoch: [224] Total time: 0:00:53 (2.1520 s / it)
  [  0/150]  eta: 0:00:40    time: 0.2678  data: 0.2229  max mem: 0
  [ 40/150]  eta: 0:00:28    time: 0.2601  data: 0.2154  max mem: 0
  [ 80/150]  eta: 0:00:18    time: 0.2623  data: 0.2175  max mem: 0
  [120/150]  eta: 0:00:07    time: 0.2941  data: 0.2487  max mem: 0
  [149/150]  eta: 0:00:00    time: 0.3040  data: 0.2586  max mem: 0
 Total time: 0:00:41 (0.2742 s / it)
tensor(2.0056, device='cuda:1')
Epoch: [225]  [ 0/25]  eta: 0:00:53  lr: 0.000010  loss: 98.3555 (98.3555)  time: 2.1206  data: 1.2537  max mem: 0
Epoch: [225]  [24/25]  eta: 0:00:02  lr: 0.000010  loss: 98.3540 (98.3551)  time: 2.1782  data: 1.3114  max mem: 0
Epoch: [225] Total time: 0:00:54 (2.1795 s / it)
  [  0/150]  eta: 0:00:46    time: 0.3079  data: 0.2629  max mem: 0
  [ 40/150]  eta: 0:00:28    time: 0.2605  data: 0.2157  max mem: 0
  [ 80/150]  eta: 0:00:18    time: 0.2607  data: 0.2159  max mem: 0
  [120/150]  eta: 0:00:07    time: 0.2622  data: 0.2174  max mem: 0
  [149/150]  eta: 0:00:00    time: 0.2590  data: 0.2143  max mem: 0
 Total time: 0:00:39 (0.2641 s / it)
tensor(2.0064, device='cuda:1')
Epoch: [226]  [ 0/25]  eta: 0:00:52  lr: 0.000010  loss: 98.3555 (98.3555)  time: 2.1070  data: 1.2412  max mem: 0
Epoch: [226]  [24/25]  eta: 0:00:02  lr: 0.000010  loss: 98.3540 (98.3551)  time: 2.1615  data: 1.2944  max mem: 0
Epoch: [226] Total time: 0:00:53 (2.1580 s / it)
  [  0/150]  eta: 0:00:40    time: 0.2695  data: 0.2247  max mem: 0
  [ 40/150]  eta: 0:00:30    time: 0.2989  data: 0.2540  max mem: 0
  [ 80/150]  eta: 0:00:19    time: 0.2653  data: 0.2199  max mem: 0
  [120/150]  eta: 0:00:08    time: 0.3077  data: 0.2626  max mem: 0
  [149/150]  eta: 0:00:00    time: 0.2601  data: 0.2153  max mem: 0
 Total time: 0:00:40 (0.2728 s / it)
tensor(2.0071, device='cuda:1')
Epoch: [227]  [ 0/25]  eta: 0:00:52  lr: 0.000010  loss: 98.3555 (98.3555)  time: 2.1181  data: 1.2504  max mem: 0
Epoch: [227]  [24/25]  eta: 0:00:02  lr: 0.000010  loss: 98.3539 (98.3551)  time: 2.1908  data: 1.3240  max mem: 0
Epoch: [227] Total time: 0:00:54 (2.1776 s / it)
  [  0/150]  eta: 0:00:41    time: 0.2763  data: 0.2314  max mem: 0
  [ 40/150]  eta: 0:00:28    time: 0.2620  data: 0.2172  max mem: 0
  [ 80/150]  eta: 0:00:18    time: 0.2617  data: 0.2169  max mem: 0
  [120/150]  eta: 0:00:08    time: 0.2937  data: 0.2488  max mem: 0
  [149/150]  eta: 0:00:00    time: 0.2572  data: 0.2124  max mem: 0
 Total time: 0:00:40 (0.2677 s / it)
tensor(2.0064, device='cuda:1')
Epoch: [228]  [ 0/25]  eta: 0:00:52  lr: 0.000010  loss: 98.3555 (98.3555)  time: 2.0976  data: 1.2308  max mem: 0
Epoch: [228]  [24/25]  eta: 0:00:02  lr: 0.000010  loss: 98.3539 (98.3551)  time: 2.1327  data: 1.2660  max mem: 0
Epoch: [228] Total time: 0:00:53 (2.1300 s / it)
  [  0/150]  eta: 0:00:40    time: 0.2680  data: 0.2231  max mem: 0
  [ 40/150]  eta: 0:00:28    time: 0.2605  data: 0.2157  max mem: 0
  [ 80/150]  eta: 0:00:19    time: 0.2939  data: 0.2490  max mem: 0
  [120/150]  eta: 0:00:08    time: 0.2875  data: 0.2426  max mem: 0
  [149/150]  eta: 0:00:00    time: 0.2591  data: 0.2143  max mem: 0
 Total time: 0:00:41 (0.2734 s / it)
tensor(2.0077, device='cuda:1')
Epoch: [229]  [ 0/25]  eta: 0:00:52  lr: 0.000010  loss: 98.3555 (98.3555)  time: 2.1077  data: 1.2405  max mem: 0
Epoch: [229]  [24/25]  eta: 0:00:02  lr: 0.000010  loss: 98.3539 (98.3550)  time: 2.1616  data: 1.2947  max mem: 0
Epoch: [229] Total time: 0:00:53 (2.1580 s / it)
  [  0/150]  eta: 0:00:40    time: 0.2682  data: 0.2233  max mem: 0
  [ 40/150]  eta: 0:00:33    time: 0.3015  data: 0.2553  max mem: 0
  [ 80/150]  eta: 0:00:20    time: 0.2789  data: 0.2335  max mem: 0
  [120/150]  eta: 0:00:08    time: 0.2595  data: 0.2147  max mem: 0
  [149/150]  eta: 0:00:00    time: 0.2598  data: 0.2150  max mem: 0
 Total time: 0:00:41 (0.2746 s / it)
tensor(2.0082, device='cuda:1')
Epoch: [230]  [ 0/25]  eta: 0:00:55  lr: 0.000010  loss: 98.3554 (98.3554)  time: 2.2087  data: 1.3413  max mem: 0
Epoch: [230]  [24/25]  eta: 0:00:02  lr: 0.000010  loss: 98.3539 (98.3550)  time: 2.1671  data: 1.3003  max mem: 0
Epoch: [230] Total time: 0:00:54 (2.1606 s / it)
  [  0/150]  eta: 0:00:40    time: 0.2671  data: 0.2223  max mem: 0
  [ 40/150]  eta: 0:00:28    time: 0.2573  data: 0.2125  max mem: 0
  [ 80/150]  eta: 0:00:18    time: 0.2924  data: 0.2466  max mem: 0
  [120/150]  eta: 0:00:07    time: 0.2620  data: 0.2172  max mem: 0
  [149/150]  eta: 0:00:00    time: 0.2636  data: 0.2188  max mem: 0
 Total time: 0:00:39 (0.2657 s / it)
tensor(2.0072, device='cuda:1')
Epoch: [231]  [ 0/25]  eta: 0:00:55  lr: 0.000010  loss: 98.3554 (98.3554)  time: 2.2342  data: 1.3665  max mem: 0
Epoch: [231]  [24/25]  eta: 0:00:02  lr: 0.000010  loss: 98.3539 (98.3550)  time: 2.1266  data: 1.2601  max mem: 0
Epoch: [231] Total time: 0:00:54 (2.1674 s / it)
  [  0/150]  eta: 0:00:41    time: 0.2752  data: 0.2302  max mem: 0
  [ 40/150]  eta: 0:00:29    time: 0.2712  data: 0.2263  max mem: 0
  [ 80/150]  eta: 0:00:18    time: 0.2609  data: 0.2161  max mem: 0
  [120/150]  eta: 0:00:07    time: 0.2612  data: 0.2164  max mem: 0
  [149/150]  eta: 0:00:00    time: 0.2614  data: 0.2166  max mem: 0
 Total time: 0:00:39 (0.2636 s / it)
tensor(2.0075, device='cuda:1')
Epoch: [232]  [ 0/25]  eta: 0:00:52  lr: 0.000010  loss: 98.3554 (98.3554)  time: 2.1104  data: 1.2443  max mem: 0
Epoch: [232]  [24/25]  eta: 0:00:02  lr: 0.000010  loss: 98.3539 (98.3550)  time: 2.1772  data: 1.3099  max mem: 0
Epoch: [232] Total time: 0:00:54 (2.1645 s / it)
  [  0/150]  eta: 0:00:44    time: 0.2974  data: 0.2525  max mem: 0
  [ 40/150]  eta: 0:00:28    time: 0.2589  data: 0.2141  max mem: 0
  [ 80/150]  eta: 0:00:18    time: 0.2773  data: 0.2324  max mem: 0
  [120/150]  eta: 0:00:08    time: 0.3076  data: 0.2626  max mem: 0
  [149/150]  eta: 0:00:00    time: 0.2815  data: 0.2367  max mem: 0
 Total time: 0:00:41 (0.2767 s / it)
tensor(2.0084, device='cuda:1')
Epoch: [233]  [ 0/25]  eta: 0:00:52  lr: 0.000010  loss: 98.3554 (98.3554)  time: 2.1003  data: 1.2336  max mem: 0
Epoch: [233]  [24/25]  eta: 0:00:02  lr: 0.000010  loss: 98.3538 (98.3550)  time: 2.2024  data: 1.3352  max mem: 0
Epoch: [233] Total time: 0:00:55 (2.2101 s / it)
  [  0/150]  eta: 0:00:40    time: 0.2687  data: 0.2236  max mem: 0
  [ 40/150]  eta: 0:00:28    time: 0.2599  data: 0.2152  max mem: 0
  [ 80/150]  eta: 0:00:18    time: 0.2616  data: 0.2168  max mem: 0
  [120/150]  eta: 0:00:07    time: 0.2603  data: 0.2155  max mem: 0
  [149/150]  eta: 0:00:00    time: 0.2602  data: 0.2155  max mem: 0
 Total time: 0:00:39 (0.2604 s / it)
tensor(2.0086, device='cuda:1')
Epoch: [234]  [ 0/25]  eta: 0:01:04  lr: 0.000010  loss: 98.3554 (98.3554)  time: 2.5676  data: 1.6989  max mem: 0
Epoch: [234]  [24/25]  eta: 0:00:02  lr: 0.000010  loss: 98.3538 (98.3549)  time: 2.1295  data: 1.2624  max mem: 0
Epoch: [234] Total time: 0:00:55 (2.2132 s / it)
  [  0/150]  eta: 0:00:40    time: 0.2679  data: 0.2231  max mem: 0
  [ 40/150]  eta: 0:00:28    time: 0.2599  data: 0.2152  max mem: 0
  [ 80/150]  eta: 0:00:18    time: 0.2600  data: 0.2153  max mem: 0
  [120/150]  eta: 0:00:07    time: 0.2600  data: 0.2153  max mem: 0
  [149/150]  eta: 0:00:00    time: 0.3260  data: 0.2802  max mem: 0
 Total time: 0:00:40 (0.2692 s / it)
tensor(2.0081, device='cuda:1')
Epoch: [235]  [ 0/25]  eta: 0:00:59  lr: 0.000010  loss: 98.3553 (98.3553)  time: 2.3815  data: 1.5145  max mem: 0
Epoch: [235]  [24/25]  eta: 0:00:02  lr: 0.000010  loss: 98.3538 (98.3549)  time: 2.1396  data: 1.2727  max mem: 0
Epoch: [235] Total time: 0:00:53 (2.1456 s / it)
  [  0/150]  eta: 0:00:40    time: 0.2681  data: 0.2232  max mem: 0
  [ 40/150]  eta: 0:00:28    time: 0.2606  data: 0.2157  max mem: 0
  [ 80/150]  eta: 0:00:18    time: 0.2576  data: 0.2129  max mem: 0
  [120/150]  eta: 0:00:07    time: 0.2774  data: 0.2326  max mem: 0
  [149/150]  eta: 0:00:00    time: 0.2875  data: 0.2427  max mem: 0
 Total time: 0:00:40 (0.2669 s / it)
tensor(2.0087, device='cuda:1')
Epoch: [236]  [ 0/25]  eta: 0:00:58  lr: 0.000010  loss: 98.3553 (98.3553)  time: 2.3231  data: 1.4565  max mem: 0
Epoch: [236]  [24/25]  eta: 0:00:02  lr: 0.000010  loss: 98.3538 (98.3549)  time: 2.1074  data: 1.2408  max mem: 0
Epoch: [236] Total time: 0:00:52 (2.1181 s / it)
  [  0/150]  eta: 0:00:40    time: 0.2668  data: 0.2220  max mem: 0
  [ 40/150]  eta: 0:00:28    time: 0.2592  data: 0.2145  max mem: 0
  [ 80/150]  eta: 0:00:18    time: 0.2588  data: 0.2140  max mem: 0
  [120/150]  eta: 0:00:07    time: 0.2590  data: 0.2143  max mem: 0
  [149/150]  eta: 0:00:00    time: 0.2575  data: 0.2128  max mem: 0
 Total time: 0:00:38 (0.2593 s / it)
tensor(2.0097, device='cuda:1')
Epoch: [237]  [ 0/25]  eta: 0:00:52  lr: 0.000010  loss: 98.3553 (98.3553)  time: 2.0962  data: 1.2300  max mem: 0
Epoch: [237]  [24/25]  eta: 0:00:02  lr: 0.000010  loss: 98.3538 (98.3549)  time: 2.1237  data: 1.2571  max mem: 0
Epoch: [237] Total time: 0:00:53 (2.1283 s / it)
  [  0/150]  eta: 0:00:39    time: 0.2664  data: 0.2215  max mem: 0
  [ 40/150]  eta: 0:00:28    time: 0.2574  data: 0.2126  max mem: 0
  [ 80/150]  eta: 0:00:18    time: 0.2613  data: 0.2166  max mem: 0
  [120/150]  eta: 0:00:07    time: 0.2649  data: 0.2194  max mem: 0
  [149/150]  eta: 0:00:00    time: 0.2601  data: 0.2153  max mem: 0
 Total time: 0:00:39 (0.2610 s / it)
tensor(2.0111, device='cuda:1')
Epoch: [238]  [ 0/25]  eta: 0:00:52  lr: 0.000010  loss: 98.3553 (98.3553)  time: 2.1139  data: 1.2469  max mem: 0
Epoch: [238]  [24/25]  eta: 0:00:02  lr: 0.000010  loss: 98.3538 (98.3549)  time: 2.2077  data: 1.3407  max mem: 0
Epoch: [238] Total time: 0:00:54 (2.1901 s / it)
  [  0/150]  eta: 0:00:40    time: 0.2719  data: 0.2270  max mem: 0
  [ 40/150]  eta: 0:00:28    time: 0.2626  data: 0.2178  max mem: 0
  [ 80/150]  eta: 0:00:19    time: 0.2601  data: 0.2154  max mem: 0
  [120/150]  eta: 0:00:08    time: 0.2582  data: 0.2135  max mem: 0
  [149/150]  eta: 0:00:00    time: 0.2686  data: 0.2232  max mem: 0
 Total time: 0:00:41 (0.2745 s / it)
tensor(2.0118, device='cuda:1')
Epoch: [239]  [ 0/25]  eta: 0:00:52  lr: 0.000010  loss: 98.3552 (98.3552)  time: 2.1042  data: 1.2378  max mem: 0
Epoch: [239]  [24/25]  eta: 0:00:02  lr: 0.000010  loss: 98.3537 (98.3548)  time: 2.2037  data: 1.3370  max mem: 0
Epoch: [239] Total time: 0:00:55 (2.2241 s / it)
  [  0/150]  eta: 0:00:40    time: 0.2709  data: 0.2259  max mem: 0
  [ 40/150]  eta: 0:00:31    time: 0.2945  data: 0.2496  max mem: 0
  [ 80/150]  eta: 0:00:18    time: 0.2587  data: 0.2139  max mem: 0
  [120/150]  eta: 0:00:08    time: 0.2597  data: 0.2149  max mem: 0
  [149/150]  eta: 0:00:00    time: 0.2596  data: 0.2149  max mem: 0
 Total time: 0:00:39 (0.2658 s / it)
tensor(2.0119, device='cuda:1')
Epoch: [240]  [ 0/25]  eta: 0:00:52  lr: 0.000010  loss: 98.3552 (98.3552)  time: 2.1016  data: 1.2351  max mem: 0
Epoch: [240]  [24/25]  eta: 0:00:02  lr: 0.000010  loss: 98.3537 (98.3548)  time: 2.1871  data: 1.3204  max mem: 0
Epoch: [240] Total time: 0:00:54 (2.1746 s / it)
  [  0/150]  eta: 0:00:46    time: 0.3116  data: 0.2666  max mem: 0
  [ 40/150]  eta: 0:00:29    time: 0.2596  data: 0.2148  max mem: 0
  [ 80/150]  eta: 0:00:18    time: 0.2597  data: 0.2149  max mem: 0
  [120/150]  eta: 0:00:07    time: 0.2772  data: 0.2308  max mem: 0
  [149/150]  eta: 0:00:00    time: 0.2571  data: 0.2124  max mem: 0
 Total time: 0:00:40 (0.2675 s / it)
tensor(2.0124, device='cuda:1')
Epoch: [241]  [ 0/25]  eta: 0:00:52  lr: 0.000010  loss: 98.3552 (98.3552)  time: 2.1082  data: 1.2412  max mem: 0
Epoch: [241]  [24/25]  eta: 0:00:02  lr: 0.000010  loss: 98.3537 (98.3548)  time: 2.2005  data: 1.3325  max mem: 0
Epoch: [241] Total time: 0:00:54 (2.1836 s / it)
  [  0/150]  eta: 0:00:40    time: 0.2693  data: 0.2244  max mem: 0
  [ 40/150]  eta: 0:00:28    time: 0.2584  data: 0.2137  max mem: 0
  [ 80/150]  eta: 0:00:18    time: 0.2916  data: 0.2468  max mem: 0
  [120/150]  eta: 0:00:08    time: 0.3026  data: 0.2571  max mem: 0
  [149/150]  eta: 0:00:00    time: 0.2574  data: 0.2127  max mem: 0
 Total time: 0:00:40 (0.2718 s / it)
tensor(2.0143, device='cuda:1')
Epoch: [242]  [ 0/25]  eta: 0:00:52  lr: 0.000010  loss: 98.3552 (98.3552)  time: 2.1000  data: 1.2338  max mem: 0
Epoch: [242]  [24/25]  eta: 0:00:02  lr: 0.000010  loss: 98.3537 (98.3548)  time: 2.2023  data: 1.3353  max mem: 0
Epoch: [242] Total time: 0:00:54 (2.1951 s / it)
  [  0/150]  eta: 0:00:39    time: 0.2663  data: 0.2214  max mem: 0
  [ 40/150]  eta: 0:00:28    time: 0.2582  data: 0.2135  max mem: 0
  [ 80/150]  eta: 0:00:18    time: 0.2722  data: 0.2274  max mem: 0
  [120/150]  eta: 0:00:07    time: 0.2759  data: 0.2301  max mem: 0
  [149/150]  eta: 0:00:00    time: 0.2601  data: 0.2153  max mem: 0
 Total time: 0:00:39 (0.2654 s / it)
tensor(2.0150, device='cuda:1')
Epoch: [243]  [ 0/25]  eta: 0:00:52  lr: 0.000010  loss: 98.3552 (98.3552)  time: 2.1137  data: 1.2462  max mem: 0
Epoch: [243]  [24/25]  eta: 0:00:02  lr: 0.000010  loss: 98.3537 (98.3548)  time: 2.2431  data: 1.3760  max mem: 0
Epoch: [243] Total time: 0:00:55 (2.2183 s / it)
  [  0/150]  eta: 0:00:40    time: 0.2670  data: 0.2221  max mem: 0
  [ 40/150]  eta: 0:00:33    time: 0.3278  data: 0.2827  max mem: 0
  [ 80/150]  eta: 0:00:20    time: 0.2626  data: 0.2178  max mem: 0
  [120/150]  eta: 0:00:08    time: 0.2610  data: 0.2163  max mem: 0
  [149/150]  eta: 0:00:00    time: 0.2612  data: 0.2165  max mem: 0
 Total time: 0:00:41 (0.2755 s / it)
tensor(2.0159, device='cuda:1')
Epoch: [244]  [ 0/25]  eta: 0:00:52  lr: 0.000010  loss: 98.3552 (98.3552)  time: 2.1114  data: 1.2439  max mem: 0
Epoch: [244]  [24/25]  eta: 0:00:02  lr: 0.000010  loss: 98.3537 (98.3547)  time: 2.1229  data: 1.2562  max mem: 0
Epoch: [244] Total time: 0:00:53 (2.1234 s / it)
  [  0/150]  eta: 0:00:40    time: 0.2690  data: 0.2242  max mem: 0
  [ 40/150]  eta: 0:00:28    time: 0.2588  data: 0.2141  max mem: 0
  [ 80/150]  eta: 0:00:18    time: 0.2592  data: 0.2145  max mem: 0
  [120/150]  eta: 0:00:07    time: 0.2586  data: 0.2139  max mem: 0
  [149/150]  eta: 0:00:00    time: 0.2585  data: 0.2138  max mem: 0
 Total time: 0:00:38 (0.2589 s / it)
tensor(2.0174, device='cuda:1')
Epoch: [245]  [ 0/25]  eta: 0:00:52  lr: 0.000010  loss: 98.3551 (98.3551)  time: 2.1082  data: 1.2411  max mem: 0
Epoch: [245]  [24/25]  eta: 0:00:02  lr: 0.000010  loss: 98.3537 (98.3547)  time: 2.1221  data: 1.2558  max mem: 0
Epoch: [245] Total time: 0:00:53 (2.1215 s / it)
  [  0/150]  eta: 0:00:40    time: 0.2685  data: 0.2237  max mem: 0
  [ 40/150]  eta: 0:00:28    time: 0.2582  data: 0.2136  max mem: 0
  [ 80/150]  eta: 0:00:18    time: 0.2582  data: 0.2136  max mem: 0
  [120/150]  eta: 0:00:07    time: 0.2580  data: 0.2133  max mem: 0
  [149/150]  eta: 0:00:00    time: 0.2587  data: 0.2140  max mem: 0
 Total time: 0:00:38 (0.2584 s / it)
tensor(2.0180, device='cuda:1')
Epoch: [246]  [ 0/25]  eta: 0:00:52  lr: 0.000010  loss: 98.3551 (98.3551)  time: 2.1060  data: 1.2397  max mem: 0
Epoch: [246]  [24/25]  eta: 0:00:02  lr: 0.000010  loss: 98.3536 (98.3547)  time: 2.1146  data: 1.2483  max mem: 0
Epoch: [246] Total time: 0:00:52 (2.1155 s / it)
  [  0/150]  eta: 0:00:40    time: 0.2687  data: 0.2239  max mem: 0
  [ 40/150]  eta: 0:00:28    time: 0.2584  data: 0.2137  max mem: 0
  [ 80/150]  eta: 0:00:18    time: 0.2584  data: 0.2137  max mem: 0
  [120/150]  eta: 0:00:07    time: 0.2586  data: 0.2140  max mem: 0
  [149/150]  eta: 0:00:00    time: 0.2597  data: 0.2150  max mem: 0
 Total time: 0:00:38 (0.2588 s / it)
tensor(2.0173, device='cuda:1')
Epoch: [247]  [ 0/25]  eta: 0:00:52  lr: 0.000010  loss: 98.3551 (98.3551)  time: 2.1042  data: 1.2380  max mem: 0
Epoch: [247]  [24/25]  eta: 0:00:02  lr: 0.000010  loss: 98.3536 (98.3547)  time: 2.1147  data: 1.2480  max mem: 0
Epoch: [247] Total time: 0:00:52 (2.1140 s / it)
  [  0/150]  eta: 0:00:40    time: 0.2685  data: 0.2236  max mem: 0
  [ 40/150]  eta: 0:00:28    time: 0.2584  data: 0.2137  max mem: 0
  [ 80/150]  eta: 0:00:18    time: 0.2583  data: 0.2136  max mem: 0
  [120/150]  eta: 0:00:07    time: 0.2581  data: 0.2134  max mem: 0
  [149/150]  eta: 0:00:00    time: 0.2600  data: 0.2153  max mem: 0
 Total time: 0:00:38 (0.2587 s / it)
tensor(2.0179, device='cuda:1')
Epoch: [248]  [ 0/25]  eta: 0:00:52  lr: 0.000010  loss: 98.3551 (98.3551)  time: 2.1045  data: 1.2383  max mem: 0
Epoch: [248]  [24/25]  eta: 0:00:02  lr: 0.000010  loss: 98.3536 (98.3547)  time: 2.1211  data: 1.2542  max mem: 0
Epoch: [248] Total time: 0:00:53 (2.1204 s / it)
  [  0/150]  eta: 0:00:40    time: 0.2688  data: 0.2240  max mem: 0
  [ 40/150]  eta: 0:00:28    time: 0.2577  data: 0.2130  max mem: 0
  [ 80/150]  eta: 0:00:18    time: 0.2578  data: 0.2131  max mem: 0
  [120/150]  eta: 0:00:07    time: 0.2575  data: 0.2128  max mem: 0
  [149/150]  eta: 0:00:00    time: 0.2578  data: 0.2131  max mem: 0
 Total time: 0:00:38 (0.2579 s / it)
tensor(2.0192, device='cuda:1')
Epoch: [249]  [ 0/25]  eta: 0:00:52  lr: 0.000010  loss: 98.3551 (98.3551)  time: 2.1037  data: 1.2372  max mem: 0
Epoch: [249]  [24/25]  eta: 0:00:02  lr: 0.000010  loss: 98.3536 (98.3546)  time: 2.1257  data: 1.2592  max mem: 0
Epoch: [249] Total time: 0:00:53 (2.1242 s / it)
  [  0/150]  eta: 0:00:40    time: 0.2707  data: 0.2259  max mem: 0
  [ 40/150]  eta: 0:00:28    time: 0.2600  data: 0.2153  max mem: 0
  [ 80/150]  eta: 0:00:18    time: 0.2600  data: 0.2153  max mem: 0
  [120/150]  eta: 0:00:07    time: 0.2597  data: 0.2151  max mem: 0
  [149/150]  eta: 0:00:00    time: 0.2605  data: 0.2158  max mem: 0
 Total time: 0:00:39 (0.2602 s / it)
tensor(2.0198, device='cuda:1')
Epoch: [250]  [ 0/25]  eta: 0:00:52  lr: 0.000010  loss: 98.3550 (98.3550)  time: 2.1021  data: 1.2362  max mem: 0
Epoch: [250]  [24/25]  eta: 0:00:02  lr: 0.000010  loss: 98.3536 (98.3546)  time: 2.1208  data: 1.2543  max mem: 0
Epoch: [250] Total time: 0:00:52 (2.1199 s / it)
  [  0/150]  eta: 0:00:40    time: 0.2706  data: 0.2259  max mem: 0
  [ 40/150]  eta: 0:00:28    time: 0.2600  data: 0.2153  max mem: 0
  [ 80/150]  eta: 0:00:18    time: 0.2602  data: 0.2155  max mem: 0
  [120/150]  eta: 0:00:07    time: 0.2601  data: 0.2154  max mem: 0
  [149/150]  eta: 0:00:00    time: 0.2599  data: 0.2152  max mem: 0
 Total time: 0:00:39 (0.2602 s / it)
tensor(2.0211, device='cuda:1')
Epoch: [251]  [ 0/25]  eta: 0:00:52  lr: 0.000010  loss: 98.3550 (98.3550)  time: 2.1135  data: 1.2472  max mem: 0
Epoch: [251]  [24/25]  eta: 0:00:02  lr: 0.000010  loss: 98.3536 (98.3546)  time: 2.1175  data: 1.2506  max mem: 0
Epoch: [251] Total time: 0:00:52 (2.1177 s / it)
  [  0/150]  eta: 0:00:40    time: 0.2719  data: 0.2270  max mem: 0
  [ 40/150]  eta: 0:00:28    time: 0.2578  data: 0.2131  max mem: 0
  [ 80/150]  eta: 0:00:18    time: 0.2580  data: 0.2134  max mem: 0
  [120/150]  eta: 0:00:07    time: 0.2579  data: 0.2132  max mem: 0
  [149/150]  eta: 0:00:00    time: 0.2582  data: 0.2135  max mem: 0
 Total time: 0:00:38 (0.2583 s / it)
tensor(2.0212, device='cuda:1')
Epoch: [252]  [ 0/25]  eta: 0:00:52  lr: 0.000010  loss: 98.3550 (98.3550)  time: 2.0981  data: 1.2325  max mem: 0
Epoch: [252]  [24/25]  eta: 0:00:02  lr: 0.000010  loss: 98.3535 (98.3546)  time: 2.1151  data: 1.2482  max mem: 0
Epoch: [252] Total time: 0:00:52 (2.1143 s / it)
  [  0/150]  eta: 0:00:40    time: 0.2687  data: 0.2239  max mem: 0
  [ 40/150]  eta: 0:00:28    time: 0.2573  data: 0.2127  max mem: 0
  [ 80/150]  eta: 0:00:18    time: 0.2581  data: 0.2134  max mem: 0
  [120/150]  eta: 0:00:07    time: 0.2579  data: 0.2132  max mem: 0
  [149/150]  eta: 0:00:00    time: 0.2583  data: 0.2136  max mem: 0
 Total time: 0:00:38 (0.2580 s / it)
tensor(2.0221, device='cuda:1')
Epoch: [253]  [ 0/25]  eta: 0:00:52  lr: 0.000010  loss: 98.3550 (98.3550)  time: 2.1041  data: 1.2376  max mem: 0
Epoch: [253]  [24/25]  eta: 0:00:02  lr: 0.000010  loss: 98.3535 (98.3545)  time: 2.1163  data: 1.2497  max mem: 0
Epoch: [253] Total time: 0:00:52 (2.1157 s / it)
  [  0/150]  eta: 0:00:40    time: 0.2686  data: 0.2238  max mem: 0
  [ 40/150]  eta: 0:00:28    time: 0.2580  data: 0.2133  max mem: 0
  [ 80/150]  eta: 0:00:18    time: 0.2589  data: 0.2142  max mem: 0
  [120/150]  eta: 0:00:07    time: 0.2582  data: 0.2135  max mem: 0
  [149/150]  eta: 0:00:00    time: 0.2587  data: 0.2140  max mem: 0
 Total time: 0:00:38 (0.2584 s / it)
tensor(2.0233, device='cuda:1')
Epoch: [254]  [ 0/25]  eta: 0:00:52  lr: 0.000010  loss: 98.3549 (98.3549)  time: 2.1026  data: 1.2371  max mem: 0
Epoch: [254]  [24/25]  eta: 0:00:02  lr: 0.000010  loss: 98.3535 (98.3545)  time: 2.1160  data: 1.2492  max mem: 0
Epoch: [254] Total time: 0:00:52 (2.1156 s / it)
  [  0/150]  eta: 0:00:40    time: 0.2683  data: 0.2235  max mem: 0
  [ 40/150]  eta: 0:00:28    time: 0.2585  data: 0.2138  max mem: 0
  [ 80/150]  eta: 0:00:18    time: 0.2580  data: 0.2133  max mem: 0
  [120/150]  eta: 0:00:07    time: 0.2579  data: 0.2133  max mem: 0
  [149/150]  eta: 0:00:00    time: 0.2583  data: 0.2137  max mem: 0
 Total time: 0:00:38 (0.2583 s / it)
tensor(2.0255, device='cuda:1')
Epoch: [255]  [ 0/25]  eta: 0:00:52  lr: 0.000010  loss: 98.3549 (98.3549)  time: 2.1002  data: 1.2339  max mem: 0
Epoch: [255]  [24/25]  eta: 0:00:02  lr: 0.000010  loss: 98.3535 (98.3545)  time: 2.1166  data: 1.2500  max mem: 0
Epoch: [255] Total time: 0:00:52 (2.1156 s / it)
  [  0/150]  eta: 0:00:40    time: 0.2688  data: 0.2240  max mem: 0
  [ 40/150]  eta: 0:00:28    time: 0.2581  data: 0.2134  max mem: 0
  [ 80/150]  eta: 0:00:18    time: 0.2585  data: 0.2139  max mem: 0
  [120/150]  eta: 0:00:07    time: 0.2585  data: 0.2138  max mem: 0
  [149/150]  eta: 0:00:00    time: 0.2589  data: 0.2142  max mem: 0
 Total time: 0:00:38 (0.2586 s / it)
tensor(2.0273, device='cuda:1')
Epoch: [256]  [ 0/25]  eta: 0:00:52  lr: 0.000010  loss: 98.3549 (98.3549)  time: 2.1043  data: 1.2372  max mem: 0
Epoch: [256]  [24/25]  eta: 0:00:02  lr: 0.000010  loss: 98.3535 (98.3545)  time: 2.1165  data: 1.2497  max mem: 0
Epoch: [256] Total time: 0:00:52 (2.1153 s / it)
  [  0/150]  eta: 0:00:40    time: 0.2690  data: 0.2241  max mem: 0
  [ 40/150]  eta: 0:00:28    time: 0.2582  data: 0.2135  max mem: 0
  [ 80/150]  eta: 0:00:18    time: 0.2580  data: 0.2133  max mem: 0
  [120/150]  eta: 0:00:07    time: 0.2586  data: 0.2139  max mem: 0
  [149/150]  eta: 0:00:00    time: 0.2586  data: 0.2139  max mem: 0
 Total time: 0:00:38 (0.2585 s / it)
tensor(2.0276, device='cuda:1')
Epoch: [257]  [ 0/25]  eta: 0:00:52  lr: 0.000010  loss: 98.3549 (98.3549)  time: 2.1147  data: 1.2486  max mem: 0
Epoch: [257]  [24/25]  eta: 0:00:02  lr: 0.000010  loss: 98.3534 (98.3545)  time: 2.1117  data: 1.2450  max mem: 0
Epoch: [257] Total time: 0:00:52 (2.1127 s / it)
  [  0/150]  eta: 0:00:40    time: 0.2676  data: 0.2228  max mem: 0
  [ 40/150]  eta: 0:00:28    time: 0.2567  data: 0.2120  max mem: 0
  [ 80/150]  eta: 0:00:17    time: 0.2562  data: 0.2115  max mem: 0
  [120/150]  eta: 0:00:07    time: 0.2561  data: 0.2114  max mem: 0
  [149/150]  eta: 0:00:00    time: 0.2576  data: 0.2129  max mem: 0
 Total time: 0:00:38 (0.2569 s / it)
tensor(2.0273, device='cuda:1')
Epoch: [258]  [ 0/25]  eta: 0:00:52  lr: 0.000010  loss: 98.3549 (98.3549)  time: 2.0936  data: 1.2275  max mem: 0
Epoch: [258]  [24/25]  eta: 0:00:02  lr: 0.000010  loss: 98.3534 (98.3544)  time: 2.1203  data: 1.2536  max mem: 0
Epoch: [258] Total time: 0:00:53 (2.1228 s / it)
  [  0/150]  eta: 0:00:40    time: 0.2681  data: 0.2233  max mem: 0
  [ 40/150]  eta: 0:00:28    time: 0.2600  data: 0.2153  max mem: 0
  [ 80/150]  eta: 0:00:18    time: 0.2600  data: 0.2153  max mem: 0
  [120/150]  eta: 0:00:07    time: 0.2590  data: 0.2143  max mem: 0
  [149/150]  eta: 0:00:00    time: 0.2600  data: 0.2153  max mem: 0
 Total time: 0:00:38 (0.2598 s / it)
tensor(2.0288, device='cuda:1')
Epoch: [259]  [ 0/25]  eta: 0:00:56  lr: 0.000010  loss: 98.3548 (98.3548)  time: 2.2773  data: 1.4100  max mem: 0
Epoch: [259]  [24/25]  eta: 0:00:02  lr: 0.000010  loss: 98.3534 (98.3544)  time: 2.1169  data: 1.2501  max mem: 0
Epoch: [259] Total time: 0:00:53 (2.1424 s / it)
  [  0/150]  eta: 0:00:40    time: 0.2680  data: 0.2232  max mem: 0
  [ 40/150]  eta: 0:00:28    time: 0.2565  data: 0.2118  max mem: 0
  [ 80/150]  eta: 0:00:17    time: 0.2567  data: 0.2120  max mem: 0
  [120/150]  eta: 0:00:07    time: 0.2568  data: 0.2121  max mem: 0
  [149/150]  eta: 0:00:00    time: 0.2569  data: 0.2122  max mem: 0
 Total time: 0:00:38 (0.2570 s / it)
tensor(2.0301, device='cuda:1')
Epoch: [260]  [ 0/25]  eta: 0:00:52  lr: 0.000010  loss: 98.3548 (98.3548)  time: 2.0945  data: 1.2282  max mem: 0
Epoch: [260]  [24/25]  eta: 0:00:02  lr: 0.000010  loss: 98.3534 (98.3544)  time: 2.1221  data: 1.2555  max mem: 0
Epoch: [260] Total time: 0:00:52 (2.1189 s / it)
  [  0/150]  eta: 0:00:40    time: 0.2698  data: 0.2250  max mem: 0
  [ 40/150]  eta: 0:00:28    time: 0.2592  data: 0.2145  max mem: 0
  [ 80/150]  eta: 0:00:18    time: 0.2746  data: 0.2299  max mem: 0
  [120/150]  eta: 0:00:07    time: 0.2569  data: 0.2122  max mem: 0
  [149/150]  eta: 0:00:00    time: 0.2591  data: 0.2144  max mem: 0
 Total time: 0:00:39 (0.2619 s / it)
tensor(2.0298, device='cuda:1')
Epoch: [261]  [ 0/25]  eta: 0:00:52  lr: 0.000010  loss: 98.3548 (98.3548)  time: 2.1096  data: 1.2425  max mem: 0
Epoch: [261]  [24/25]  eta: 0:00:02  lr: 0.000010  loss: 98.3534 (98.3544)  time: 2.1224  data: 1.2561  max mem: 0
Epoch: [261] Total time: 0:00:53 (2.1222 s / it)
  [  0/150]  eta: 0:00:40    time: 0.2685  data: 0.2237  max mem: 0
  [ 40/150]  eta: 0:00:28    time: 0.2608  data: 0.2161  max mem: 0
  [ 80/150]  eta: 0:00:18    time: 0.2576  data: 0.2129  max mem: 0
  [120/150]  eta: 0:00:07    time: 0.2658  data: 0.2211  max mem: 0
  [149/150]  eta: 0:00:00    time: 0.2723  data: 0.2275  max mem: 0
 Total time: 0:00:39 (0.2617 s / it)
tensor(2.0304, device='cuda:1')
Epoch: [262]  [ 0/25]  eta: 0:00:56  lr: 0.000010  loss: 98.3548 (98.3548)  time: 2.2468  data: 1.3795  max mem: 0
Epoch: [262]  [24/25]  eta: 0:00:02  lr: 0.000010  loss: 98.3534 (98.3544)  time: 2.1121  data: 1.2458  max mem: 0
Epoch: [262] Total time: 0:00:53 (2.1276 s / it)
  [  0/150]  eta: 0:00:39    time: 0.2665  data: 0.2217  max mem: 0
  [ 40/150]  eta: 0:00:29    time: 0.2740  data: 0.2293  max mem: 0
  [ 80/150]  eta: 0:00:18    time: 0.2586  data: 0.2139  max mem: 0
  [120/150]  eta: 0:00:07    time: 0.2616  data: 0.2169  max mem: 0
  [149/150]  eta: 0:00:00    time: 0.2634  data: 0.2186  max mem: 0
 Total time: 0:00:39 (0.2620 s / it)
tensor(2.0306, device='cuda:1')
Epoch: [263]  [ 0/25]  eta: 0:00:52  lr: 0.000010  loss: 98.3548 (98.3548)  time: 2.1047  data: 1.2385  max mem: 0
Epoch: [263]  [24/25]  eta: 0:00:02  lr: 0.000010  loss: 98.3534 (98.3543)  time: 2.1196  data: 1.2532  max mem: 0
Epoch: [263] Total time: 0:00:52 (2.1185 s / it)
  [  0/150]  eta: 0:00:40    time: 0.2668  data: 0.2220  max mem: 0
  [ 40/150]  eta: 0:00:31    time: 0.2617  data: 0.2170  max mem: 0
  [ 80/150]  eta: 0:00:18    time: 0.2592  data: 0.2145  max mem: 0
  [120/150]  eta: 0:00:08    time: 0.2649  data: 0.2201  max mem: 0
  [149/150]  eta: 0:00:00    time: 0.2663  data: 0.2210  max mem: 0
 Total time: 0:00:40 (0.2709 s / it)
tensor(2.0317, device='cuda:1')
Epoch: [264]  [ 0/25]  eta: 0:00:52  lr: 0.000010  loss: 98.3548 (98.3548)  time: 2.0903  data: 1.2233  max mem: 0
Epoch: [264]  [24/25]  eta: 0:00:02  lr: 0.000010  loss: 98.3533 (98.3543)  time: 2.1077  data: 1.2414  max mem: 0
Epoch: [264] Total time: 0:00:52 (2.1057 s / it)
  [  0/150]  eta: 0:00:40    time: 0.2687  data: 0.2239  max mem: 0
  [ 40/150]  eta: 0:00:29    time: 0.2752  data: 0.2304  max mem: 0
  [ 80/150]  eta: 0:00:18    time: 0.2598  data: 0.2151  max mem: 0
  [120/150]  eta: 0:00:08    time: 0.2567  data: 0.2120  max mem: 0
  [149/150]  eta: 0:00:00    time: 0.2581  data: 0.2134  max mem: 0
 Total time: 0:00:40 (0.2684 s / it)
tensor(2.0330, device='cuda:1')
Epoch: [265]  [ 0/25]  eta: 0:00:52  lr: 0.000010  loss: 98.3547 (98.3547)  time: 2.0954  data: 1.2293  max mem: 0
Epoch: [265]  [24/25]  eta: 0:00:02  lr: 0.000010  loss: 98.3533 (98.3543)  time: 2.1446  data: 1.2780  max mem: 0
Epoch: [265] Total time: 0:00:53 (2.1486 s / it)
  [  0/150]  eta: 0:00:40    time: 0.2684  data: 0.2236  max mem: 0
  [ 40/150]  eta: 0:00:28    time: 0.2563  data: 0.2116  max mem: 0
  [ 80/150]  eta: 0:00:18    time: 0.2623  data: 0.2172  max mem: 0
  [120/150]  eta: 0:00:07    time: 0.2565  data: 0.2118  max mem: 0
  [149/150]  eta: 0:00:00    time: 0.2568  data: 0.2121  max mem: 0
 Total time: 0:00:38 (0.2590 s / it)
tensor(2.0339, device='cuda:1')
Epoch: [266]  [ 0/25]  eta: 0:00:52  lr: 0.000010  loss: 98.3547 (98.3547)  time: 2.0977  data: 1.2308  max mem: 0
Epoch: [266]  [24/25]  eta: 0:00:02  lr: 0.000010  loss: 98.3533 (98.3543)  time: 2.1049  data: 1.2383  max mem: 0
Epoch: [266] Total time: 0:00:52 (2.1035 s / it)
  [  0/150]  eta: 0:00:40    time: 0.2672  data: 0.2224  max mem: 0
  [ 40/150]  eta: 0:00:28    time: 0.2630  data: 0.2181  max mem: 0
  [ 80/150]  eta: 0:00:18    time: 0.2548  data: 0.2102  max mem: 0
  [120/150]  eta: 0:00:07    time: 0.2580  data: 0.2133  max mem: 0
  [149/150]  eta: 0:00:00    time: 0.2567  data: 0.2120  max mem: 0
 Total time: 0:00:39 (0.2628 s / it)
tensor(2.0351, device='cuda:1')
Epoch: [267]  [ 0/25]  eta: 0:00:52  lr: 0.000010  loss: 98.3547 (98.3547)  time: 2.0853  data: 1.2189  max mem: 0
Epoch: [267]  [24/25]  eta: 0:00:02  lr: 0.000010  loss: 98.3533 (98.3543)  time: 2.1020  data: 1.2355  max mem: 0
Epoch: [267] Total time: 0:00:52 (2.1009 s / it)
  [  0/150]  eta: 0:00:40    time: 0.2703  data: 0.2254  max mem: 0
  [ 40/150]  eta: 0:00:32    time: 0.2998  data: 0.2549  max mem: 0
  [ 80/150]  eta: 0:00:19    time: 0.2572  data: 0.2125  max mem: 0
  [120/150]  eta: 0:00:08    time: 0.2654  data: 0.2206  max mem: 0
  [149/150]  eta: 0:00:00    time: 0.2567  data: 0.2120  max mem: 0
 Total time: 0:00:40 (0.2690 s / it)
tensor(2.0350, device='cuda:1')
Epoch: [268]  [ 0/25]  eta: 0:00:52  lr: 0.000010  loss: 98.3547 (98.3547)  time: 2.0831  data: 1.2176  max mem: 0
Epoch: [268]  [24/25]  eta: 0:00:02  lr: 0.000010  loss: 98.3533 (98.3542)  time: 2.0999  data: 1.2333  max mem: 0
Epoch: [268] Total time: 0:00:52 (2.0990 s / it)
  [  0/150]  eta: 0:00:39    time: 0.2658  data: 0.2209  max mem: 0
  [ 40/150]  eta: 0:00:28    time: 0.2574  data: 0.2127  max mem: 0
  [ 80/150]  eta: 0:00:18    time: 0.2690  data: 0.2231  max mem: 0
  [120/150]  eta: 0:00:07    time: 0.2564  data: 0.2117  max mem: 0
  [149/150]  eta: 0:00:00    time: 0.2906  data: 0.2457  max mem: 0
 Total time: 0:00:40 (0.2670 s / it)
tensor(2.0361, device='cuda:1')
Epoch: [269]  [ 0/25]  eta: 0:00:52  lr: 0.000010  loss: 98.3546 (98.3546)  time: 2.0977  data: 1.2315  max mem: 0
Epoch: [269]  [24/25]  eta: 0:00:02  lr: 0.000010  loss: 98.3532 (98.3542)  time: 2.1057  data: 1.2391  max mem: 0
Epoch: [269] Total time: 0:00:52 (2.1080 s / it)
  [  0/150]  eta: 0:00:43    time: 0.2926  data: 0.2476  max mem: 0
  [ 40/150]  eta: 0:00:28    time: 0.2600  data: 0.2147  max mem: 0
  [ 80/150]  eta: 0:00:18    time: 0.2578  data: 0.2131  max mem: 0
  [120/150]  eta: 0:00:07    time: 0.2571  data: 0.2124  max mem: 0
  [149/150]  eta: 0:00:00    time: 0.2722  data: 0.2274  max mem: 0
 Total time: 0:00:39 (0.2618 s / it)
tensor(2.0379, device='cuda:1')
Epoch: [270]  [ 0/25]  eta: 0:00:52  lr: 0.000010  loss: 98.3546 (98.3546)  time: 2.0905  data: 1.2236  max mem: 0
Epoch: [270]  [24/25]  eta: 0:00:02  lr: 0.000010  loss: 98.3532 (98.3542)  time: 2.1003  data: 1.2336  max mem: 0
Epoch: [270] Total time: 0:00:52 (2.1022 s / it)
  [  0/150]  eta: 0:00:39    time: 0.2664  data: 0.2217  max mem: 0
  [ 40/150]  eta: 0:00:28    time: 0.2570  data: 0.2123  max mem: 0
  [ 80/150]  eta: 0:00:18    time: 0.2574  data: 0.2128  max mem: 0
  [120/150]  eta: 0:00:07    time: 0.2589  data: 0.2142  max mem: 0
  [149/150]  eta: 0:00:00    time: 0.2591  data: 0.2144  max mem: 0
 Total time: 0:00:38 (0.2579 s / it)
tensor(2.0377, device='cuda:1')
Epoch: [271]  [ 0/25]  eta: 0:00:54  lr: 0.000010  loss: 98.3546 (98.3546)  time: 2.1622  data: 1.2956  max mem: 0
Epoch: [271]  [24/25]  eta: 0:00:02  lr: 0.000010  loss: 98.3532 (98.3542)  time: 2.1024  data: 1.2356  max mem: 0
Epoch: [271] Total time: 0:00:52 (2.1038 s / it)
  [  0/150]  eta: 0:00:40    time: 0.2698  data: 0.2250  max mem: 0
  [ 40/150]  eta: 0:00:28    time: 0.2578  data: 0.2130  max mem: 0
  [ 80/150]  eta: 0:00:18    time: 0.2552  data: 0.2105  max mem: 0
  [120/150]  eta: 0:00:07    time: 0.2599  data: 0.2152  max mem: 0
  [149/150]  eta: 0:00:00    time: 0.2647  data: 0.2199  max mem: 0
 Total time: 0:00:38 (0.2593 s / it)
tensor(2.0389, device='cuda:1')
Epoch: [272]  [ 0/25]  eta: 0:00:52  lr: 0.000010  loss: 98.3546 (98.3546)  time: 2.1152  data: 1.2476  max mem: 0
Epoch: [272]  [24/25]  eta: 0:00:02  lr: 0.000010  loss: 98.3532 (98.3541)  time: 2.1067  data: 1.2398  max mem: 0
Epoch: [272] Total time: 0:00:52 (2.1068 s / it)
  [  0/150]  eta: 0:00:40    time: 0.2668  data: 0.2219  max mem: 0
  [ 40/150]  eta: 0:00:28    time: 0.2562  data: 0.2115  max mem: 0
  [ 80/150]  eta: 0:00:18    time: 0.2576  data: 0.2129  max mem: 0
  [120/150]  eta: 0:00:07    time: 0.2703  data: 0.2255  max mem: 0
  [149/150]  eta: 0:00:00    time: 0.2553  data: 0.2106  max mem: 0
 Total time: 0:00:39 (0.2628 s / it)
tensor(2.0399, device='cuda:1')
Epoch: [273]  [ 0/25]  eta: 0:00:52  lr: 0.000010  loss: 98.3546 (98.3546)  time: 2.0843  data: 1.2172  max mem: 0
Epoch: [273]  [24/25]  eta: 0:00:02  lr: 0.000010  loss: 98.3532 (98.3541)  time: 2.1605  data: 1.2936  max mem: 0
Epoch: [273] Total time: 0:00:53 (2.1485 s / it)
  [  0/150]  eta: 0:00:40    time: 0.2678  data: 0.2230  max mem: 0
  [ 40/150]  eta: 0:00:28    time: 0.2575  data: 0.2128  max mem: 0
  [ 80/150]  eta: 0:00:18    time: 0.2643  data: 0.2195  max mem: 0
  [120/150]  eta: 0:00:08    time: 0.2629  data: 0.2177  max mem: 0
  [149/150]  eta: 0:00:00    time: 0.2603  data: 0.2156  max mem: 0
 Total time: 0:00:39 (0.2664 s / it)
tensor(2.0407, device='cuda:1')
Epoch: [274]  [ 0/25]  eta: 0:00:52  lr: 0.000010  loss: 98.3545 (98.3545)  time: 2.0972  data: 1.2310  max mem: 0
Epoch: [274]  [24/25]  eta: 0:00:02  lr: 0.000010  loss: 98.3531 (98.3541)  time: 2.1131  data: 1.2464  max mem: 0
Epoch: [274] Total time: 0:00:52 (2.1131 s / it)
  [  0/150]  eta: 0:00:40    time: 0.2677  data: 0.2229  max mem: 0
  [ 40/150]  eta: 0:00:28    time: 0.2606  data: 0.2159  max mem: 0
  [ 80/150]  eta: 0:00:18    time: 0.2640  data: 0.2192  max mem: 0
  [120/150]  eta: 0:00:07    time: 0.2591  data: 0.2143  max mem: 0
  [149/150]  eta: 0:00:00    time: 0.2567  data: 0.2120  max mem: 0
 Total time: 0:00:39 (0.2646 s / it)
tensor(2.0423, device='cuda:1')
Epoch: [275]  [ 0/25]  eta: 0:00:52  lr: 0.000010  loss: 98.3545 (98.3545)  time: 2.0936  data: 1.2264  max mem: 0
Epoch: [275]  [24/25]  eta: 0:00:02  lr: 0.000010  loss: 98.3531 (98.3541)  time: 2.1162  data: 1.2498  max mem: 0
Epoch: [275] Total time: 0:00:52 (2.1151 s / it)
  [  0/150]  eta: 0:00:39    time: 0.2657  data: 0.2209  max mem: 0
  [ 40/150]  eta: 0:00:29    time: 0.2659  data: 0.2206  max mem: 0
  [ 80/150]  eta: 0:00:19    time: 0.2676  data: 0.2229  max mem: 0
  [120/150]  eta: 0:00:08    time: 0.2572  data: 0.2125  max mem: 0
  [149/150]  eta: 0:00:00    time: 0.2996  data: 0.2547  max mem: 0
 Total time: 0:00:41 (0.2771 s / it)
tensor(2.0436, device='cuda:1')
Epoch: [276]  [ 0/25]  eta: 0:00:52  lr: 0.000010  loss: 98.3545 (98.3545)  time: 2.1041  data: 1.2371  max mem: 0
Epoch: [276]  [24/25]  eta: 0:00:02  lr: 0.000010  loss: 98.3531 (98.3541)  time: 2.1096  data: 1.2430  max mem: 0
Epoch: [276] Total time: 0:00:52 (2.1095 s / it)
  [  0/150]  eta: 0:00:40    time: 0.2675  data: 0.2227  max mem: 0
  [ 40/150]  eta: 0:00:28    time: 0.2558  data: 0.2111  max mem: 0
  [ 80/150]  eta: 0:00:18    time: 0.2586  data: 0.2139  max mem: 0
  [120/150]  eta: 0:00:07    time: 0.2620  data: 0.2167  max mem: 0
  [149/150]  eta: 0:00:00    time: 0.2578  data: 0.2131  max mem: 0
 Total time: 0:00:38 (0.2588 s / it)
tensor(2.0446, device='cuda:1')
Epoch: [277]  [ 0/25]  eta: 0:00:52  lr: 0.000010  loss: 98.3545 (98.3545)  time: 2.0968  data: 1.2300  max mem: 0
Epoch: [277]  [24/25]  eta: 0:00:02  lr: 0.000010  loss: 98.3531 (98.3540)  time: 2.1016  data: 1.2351  max mem: 0
Epoch: [277] Total time: 0:00:52 (2.1010 s / it)
  [  0/150]  eta: 0:00:39    time: 0.2664  data: 0.2217  max mem: 0
  [ 40/150]  eta: 0:00:28    time: 0.2581  data: 0.2134  max mem: 0
  [ 80/150]  eta: 0:00:18    time: 0.2595  data: 0.2148  max mem: 0
  [120/150]  eta: 0:00:07    time: 0.2598  data: 0.2145  max mem: 0
  [149/150]  eta: 0:00:00    time: 0.2850  data: 0.2402  max mem: 0
 Total time: 0:00:39 (0.2630 s / it)
tensor(2.0455, device='cuda:1')
Epoch: [278]  [ 0/25]  eta: 0:00:52  lr: 0.000010  loss: 98.3544 (98.3544)  time: 2.0822  data: 1.2167  max mem: 0
Epoch: [278]  [24/25]  eta: 0:00:02  lr: 0.000010  loss: 98.3531 (98.3540)  time: 2.1000  data: 1.2333  max mem: 0
Epoch: [278] Total time: 0:00:52 (2.0985 s / it)
  [  0/150]  eta: 0:00:39    time: 0.2644  data: 0.2197  max mem: 0
  [ 40/150]  eta: 0:00:28    time: 0.2575  data: 0.2128  max mem: 0
  [ 80/150]  eta: 0:00:18    time: 0.2603  data: 0.2155  max mem: 0
  [120/150]  eta: 0:00:07    time: 0.2982  data: 0.2533  max mem: 0
  [149/150]  eta: 0:00:00    time: 0.2809  data: 0.2361  max mem: 0
 Total time: 0:00:40 (0.2691 s / it)
tensor(2.0454, device='cuda:1')
Epoch: [279]  [ 0/25]  eta: 0:00:53  lr: 0.000010  loss: 98.3544 (98.3544)  time: 2.1409  data: 1.2743  max mem: 0
Epoch: [279]  [24/25]  eta: 0:00:02  lr: 0.000010  loss: 98.3531 (98.3540)  time: 2.1105  data: 1.2439  max mem: 0
Epoch: [279] Total time: 0:00:52 (2.1098 s / it)
  [  0/150]  eta: 0:00:39    time: 0.2657  data: 0.2209  max mem: 0
  [ 40/150]  eta: 0:00:28    time: 0.2580  data: 0.2133  max mem: 0
  [ 80/150]  eta: 0:00:18    time: 0.2573  data: 0.2126  max mem: 0
  [120/150]  eta: 0:00:07    time: 0.2579  data: 0.2132  max mem: 0
  [149/150]  eta: 0:00:00    time: 0.2572  data: 0.2125  max mem: 0
 Total time: 0:00:38 (0.2578 s / it)
tensor(2.0462, device='cuda:1')
Epoch: [280]  [ 0/25]  eta: 0:00:52  lr: 0.000010  loss: 98.3544 (98.3544)  time: 2.0969  data: 1.2312  max mem: 0
Epoch: [280]  [24/25]  eta: 0:00:02  lr: 0.000010  loss: 98.3531 (98.3540)  time: 2.1131  data: 1.2466  max mem: 0
Epoch: [280] Total time: 0:00:52 (2.1134 s / it)
  [  0/150]  eta: 0:00:39    time: 0.2656  data: 0.2208  max mem: 0
  [ 40/150]  eta: 0:00:28    time: 0.2622  data: 0.2170  max mem: 0
  [ 80/150]  eta: 0:00:18    time: 0.2713  data: 0.2260  max mem: 0
  [120/150]  eta: 0:00:07    time: 0.2709  data: 0.2247  max mem: 0
  [149/150]  eta: 0:00:00    time: 0.2557  data: 0.2110  max mem: 0
 Total time: 0:00:39 (0.2646 s / it)
tensor(2.0477, device='cuda:1')
Epoch: [281]  [ 0/25]  eta: 0:00:52  lr: 0.000010  loss: 98.3544 (98.3544)  time: 2.0973  data: 1.2306  max mem: 0
Epoch: [281]  [24/25]  eta: 0:00:02  lr: 0.000010  loss: 98.3530 (98.3539)  time: 2.1318  data: 1.2649  max mem: 0
Epoch: [281] Total time: 0:00:53 (2.1249 s / it)
  [  0/150]  eta: 0:00:39    time: 0.2651  data: 0.2203  max mem: 0
  [ 40/150]  eta: 0:00:29    time: 0.2575  data: 0.2128  max mem: 0
  [ 80/150]  eta: 0:00:18    time: 0.2589  data: 0.2142  max mem: 0
  [120/150]  eta: 0:00:08    time: 0.2804  data: 0.2356  max mem: 0
  [149/150]  eta: 0:00:00    time: 0.2559  data: 0.2113  max mem: 0
 Total time: 0:00:39 (0.2654 s / it)
tensor(2.0492, device='cuda:1')
Epoch: [282]  [ 0/25]  eta: 0:00:52  lr: 0.000010  loss: 98.3544 (98.3544)  time: 2.0868  data: 1.2212  max mem: 0
Epoch: [282]  [24/25]  eta: 0:00:02  lr: 0.000010  loss: 98.3530 (98.3539)  time: 2.1087  data: 1.2420  max mem: 0
Epoch: [282] Total time: 0:00:52 (2.1064 s / it)
  [  0/150]  eta: 0:00:39    time: 0.2648  data: 0.2201  max mem: 0
  [ 40/150]  eta: 0:00:29    time: 0.2656  data: 0.2209  max mem: 0
  [ 80/150]  eta: 0:00:19    time: 0.2941  data: 0.2488  max mem: 0
  [120/150]  eta: 0:00:08    time: 0.2774  data: 0.2326  max mem: 0
  [149/150]  eta: 0:00:00    time: 0.2570  data: 0.2123  max mem: 0
 Total time: 0:00:40 (0.2725 s / it)
tensor(2.0498, device='cuda:1')
Epoch: [283]  [ 0/25]  eta: 0:00:52  lr: 0.000010  loss: 98.3543 (98.3543)  time: 2.0919  data: 1.2257  max mem: 0
Epoch: [283]  [24/25]  eta: 0:00:02  lr: 0.000010  loss: 98.3530 (98.3539)  time: 2.1305  data: 1.2640  max mem: 0
Epoch: [283] Total time: 0:00:53 (2.1263 s / it)
  [  0/150]  eta: 0:00:40    time: 0.2680  data: 0.2232  max mem: 0
  [ 40/150]  eta: 0:00:28    time: 0.2555  data: 0.2108  max mem: 0
  [ 80/150]  eta: 0:00:18    time: 0.2599  data: 0.2152  max mem: 0
  [120/150]  eta: 0:00:07    time: 0.2555  data: 0.2108  max mem: 0
  [149/150]  eta: 0:00:00    time: 0.2564  data: 0.2117  max mem: 0
 Total time: 0:00:38 (0.2572 s / it)
tensor(2.0505, device='cuda:1')
Epoch: [284]  [ 0/25]  eta: 0:00:52  lr: 0.000010  loss: 98.3543 (98.3543)  time: 2.0926  data: 1.2265  max mem: 0
Epoch: [284]  [24/25]  eta: 0:00:02  lr: 0.000010  loss: 98.3530 (98.3539)  time: 2.1021  data: 1.2357  max mem: 0
Epoch: [284] Total time: 0:00:52 (2.1021 s / it)
  [  0/150]  eta: 0:00:39    time: 0.2643  data: 0.2195  max mem: 0
  [ 40/150]  eta: 0:00:28    time: 0.2567  data: 0.2120  max mem: 0
  [ 80/150]  eta: 0:00:18    time: 0.2627  data: 0.2174  max mem: 0
  [120/150]  eta: 0:00:07    time: 0.2574  data: 0.2127  max mem: 0
  [149/150]  eta: 0:00:00    time: 0.2849  data: 0.2390  max mem: 0
 Total time: 0:00:39 (0.2621 s / it)
tensor(2.0510, device='cuda:1')
Epoch: [285]  [ 0/25]  eta: 0:00:55  lr: 0.000010  loss: 98.3543 (98.3543)  time: 2.2295  data: 1.3634  max mem: 0
Epoch: [285]  [24/25]  eta: 0:00:02  lr: 0.000010  loss: 98.3530 (98.3539)  time: 2.1100  data: 1.2433  max mem: 0
Epoch: [285] Total time: 0:00:53 (2.1374 s / it)
  [  0/150]  eta: 0:00:39    time: 0.2651  data: 0.2203  max mem: 0
  [ 40/150]  eta: 0:00:28    time: 0.2566  data: 0.2119  max mem: 0
  [ 80/150]  eta: 0:00:18    time: 0.2664  data: 0.2207  max mem: 0
  [120/150]  eta: 0:00:07    time: 0.2561  data: 0.2114  max mem: 0
  [149/150]  eta: 0:00:00    time: 0.2848  data: 0.2390  max mem: 0
 Total time: 0:00:39 (0.2656 s / it)
tensor(2.0538, device='cuda:1')
Epoch: [286]  [ 0/25]  eta: 0:00:52  lr: 0.000010  loss: 98.3543 (98.3543)  time: 2.0959  data: 1.2292  max mem: 0
Epoch: [286]  [24/25]  eta: 0:00:02  lr: 0.000010  loss: 98.3530 (98.3538)  time: 2.1172  data: 1.2505  max mem: 0
Epoch: [286] Total time: 0:00:52 (2.1166 s / it)
  [  0/150]  eta: 0:00:40    time: 0.2673  data: 0.2225  max mem: 0
  [ 40/150]  eta: 0:00:28    time: 0.2566  data: 0.2119  max mem: 0
  [ 80/150]  eta: 0:00:18    time: 0.2577  data: 0.2130  max mem: 0
  [120/150]  eta: 0:00:07    time: 0.2606  data: 0.2159  max mem: 0
  [149/150]  eta: 0:00:00    time: 0.2669  data: 0.2221  max mem: 0
 Total time: 0:00:38 (0.2596 s / it)
tensor(2.0558, device='cuda:1')
Epoch: [287]  [ 0/25]  eta: 0:00:52  lr: 0.000010  loss: 98.3542 (98.3542)  time: 2.0891  data: 1.2236  max mem: 0
Epoch: [287]  [24/25]  eta: 0:00:02  lr: 0.000010  loss: 98.3529 (98.3538)  time: 2.1027  data: 1.2365  max mem: 0
Epoch: [287] Total time: 0:00:52 (2.1015 s / it)
  [  0/150]  eta: 0:00:39    time: 0.2666  data: 0.2217  max mem: 0
  [ 40/150]  eta: 0:00:30    time: 0.3032  data: 0.2582  max mem: 0
  [ 80/150]  eta: 0:00:19    time: 0.2762  data: 0.2314  max mem: 0
  [120/150]  eta: 0:00:08    time: 0.2579  data: 0.2132  max mem: 0
  [149/150]  eta: 0:00:00    time: 0.2578  data: 0.2131  max mem: 0
 Total time: 0:00:39 (0.2664 s / it)
tensor(2.0561, device='cuda:1')
Epoch: [288]  [ 0/25]  eta: 0:00:53  lr: 0.000010  loss: 98.3542 (98.3542)  time: 2.1303  data: 1.2639  max mem: 0
Epoch: [288]  [24/25]  eta: 0:00:02  lr: 0.000010  loss: 98.3529 (98.3538)  time: 2.1019  data: 1.2355  max mem: 0
Epoch: [288] Total time: 0:00:52 (2.1027 s / it)
  [  0/150]  eta: 0:00:39    time: 0.2646  data: 0.2198  max mem: 0
  [ 40/150]  eta: 0:00:28    time: 0.2627  data: 0.2179  max mem: 0
  [ 80/150]  eta: 0:00:17    time: 0.2547  data: 0.2100  max mem: 0
  [120/150]  eta: 0:00:07    time: 0.2900  data: 0.2452  max mem: 0
  [149/150]  eta: 0:00:00    time: 0.2557  data: 0.2110  max mem: 0
 Total time: 0:00:39 (0.2617 s / it)
tensor(2.0575, device='cuda:1')
Epoch: [289]  [ 0/25]  eta: 0:00:52  lr: 0.000010  loss: 98.3542 (98.3542)  time: 2.0814  data: 1.2151  max mem: 0
Epoch: [289]  [24/25]  eta: 0:00:02  lr: 0.000010  loss: 98.3529 (98.3538)  time: 2.1600  data: 1.2934  max mem: 0
Epoch: [289] Total time: 0:00:53 (2.1465 s / it)
  [  0/150]  eta: 0:00:39    time: 0.2653  data: 0.2205  max mem: 0
  [ 40/150]  eta: 0:00:31    time: 0.2833  data: 0.2385  max mem: 0
  [ 80/150]  eta: 0:00:19    time: 0.2824  data: 0.2376  max mem: 0
  [120/150]  eta: 0:00:08    time: 0.2776  data: 0.2329  max mem: 0
  [149/150]  eta: 0:00:00    time: 0.2591  data: 0.2144  max mem: 0
 Total time: 0:00:41 (0.2740 s / it)
tensor(2.0587, device='cuda:1')
Epoch: [290]  [ 0/25]  eta: 0:00:52  lr: 0.000010  loss: 98.3542 (98.3542)  time: 2.0844  data: 1.2175  max mem: 0
Epoch: [290]  [24/25]  eta: 0:00:02  lr: 0.000010  loss: 98.3529 (98.3538)  time: 2.0983  data: 1.2317  max mem: 0
Epoch: [290] Total time: 0:00:52 (2.0977 s / it)
  [  0/150]  eta: 0:00:39    time: 0.2649  data: 0.2201  max mem: 0
  [ 40/150]  eta: 0:00:28    time: 0.2566  data: 0.2119  max mem: 0
  [ 80/150]  eta: 0:00:17    time: 0.2563  data: 0.2117  max mem: 0
  [120/150]  eta: 0:00:07    time: 0.2573  data: 0.2126  max mem: 0
  [149/150]  eta: 0:00:00    time: 0.2563  data: 0.2116  max mem: 0
 Total time: 0:00:38 (0.2564 s / it)
tensor(2.0597, device='cuda:1')
Epoch: [291]  [ 0/25]  eta: 0:00:52  lr: 0.000010  loss: 98.3542 (98.3542)  time: 2.0842  data: 1.2172  max mem: 0
Epoch: [291]  [24/25]  eta: 0:00:02  lr: 0.000010  loss: 98.3528 (98.3537)  time: 2.0999  data: 1.2336  max mem: 0
Epoch: [291] Total time: 0:00:52 (2.0983 s / it)
  [  0/150]  eta: 0:00:39    time: 0.2651  data: 0.2202  max mem: 0
  [ 40/150]  eta: 0:00:28    time: 0.2579  data: 0.2132  max mem: 0
  [ 80/150]  eta: 0:00:18    time: 0.2589  data: 0.2142  max mem: 0
  [120/150]  eta: 0:00:08    time: 0.2828  data: 0.2380  max mem: 0
  [149/150]  eta: 0:00:00    time: 0.2586  data: 0.2139  max mem: 0
 Total time: 0:00:40 (0.2683 s / it)
tensor(2.0630, device='cuda:1')
Epoch: [292]  [ 0/25]  eta: 0:00:52  lr: 0.000010  loss: 98.3541 (98.3541)  time: 2.0967  data: 1.2308  max mem: 0
Epoch: [292]  [24/25]  eta: 0:00:02  lr: 0.000010  loss: 98.3528 (98.3537)  time: 2.1407  data: 1.2743  max mem: 0
Epoch: [292] Total time: 0:00:53 (2.1343 s / it)
  [  0/150]  eta: 0:00:39    time: 0.2666  data: 0.2218  max mem: 0
  [ 40/150]  eta: 0:00:28    time: 0.2673  data: 0.2226  max mem: 0
  [ 80/150]  eta: 0:00:18    time: 0.2659  data: 0.2209  max mem: 0
  [120/150]  eta: 0:00:07    time: 0.2563  data: 0.2116  max mem: 0
  [149/150]  eta: 0:00:00    time: 0.2624  data: 0.2177  max mem: 0
 Total time: 0:00:39 (0.2648 s / it)
tensor(2.0632, device='cuda:1')
Epoch: [293]  [ 0/25]  eta: 0:00:52  lr: 0.000010  loss: 98.3541 (98.3541)  time: 2.0897  data: 1.2241  max mem: 0
Epoch: [293]  [24/25]  eta: 0:00:02  lr: 0.000010  loss: 98.3528 (98.3537)  time: 2.1231  data: 1.2565  max mem: 0
Epoch: [293] Total time: 0:00:53 (2.1221 s / it)
  [  0/150]  eta: 0:00:40    time: 0.2668  data: 0.2220  max mem: 0
  [ 40/150]  eta: 0:00:28    time: 0.2589  data: 0.2143  max mem: 0
  [ 80/150]  eta: 0:00:18    time: 0.2850  data: 0.2401  max mem: 0
  [120/150]  eta: 0:00:07    time: 0.2640  data: 0.2191  max mem: 0
  [149/150]  eta: 0:00:00    time: 0.2637  data: 0.2188  max mem: 0
 Total time: 0:00:39 (0.2646 s / it)
tensor(2.0650, device='cuda:1')
Epoch: [294]  [ 0/25]  eta: 0:00:52  lr: 0.000010  loss: 98.3541 (98.3541)  time: 2.1107  data: 1.2433  max mem: 0
Epoch: [294]  [24/25]  eta: 0:00:02  lr: 0.000010  loss: 98.3528 (98.3537)  time: 2.1105  data: 1.2432  max mem: 0
Epoch: [294] Total time: 0:00:52 (2.1102 s / it)
  [  0/150]  eta: 0:00:39    time: 0.2663  data: 0.2212  max mem: 0
  [ 40/150]  eta: 0:00:28    time: 0.2582  data: 0.2135  max mem: 0
  [ 80/150]  eta: 0:00:18    time: 0.2577  data: 0.2129  max mem: 0
  [120/150]  eta: 0:00:07    time: 0.2587  data: 0.2139  max mem: 0
  [149/150]  eta: 0:00:00    time: 0.2572  data: 0.2124  max mem: 0
 Total time: 0:00:38 (0.2580 s / it)
tensor(2.0621, device='cuda:1')
Epoch: [295]  [ 0/25]  eta: 0:00:52  lr: 0.000010  loss: 98.3541 (98.3541)  time: 2.0968  data: 1.2295  max mem: 0
Epoch: [295]  [24/25]  eta: 0:00:02  lr: 0.000010  loss: 98.3528 (98.3536)  time: 2.1088  data: 1.2420  max mem: 0
Epoch: [295] Total time: 0:00:52 (2.1081 s / it)
  [  0/150]  eta: 0:00:39    time: 0.2654  data: 0.2205  max mem: 0
  [ 40/150]  eta: 0:00:28    time: 0.2577  data: 0.2130  max mem: 0
  [ 80/150]  eta: 0:00:18    time: 0.2828  data: 0.2373  max mem: 0
  [120/150]  eta: 0:00:08    time: 0.3105  data: 0.2647  max mem: 0
  [149/150]  eta: 0:00:00    time: 0.3337  data: 0.2879  max mem: 0
 Total time: 0:00:42 (0.2835 s / it)
tensor(2.0628, device='cuda:1')
Epoch: [296]  [ 0/25]  eta: 0:00:52  lr: 0.000010  loss: 98.3540 (98.3540)  time: 2.1118  data: 1.2444  max mem: 0
Epoch: [296]  [24/25]  eta: 0:00:02  lr: 0.000010  loss: 98.3528 (98.3536)  time: 2.1169  data: 1.2500  max mem: 0
Epoch: [296] Total time: 0:00:53 (2.1211 s / it)
  [  0/150]  eta: 0:00:39    time: 0.2645  data: 0.2196  max mem: 0
  [ 40/150]  eta: 0:00:28    time: 0.2572  data: 0.2124  max mem: 0
  [ 80/150]  eta: 0:00:18    time: 0.2569  data: 0.2121  max mem: 0
  [120/150]  eta: 0:00:07    time: 0.2563  data: 0.2116  max mem: 0
  [149/150]  eta: 0:00:00    time: 0.2583  data: 0.2135  max mem: 0
 Total time: 0:00:39 (0.2619 s / it)
tensor(2.0637, device='cuda:1')
Epoch: [297]  [ 0/25]  eta: 0:00:52  lr: 0.000010  loss: 98.3540 (98.3540)  time: 2.1145  data: 1.2476  max mem: 0
Epoch: [297]  [24/25]  eta: 0:00:02  lr: 0.000010  loss: 98.3527 (98.3536)  time: 2.1248  data: 1.2582  max mem: 0
Epoch: [297] Total time: 0:00:53 (2.1239 s / it)
  [  0/150]  eta: 0:00:40    time: 0.2667  data: 0.2219  max mem: 0
  [ 40/150]  eta: 0:00:28    time: 0.2597  data: 0.2150  max mem: 0
  [ 80/150]  eta: 0:00:18    time: 0.2684  data: 0.2237  max mem: 0
  [120/150]  eta: 0:00:08    time: 0.2852  data: 0.2404  max mem: 0
  [149/150]  eta: 0:00:00    time: 0.2680  data: 0.2227  max mem: 0
 Total time: 0:00:41 (0.2753 s / it)
tensor(2.0659, device='cuda:1')
Epoch: [298]  [ 0/25]  eta: 0:00:52  lr: 0.000010  loss: 98.3540 (98.3540)  time: 2.0959  data: 1.2301  max mem: 0
Epoch: [298]  [24/25]  eta: 0:00:02  lr: 0.000010  loss: 98.3527 (98.3536)  time: 2.3499  data: 1.4823  max mem: 0
Epoch: [298] Total time: 0:00:57 (2.3013 s / it)
  [  0/150]  eta: 0:00:39    time: 0.2646  data: 0.2198  max mem: 0
  [ 40/150]  eta: 0:00:28    time: 0.2650  data: 0.2201  max mem: 0
  [ 80/150]  eta: 0:00:18    time: 0.2775  data: 0.2327  max mem: 0
  [120/150]  eta: 0:00:07    time: 0.2575  data: 0.2128  max mem: 0
  [149/150]  eta: 0:00:00    time: 0.2984  data: 0.2536  max mem: 0
 Total time: 0:00:40 (0.2691 s / it)
tensor(2.0662, device='cuda:1')
Epoch: [299]  [ 0/25]  eta: 0:00:58  lr: 0.000010  loss: 98.3540 (98.3540)  time: 2.3587  data: 1.4911  max mem: 0
Epoch: [299]  [24/25]  eta: 0:00:02  lr: 0.000010  loss: 98.3527 (98.3536)  time: 2.2390  data: 1.3715  max mem: 0
Epoch: [299] Total time: 0:00:56 (2.2779 s / it)
  [  0/150]  eta: 0:00:39    time: 0.2662  data: 0.2214  max mem: 0
  [ 40/150]  eta: 0:00:29    time: 0.2723  data: 0.2262  max mem: 0
  [ 80/150]  eta: 0:00:18    time: 0.2664  data: 0.2216  max mem: 0
  [120/150]  eta: 0:00:08    time: 0.2716  data: 0.2267  max mem: 0
  [149/150]  eta: 0:00:00    time: 0.2611  data: 0.2164  max mem: 0
 Total time: 0:00:40 (0.2694 s / it)
tensor(2.0664, device='cuda:1')
